,date,PM2.5,SO2,NO2
0,2018-01-01,34.16149367088608,6.74176322418136,20.99689973614776
1,2018-02-01,34.16149367088608,6.74176322418136,20.99689973614776
2,2018-03-01,34.16149367088608,6.74176322418136,20.99689973614776
3,2018-04-01,34.16149367088608,6.74176322418136,20.99689973614776
4,2018-05-01,34.16149367088608,6.74176322418136,20.99689973614776
5,2018-06-01,34.16149367088608,6.74176322418136,20.99689973614776
6,2018-07-01,34.16149367088608,6.74176322418136,20.99689973614776
7,2018-08-01,34.16149367088608,6.74176322418136,20.99689973614776
8,2018-09-01,38.25,4.86,12.93
9,2018-10-01,35.4,2.46,9.75
10,2018-11-01,96.43,5.15,14.86
11,2018-12-01,35.19,3.31,23.76
12,2018-01-13,33.12,3.75,26.51
13,2018-01-14,38.66,2.89,29.71
14,2018-01-15,36.88,3.39,17.65
15,2018-01-16,41.63,3.32,37.51
16,2018-01-17,43.67,3.61,36.36
17,2018-01-18,34.13,5.01,33.65
18,2018-01-19,33.66,4.38,23.39
19,2018-01-20,31.48,4.45,19.31
20,2018-01-21,36.84,4.27,14.52
21,2018-01-22,46.05,3.78,19.73
22,2018-01-23,50.7,4.95,28.32
23,2018-01-24,47.71,5.73,48.15
24,2018-01-25,45.28,7.68,27.93
25,2018-01-26,42.3,8.36,15.84
26,2018-01-27,51.77,6.85,29.22
27,2018-01-28,40.52,7.37,17.82
28,2018-01-29,38.34,7.26,22.34
29,2018-01-30,82.87,6.52,25.53
30,2018-01-31,38.78,6.75,26.2
31,2018-01-02,33.82,8.96,48.16
32,2018-02-02,32.1,8.38,31.92
33,2018-03-02,34.98,8.93,22.56
34,2018-04-02,28.24,3.35,20.01
35,2018-05-02,28.25,3.18,26.81
36,2018-06-02,35.03,2.88,19.68
37,2018-07-02,29.66,2.43,29.78
38,2018-08-02,28.08,3.2,52.0
39,2018-09-02,28.89,2.06,43.42
40,2018-10-02,26.47,1.82,31.94
41,2018-11-02,24.9,3.16,10.08
42,2018-12-02,23.1,2.38,10.68
43,2018-02-13,33.5,1.97,11.36
44,2018-02-14,34.02,1.58,10.53
45,2018-02-15,28.66,1.2,11.96
46,2018-02-16,27.23,2.38,26.81
47,2018-02-17,30.45,4.99,40.49
48,2018-02-18,26.22,3.36,16.99
49,2018-02-19,26.48,3.36,22.73
50,2018-02-20,28.66,3.74,21.21
51,2018-02-21,31.76,3.85,30.09
52,2018-02-22,35.26,4.03,39.12
53,2018-02-23,27.63,4.58,29.94
54,2018-02-24,21.72,3.92,12.01
55,2018-02-25,19.88,3.71,9.57
56,2018-02-26,16.25,3.45,20.2
57,2018-02-27,22.74,4.9,19.54
58,2018-02-28,25.03,3.96,32.45
59,2018-01-03,28.72,3.75,25.13
60,2018-02-03,29.04,3.86,39.28
61,2018-03-03,28.87,3.35,37.26
62,2018-04-03,27.79,4.31,22.45
63,2018-05-03,20.78,4.47,37.33
64,2018-06-03,20.06,5.21,32.22
65,2018-07-03,23.38,4.65,17.6
66,2018-08-03,39.53,4.55,20.61
67,2018-09-03,52.83,4.22,49.11
68,2018-10-03,57.83,4.53,36.16
69,2018-11-03,42.43,4.14,16.06
70,2018-12-03,34.16,4.65,8.89
71,2018-03-13,15.74,4.5,11.33
72,2018-03-14,31.08,4.72,13.47
73,2018-03-15,24.57,4.14,24.33
74,2018-03-16,19.92,4.35,33.5
75,2018-03-17,22.44,4.2,32.54
76,2018-03-18,22.18,4.36,12.46
77,2018-03-19,32.12,4.11,19.19
78,2018-03-20,48.9,3.92,29.29
79,2018-03-21,51.7,3.63,29.18
80,2018-03-22,41.23,3.87,72.16
81,2018-03-23,53.4,3.73,85.34
82,2018-03-24,47.83,3.67,20.07
83,2018-03-25,53.56,4.08,19.94
84,2018-03-26,34.16149367088608,6.74176322418136,20.99689973614776
85,2018-03-27,3.97,4.242,3.92
86,2018-03-28,34.16149367088608,6.74176322418136,20.99689973614776
87,2018-03-29,34.16149367088608,6.74176322418136,20.99689973614776
88,2018-03-30,34.16149367088608,6.74176322418136,20.99689973614776
89,2018-03-31,34.16149367088608,6.74176322418136,20.99689973614776
90,2018-01-04,34.16149367088608,6.74176322418136,20.99689973614776
91,2018-02-04,34.16149367088608,6.74176322418136,20.99689973614776
92,2018-03-04,34.16149367088608,6.74176322418136,20.99689973614776
93,2018-04-04,34.16149367088608,6.74176322418136,20.99689973614776
94,2018-05-04,34.16149367088608,6.74176322418136,20.99689973614776
95,2018-06-04,34.16149367088608,6.74176322418136,20.99689973614776
96,2018-07-04,34.16149367088608,6.74176322418136,20.99689973614776
97,2018-08-04,34.16149367088608,6.74176322418136,20.99689973614776
98,2018-09-04,34.16149367088608,6.74176322418136,20.99689973614776
99,2018-10-04,34.16149367088608,6.74176322418136,20.99689973614776
100,2018-11-04,34.16149367088608,6.74176322418136,20.99689973614776
101,2018-12-04,34.16149367088608,6.74176322418136,20.99689973614776
102,2018-04-13,34.16149367088608,6.74176322418136,20.99689973614776
103,2018-04-14,34.16149367088608,6.74176322418136,20.99689973614776
104,2018-04-15,34.16149367088608,6.74176322418136,20.99689973614776
105,2018-04-16,43.216,6.9799999999999995,9.11
106,2018-04-17,34.16149367088608,6.74176322418136,20.99689973614776
107,2018-04-18,34.16149367088608,6.74176322418136,20.99689973614776
108,2018-04-19,34.16149367088608,6.74176322418136,20.99689973614776
109,2018-04-20,5.12,5.942,16.1
110,2018-04-21,34.16149367088608,6.74176322418136,20.99689973614776
111,2018-04-22,34.16149367088608,6.74176322418136,20.99689973614776
112,2018-04-23,2.45,4.064,11.193999999999999
113,2018-04-24,32.48,2.39,17.88
114,2018-04-25,46.02,4.76,53.69
115,2018-04-26,53.51,5.72,24.5
116,2018-04-27,44.98,5.26,20.95
117,2018-04-28,50.21,5.56,23.0
118,2018-04-29,58.15,6.01,28.64
119,2018-04-30,219.78,5.78,23.37
120,2018-01-05,40.06,6.23,18.09
121,2018-02-05,65.64,8.44,25.2
122,2018-03-05,41.28,5.78,34.13
123,2018-04-05,41.24,6.15,30.18
124,2018-05-05,61.07,4.39,34.19
125,2018-06-05,81.92,5.72,23.03
126,2018-07-05,56.58,5.17,62.89
127,2018-08-05,51.66,5.98,31.35
128,2018-09-05,34.42,5.75,27.09
129,2018-10-05,28.12,5.07,28.58
130,2018-11-05,20.94,5.51,39.24
131,2018-12-05,30.19,4.57,23.1
132,2018-05-13,28.23,5.74,27.28
133,2018-05-14,38.09,7.12,46.97
134,2018-05-15,40.48,6.16,41.62
135,2018-05-16,39.74,6.28,33.87
136,2018-05-17,43.93,5.09,23.76
137,2018-05-18,52.38,4.02,48.94
138,2018-05-19,51.26,4.37,45.17
139,2018-05-20,55.87,5.25,19.62
140,2018-05-21,44.19,4.54,50.49
141,2018-05-22,46.46,4.14,52.22
142,2018-05-23,62.79,6.02,45.9
143,2018-05-24,37.99,6.27,51.11
144,2018-05-25,53.01,6.02,35.9
145,2018-05-26,39.21,4.77,36.87
146,2018-05-27,39.7,4.4,19.48
147,2018-05-28,29.28,5.31,13.29
148,2018-05-29,22.96,4.98,12.46
149,2018-05-30,65.9,4.68,36.46
150,2018-05-31,50.81,4.76,25.1
151,2018-01-06,63.3,4.72,35.68
152,2018-02-06,80.03,4.97,52.91
153,2018-03-06,61.06,4.93,27.66
154,2018-04-06,40.12,5.26,22.61
155,2018-05-06,35.65,5.61,18.14
156,2018-06-06,35.9,5.27,20.16
157,2018-07-06,41.28,7.01,10.22
158,2018-08-06,29.27,8.52,9.19
159,2018-09-06,29.04,6.05,11.73
160,2018-10-06,39.37,5.97,6.63
161,2018-11-06,34.58,5.33,14.14
162,2018-12-06,30.75,6.14,4.68
163,2018-06-13,32.35,6.37,12.19
164,2018-06-14,20.18,6.08,15.24
165,2018-06-15,8.92,6.66,20.16
166,2018-06-16,60.31,6.34,33.8
167,2018-06-17,18.91,8.52,13.48
168,2018-06-18,34.16149367088608,6.74176322418136,20.99689973614776
169,2018-06-19,34.16149367088608,6.74176322418136,20.99689973614776
170,2018-06-20,11.44,6.92,17.65
171,2018-06-21,12.32,6.5,26.92
172,2018-06-22,19.4,6.12,93.17
173,2018-06-23,17.93,5.88,52.45
174,2018-06-24,24.21,6.0,13.75
175,2018-06-25,123.25,6.29,19.51
176,2018-06-26,28.36,6.85,18.81
177,2018-06-27,5.43,7.43,20.83
178,2018-06-28,4.8,6.48,30.38
179,2018-06-29,6.75,6.59,24.75
180,2018-06-30,8.55,7.56,72.52
181,2018-01-07,12.63,6.47,89.05
182,2018-02-07,14.56,14.65,99.86
183,2018-03-07,21.52,8.31,178.86
184,2018-04-07,17.82,6.74,17.25
185,2018-05-07,20.03,6.59,15.943999999999999
186,2018-06-07,22.13,8.55,21.158
187,2018-07-07,18.16,6.07,25.718
188,2018-08-07,13.65,5.36,20.088
189,2018-09-07,31.01,5.8,24.992
190,2018-10-07,27.69,5.23,19.254
191,2018-11-07,19.2,5.99,36.872
192,2018-12-07,26.98,8.61,25.592000000000002
193,2018-07-13,15.99,5.97,14.5
194,2018-07-14,23.46,6.5,25.604000000000003
195,2018-07-15,17.57,5.57,17.306
196,2018-07-16,42.33,5.71,23.28
197,2018-07-17,10.76,6.28,27.59
198,2018-07-18,10.4,3.11,9.12
199,2018-07-19,5.73,2.33,9.39
200,2018-07-20,2.76,3.04,9.2
201,2018-07-21,3.1,3.19,9.41
202,2018-07-22,5.62,3.49,9.15
203,2018-07-23,9.11,3.1,9.47
204,2018-07-24,3.37,2.99,9.33
205,2018-07-25,7.57,2.74,9.41
206,2018-07-26,16.72,2.52,9.21
207,2018-07-27,22.29,2.01,9.25
208,2018-07-28,14.37,1.43,9.32
209,2018-07-29,16.96,1.93,9.24
210,2018-07-30,30.42,2.31,11.41
211,2018-07-31,11.84,2.97,9.57
212,2018-01-08,19.36,2.9,10.95
213,2018-02-08,13.21,2.94,9.1
214,2018-03-08,31.95,2.51,10.8
215,2018-04-08,21.21,1.91,11.98
216,2018-05-08,18.29,2.9,10.4
217,2018-06-08,24.96,2.75,12.94
218,2018-07-08,16.84,2.95,10.23
219,2018-08-08,13.64,3.59,11.46
220,2018-09-08,11.68,2.91,10.49
221,2018-10-08,34.16149367088608,6.74176322418136,20.99689973614776
222,2018-11-08,56.66,4.68,15.1
223,2018-12-08,4.97,4.15,12.97
224,2018-08-13,4.96,4.57,11.88
225,2018-08-14,3.09,4.08,11.5
226,2018-08-15,11.76,4.11,9.59
227,2018-08-16,6.85,4.55,11.28
228,2018-08-17,12.71,6.41,9.82
229,2018-08-18,12.79,10.03,9.86
230,2018-08-19,11.8,10.33,10.58
231,2018-08-20,11.87,9.84,12.51
232,2018-08-21,11.82,9.55,10.65
233,2018-08-22,11.48,10.03,10.45
234,2018-08-23,12.3,9.97,11.5
235,2018-08-24,11.94,9.59,11.72
236,2018-08-25,12.25,9.68,12.45
237,2018-08-26,12.11,10.05,10.42
238,2018-08-27,11.95,10.13,11.19
239,2018-08-28,12.22,10.11,10.89
240,2018-08-29,11.71,9.9,9.51
241,2018-08-30,11.91,9.75,12.75
242,2018-08-31,12.64,10.32,49.09
243,2018-01-09,12.07,9.78,6.01
244,2018-02-09,12.13,10.02,6.28
245,2018-03-09,12.32,9.77,6.01
246,2018-04-09,65.86,9.75,16.91
247,2018-05-09,10.04,10.0,17.16
248,2018-06-09,39.19,9.65,17.49
249,2018-07-09,21.84,9.02,16.13
250,2018-08-09,11.55,9.74,17.31
251,2018-09-09,12.545999999999998,9.9,13.48
252,2018-10-09,36.084,9.66,17.05
253,2018-11-09,21.403999999999996,9.81,13.69
254,2018-12-09,42.42,10.06,25.3
255,2018-09-13,38.27,9.59,17.5
256,2018-09-14,9.19,9.65,16.82
257,2018-09-15,12.62,9.77,21.58
258,2018-09-16,16.08,9.66,17.951999999999998
259,2018-09-17,11.75,9.76,36.25
260,2018-09-18,9.71,10.17,20.37
261,2018-09-19,8.95,10.4,26.36
262,2018-09-20,20.63,9.96,133.48
263,2018-09-21,20.94,10.04,46.81
264,2018-09-22,16.12,9.95,20.24
265,2018-09-23,18.81,9.58,21.35
266,2018-09-24,13.93,9.97,26.56
267,2018-09-25,22.7,10.14,35.54
268,2018-09-26,18.75,9.89,30.34
269,2018-09-27,17.68,9.57,24.53
270,2018-09-28,15.58,10.21,14.75
271,2018-09-29,12.06,10.56,18.43
272,2018-09-30,48.22,10.0,16.04
273,2018-01-10,12.37,10.55,12.12
274,2018-02-10,9.37,11.04,9.63
275,2018-03-10,12.19,10.23,9.83
276,2018-04-10,10.96,10.57,10.24
277,2018-05-10,10.58,10.78,9.55
278,2018-06-10,8.7,10.57,10.67
279,2018-07-10,11.68,10.5,9.69
280,2018-08-10,19.94,9.17,21.59
281,2018-09-10,17.78,9.06,32.51
282,2018-10-10,26.17,8.58,42.28
283,2018-11-10,35.82,6.89,43.84
284,2018-12-10,32.1,7.21,38.4
285,2018-10-13,32.66,7.47,26.83
286,2018-10-14,27.5,8.72,16.03
287,2018-10-15,23.37,8.85,19.8
288,2018-10-16,20.13,9.1,27.27
289,2018-10-17,13.53,9.8,19.26
290,2018-10-18,13.79,10.07,23.86
291,2018-10-19,14.44,9.62,12.86
292,2018-10-20,16.83,10.65,20.54
293,2018-10-21,23.7,7.5,24.71
294,2018-10-22,18.99,7.67,20.29
295,2018-10-23,24.75,5.19,45.88
296,2018-10-24,26.43,1.92,48.89
297,2018-10-25,28.54,1.76,41.52
298,2018-10-26,27.71,2.25,41.0
299,2018-10-27,24.1,1.97,56.86
300,2018-10-28,23.3,1.36,76.96
301,2018-10-29,24.41,1.35,96.03
302,2018-10-30,24.88,1.87,83.25
303,2018-10-31,22.61,3.07,56.29
304,2018-01-11,14.18,5.38,37.78
305,2018-02-11,18.92,7.55,13.52
306,2018-03-11,20.56,7.61,10.79
307,2018-04-11,24.31,7.19,10.86
308,2018-05-11,25.49,6.27,16.69
309,2018-06-11,78.06,10.06,16.11
310,2018-07-11,62.33,9.86,20.28
311,2018-08-11,66.6,9.32,20.26
312,2018-09-11,45.86,4.41,17.93
313,2018-10-11,62.94,3.41,28.32
314,2018-11-11,74.51,5.22,28.36
315,2018-12-11,121.86,11.1,53.61
316,2018-11-13,104.69,25.55,60.88
317,2018-11-14,151.24,23.62,57.66
318,2018-11-15,117.24,23.03,47.42
319,2018-11-16,30.2,12.17,18.29
320,2018-11-17,57.03,10.4,15.18
321,2018-11-18,54.97,10.79,10.1
322,2018-11-19,28.24,13.91,12.92
323,2018-11-20,28.26,12.17,24.97
324,2018-11-21,45.31,11.15,30.57
325,2018-11-22,28.86,14.92,18.3
326,2018-11-23,22.58,13.3,17.71
327,2018-11-24,86.11,10.56,20.99
328,2018-11-25,97.91,9.39,17.96
329,2018-11-26,108.59,8.11,18.58
330,2018-11-27,81.33,10.34,14.94
331,2018-11-28,160.88,11.15,15.06
332,2018-11-29,63.44,11.84,13.04
333,2018-11-30,54.57,12.16,16.12
334,2018-01-12,55.66,12.53,18.79
335,2018-02-12,37.26,13.33,12.9
336,2018-03-12,35.8,13.23,13.26
337,2018-04-12,35.4,14.03,15.9
338,2018-05-12,13.75,14.22,12.18
339,2018-06-12,25.6,12.81,13.91
340,2018-07-12,40.16,12.55,14.98
341,2018-08-12,99.46,10.58,12.93
342,2018-09-12,100.8,10.58,12.84
343,2018-10-12,107.49,10.84,19.18
344,2018-11-12,119.1,9.78,24.6
345,2018-12-12,91.03,11.7,23.95
346,2018-12-13,88.92,13.81,24.63
347,2018-12-14,53.87,13.18,17.95
348,2018-12-15,64.69,12.74,31.81
349,2018-12-16,75.04,12.58,44.32
350,2018-12-17,147.13,9.87,58.64
351,2018-12-18,133.18,10.48,61.78
352,2018-12-19,85.35,13.41,38.51
353,2018-12-20,62.69,13.56,19.94
354,2018-12-21,67.65,13.27,26.63
355,2018-12-22,52.1,14.05,17.43
356,2018-12-23,43.47,14.18,10.46
357,2018-12-24,46.06,14.13,13.23
358,2018-12-25,94.73,14.06,18.35
359,2018-12-26,68.18,14.69,15.53
360,2018-12-27,72.99,15.0,28.42
361,2018-12-28,99.72,15.0,16.14
362,2018-12-29,97.87,14.88,13.83
363,2018-12-30,83.43,7.858,14.71
364,2018-12-31,126.88,4.44,25.79
365,2019-01-01,83.62,4.44,22.88
366,2019-02-01,58.04,4.0,19.32
367,2019-03-01,58.9,4.1,21.32
368,2019-04-01,65.31,3.86,23.25
369,2019-05-01,69.05,4.59,25.95
370,2019-06-01,71.02,4.19,16.22
371,2019-07-01,77.56,4.55,25.02
372,2019-08-01,73.99,4.93,37.08
373,2019-09-01,71.52,5.08,30.99
374,2019-10-01,75.6,4.75,22.98
375,2019-11-01,69.95,4.73,23.52
376,2019-12-01,84.17,4.85,20.97
377,2019-01-13,62.34,4.54,16.62
378,2019-01-14,66.49,4.46,20.62
379,2019-01-15,50.43,4.86,27.73
380,2019-01-16,74.73,4.72,22.98
381,2019-01-17,75.13,4.67,33.21
382,2019-01-18,96.75,5.0,23.58
383,2019-01-19,94.01,4.17,28.41
384,2019-01-20,66.82,5.32,18.99
385,2019-01-21,72.94,4.09,18.72
386,2019-01-22,102.99,4.27,35.62
387,2019-01-23,89.56,4.27,27.31
388,2019-01-24,77.31,4.25,17.8
389,2019-01-25,45.64,4.05,21.29
390,2019-01-26,67.59,4.99,18.65
391,2019-01-27,54.05,4.71,15.55
392,2019-01-28,81.23,3.82,31.43
393,2019-01-29,33.78,4.57,19.52
394,2019-01-30,188.1,3.6,24.96
395,2019-01-31,55.52,4.57,16.47
396,2019-01-02,53.27,4.69,22.02
397,2019-02-02,54.45,4.77,19.73
398,2019-03-02,43.68,3.87,14.0
399,2019-04-02,34.35,4.12,14.95
400,2019-05-02,44.71,3.83,12.3
401,2019-06-02,59.55,4.7,17.9
402,2019-07-02,57.4,3.92,22.64
403,2019-08-02,75.14,4.39,20.39
404,2019-09-02,79.66,4.2,21.76
405,2019-10-02,46.28,3.13,15.47
406,2019-11-02,47.95,4.19,14.02
407,2019-12-02,64.98,4.39,15.2
408,2019-02-13,58.02,4.2,17.98
409,2019-02-14,42.57,4.75,18.13
410,2019-02-15,38.56,3.67,18.76
411,2019-02-16,54.1,6.09,35.65
412,2019-02-17,60.26,3.69,31.61
413,2019-02-18,49.48,4.11,34.98
414,2019-02-19,52.36,3.84,16.21
415,2019-02-20,36.7,4.04,13.01
416,2019-02-21,40.64,4.49,20.46
417,2019-02-22,36.95,4.94,26.53
418,2019-02-23,53.71,6.38,33.2
419,2019-02-24,74.7,3.96,27.0
420,2019-02-25,44.65,6.13,30.05
421,2019-02-26,57.71,5.88,34.75
422,2019-02-27,47.06,3.83,30.26
423,2019-02-28,52.86,4.26,38.62
424,2019-01-03,56.91,3.89,29.58
425,2019-02-03,52.89,4.11,12.65
426,2019-03-03,67.34,4.35,19.22
427,2019-04-03,53.98,4.15,18.36
428,2019-05-03,60.17,3.97,29.75
429,2019-06-03,58.22,4.09,42.62
430,2019-07-03,56.04,3.17,62.31
431,2019-08-03,48.11,6.76,55.95
432,2019-09-03,50.34,3.51,24.71
433,2019-10-03,42.1,4.16,16.01
434,2019-11-03,37.49,4.25,17.5
435,2019-12-03,44.6,7.76,18.13
436,2019-03-13,45.58,9.0,20.54
437,2019-03-14,39.76,7.33,20.66
438,2019-03-15,36.68,5.06,24.83
439,2019-03-16,38.7,3.87,18.92
440,2019-03-17,39.84,3.8,23.78
441,2019-03-18,39.02,3.86,21.2
442,2019-03-19,37.75,2.71,14.69
443,2019-03-20,34.16149367088608,6.74176322418136,20.99689973614776
444,2019-03-21,141.14,8.06,27.65
445,2019-03-22,52.95,5.44,21.04
446,2019-03-23,67.18,3.43,21.15
447,2019-03-24,69.09,4.18,15.74
448,2019-03-25,47.18,11.52,21.08
449,2019-03-26,74.8,2.02,20.34
450,2019-03-27,78.46,2.74,21.82
451,2019-03-28,73.71,2.46,30.34
452,2019-03-29,88.64,4.29,27.17
453,2019-03-30,79.96,1.99,26.03
454,2019-03-31,86.46,1.01,20.5
455,2019-01-04,76.91,1.23,18.95
456,2019-02-04,89.9,2.09,25.04
457,2019-03-04,82.2,1.22,23.02
458,2019-04-04,59.6,1.97,18.27
459,2019-05-04,68.71,1.56,23.45
460,2019-06-04,65.73,1.51,19.05
461,2019-07-04,71.53,1.57,17.75
462,2019-08-04,51.87,1.2,15.86
463,2019-09-04,37.25,2.3,31.11
464,2019-10-04,79.55,1.44,27.93
465,2019-11-04,69.31,1.53,22.0
466,2019-12-04,61.22,2.69,21.76
467,2019-04-13,64.32,1.9,18.25
468,2019-04-14,63.52,2.2,15.68
469,2019-04-15,68.1,2.35,22.05
470,2019-04-16,55.56,1.91,24.74
471,2019-04-17,58.0,0.88,33.86
472,2019-04-18,49.32,1.48,30.35
473,2019-04-19,37.32,1.15,20.69
474,2019-04-20,44.41,1.62,20.6
475,2019-04-21,33.38,1.29,19.05
476,2019-04-22,54.34,1.31,24.95
477,2019-04-23,64.91,3.22,23.28
478,2019-04-24,79.7,1.32,26.85
479,2019-04-25,114.07,1.43,28.15
480,2019-04-26,104.76,4.04,25.17
481,2019-04-27,107.08,2.62,22.64
482,2019-04-28,105.49,1.94,29.38
483,2019-04-29,92.13,3.23,22.07
484,2019-04-30,70.2,2.52,21.03
485,2019-01-05,123.0,3.11,33.5
486,2019-02-05,75.22,2.73,23.18
487,2019-03-05,78.99,2.13,20.85
488,2019-04-05,94.15,2.18,23.79
489,2019-05-05,89.79,3.0,27.43
490,2019-06-05,103.05,2.62,34.64
491,2019-07-05,77.25,2.4,22.59
492,2019-08-05,22.84,3.47,20.15
493,2019-09-05,376.16,1.69,64.82
494,2019-10-05,43.95,2.43,29.16
495,2019-11-05,38.44,2.58,25.12
496,2019-12-05,28.33,2.33,30.99
497,2019-05-13,27.36,4.24,23.88
498,2019-05-14,34.83,2.07,27.24
499,2019-05-15,33.94,2.14,21.24
500,2019-05-16,28.34,1.86,41.24
501,2019-05-17,41.29,4.01,41.28
502,2019-05-18,51.87,1.87,40.38
503,2019-05-19,46.55,4.03,28.98
504,2019-05-20,46.26,6.45,31.74
505,2019-05-21,45.12,2.92,21.3
506,2019-05-22,41.05,2.7,35.56
507,2019-05-23,37.25,3.41,29.15
508,2019-05-24,35.91,7.5,27.23
509,2019-05-25,24.41,7.25,25.73
510,2019-05-26,20.15,4.88,20.54
511,2019-05-27,23.88,6.35,36.04
512,2019-05-28,35.66,3.86,23.49
513,2019-05-29,24.07,5.28,22.63
514,2019-05-30,26.89,5.29,23.62
515,2019-05-31,22.55,5.76,22.9
516,2019-01-06,33.34,7.74,35.63
517,2019-02-06,29.21,4.73,16.36
518,2019-03-06,15.97,7.22,21.85
519,2019-04-06,24.85,5.66,33.24
520,2019-05-06,29.32,6.79,25.97
521,2019-06-06,24.32,5.29,27.01
522,2019-07-06,25.38,7.77,28.34
523,2019-08-06,30.25,6.52,27.96
524,2019-09-06,17.06,6.92,13.55
525,2019-10-06,9.45,9.76,14.02
526,2019-11-06,9.57,7.89,12.04
527,2019-12-06,10.85,9.76,13.96
528,2019-06-13,23.73,6.86,13.63
529,2019-06-14,22.45,8.29,15.9
530,2019-06-15,22.57,8.85,16.15
531,2019-06-16,24.05,6.77,14.07
532,2019-06-17,29.82,7.8,13.29
533,2019-06-18,89.22,5.46,14.58
534,2019-06-19,25.85,9.21,19.42
535,2019-06-20,24.43,6.13,14.85
536,2019-06-21,28.72,4.97,16.17
537,2019-06-22,24.21,7.1,13.48
538,2019-06-23,28.56,5.86,13.19
539,2019-06-24,20.81,5.67,15.42
540,2019-06-25,38.61,5.86,15.24
541,2019-06-26,56.54,5.34,17.39
542,2019-06-27,37.66,5.04,16.59
543,2019-06-28,37.62,5.56,15.83
544,2019-06-29,32.09,5.06,14.42
545,2019-06-30,26.64,6.19,13.31
546,2019-01-07,61.32,5.57,15.81
547,2019-02-07,25.95,5.06,13.0
548,2019-03-07,23.87,4.63,13.18
549,2019-04-07,19.97,5.04,13.36
550,2019-05-07,23.47,5.08,11.65
551,2019-06-07,22.8,7.12,11.23
552,2019-07-07,22.16,6.29,9.69
553,2019-08-07,25.23,6.02,12.67
554,2019-09-07,24.43,5.83,13.33
555,2019-10-07,123.25,5.88,12.55
556,2019-11-07,26.48,5.2,18.48
557,2019-12-07,25.45,5.36,16.92
558,2019-07-13,26.24,4.47,13.19
559,2019-07-14,23.78,4.69,14.74
560,2019-07-15,21.93,4.61,17.05
561,2019-07-16,27.03,4.33,18.18
562,2019-07-17,37.45,4.8,27.39
563,2019-07-18,35.76,4.76,27.4
564,2019-07-19,22.59,5.74,17.55
565,2019-07-20,16.93,5.25,12.63
566,2019-07-21,16.61,5.26,11.97
567,2019-07-22,17.13,5.65,12.95
568,2019-07-23,25.48,4.82,14.34
569,2019-07-24,26.32,4.74,12.61
570,2019-07-25,24.47,4.7,16.04
571,2019-07-26,21.38,5.41,13.55
572,2019-07-27,22.68,6.35,16.94
573,2019-07-28,30.14,20.36,16.71
574,2019-07-29,24.72,5.4,13.56
575,2019-07-30,40.63,5.45,13.58
576,2019-07-31,67.32,5.58,14.52
577,2019-01-08,35.0,3.16,16.06
578,2019-02-08,23.41,4.7,12.82
579,2019-03-08,23.64,5.82,10.67
580,2019-04-08,17.42,6.48,12.71
581,2019-05-08,18.86,5.2,12.4
582,2019-06-08,14.9,5.11,13.76
583,2019-07-08,16.22,5.51,11.59
584,2019-08-08,12.81,5.94,10.94
585,2019-09-08,9.66,6.51,9.15
586,2019-10-08,11.1,4.87,10.88
587,2019-11-08,14.07,7.43,11.2
588,2019-12-08,20.96,4.65,16.31
589,2019-08-13,50.14,6.08,20.68
590,2019-08-14,23.11,4.93,13.16
591,2019-08-15,21.13,5.9,15.99
592,2019-08-16,19.89,5.54,15.44
593,2019-08-17,25.73,4.93,16.81
594,2019-08-18,28.45,5.48,17.37
595,2019-08-19,25.17,4.36,20.57
596,2019-08-20,24.01,2.72,20.83
597,2019-08-21,23.62,3.27,15.99
598,2019-08-22,23.61,2.99,17.55
599,2019-08-23,16.42,3.27,13.85
600,2019-08-24,15.58,3.05,14.16
601,2019-08-25,17.83,3.42,10.44
602,2019-08-26,18.81,3.27,12.39
603,2019-08-27,12.04,3.29,10.18
604,2019-08-28,22.44,3.41,16.9
605,2019-08-29,23.72,3.39,12.56
606,2019-08-30,15.07,2.43,12.2
607,2019-08-31,25.77,2.99,12.56
608,2019-01-09,30.09,3.41,9.74
609,2019-02-09,12.55,3.66,9.43
610,2019-03-09,12.67,4.44,11.8
611,2019-04-09,17.26,3.52,10.76
612,2019-05-09,15.37,4.03,12.07
613,2019-06-09,29.27,4.05,12.3
614,2019-07-09,18.01,3.87,10.21
615,2019-08-09,18.25,3.35,9.87
616,2019-09-09,19.08,3.32,10.9
617,2019-10-09,23.96,2.58,11.22
618,2019-11-09,27.31,2.22,13.03
619,2019-12-09,22.28,3.17,14.37
620,2019-09-13,23.86,2.69,16.3
621,2019-09-14,27.14,4.42,13.31
622,2019-09-15,33.7,3.2,15.05
623,2019-09-16,23.14,3.08,15.36
624,2019-09-17,22.6,3.55,18.62
625,2019-09-18,25.01,3.29,16.37
626,2019-09-19,31.03,2.68,16.21
627,2019-09-20,22.31,3.06,13.27
628,2019-09-21,22.19,3.36,13.08
629,2019-09-22,26.79,2.3,20.65
630,2019-09-23,32.27,5.63,27.2
631,2019-09-24,36.67,3.29,19.91
632,2019-09-25,15.68,2.94,10.99
633,2019-09-26,13.85,3.57,8.72
634,2019-09-27,32.28,2.74,17.43
635,2019-09-28,25.43,3.67,11.33
636,2019-09-29,35.49,4.19,10.43
637,2019-09-30,20.16,3.85,10.48
638,2019-01-10,32.5,3.47,21.49
639,2019-02-10,22.8,3.93,27.4
640,2019-03-10,34.16149367088608,6.74176322418136,20.99689973614776
641,2019-04-10,34.16149367088608,6.74176322418136,20.99689973614776
642,2019-05-10,34.16149367088608,6.74176322418136,20.99689973614776
643,2019-06-10,34.16149367088608,6.74176322418136,20.99689973614776
644,2019-07-10,34.16149367088608,6.74176322418136,20.99689973614776
645,2019-08-10,34.16149367088608,6.74176322418136,20.99689973614776
646,2019-09-10,34.16149367088608,6.74176322418136,20.99689973614776
647,2019-10-10,34.16149367088608,6.74176322418136,20.99689973614776
648,2019-11-10,35.6,3.3,24.58
649,2019-12-10,41.73,2.95,14.46
650,2019-10-13,24.3,4.95,11.04
651,2019-10-14,24.19,3.89,17.23
652,2019-10-15,29.95,4.11,16.07
653,2019-10-16,34.16149367088608,6.74176322418136,20.99689973614776
654,2019-10-17,34.16149367088608,6.74176322418136,20.99689973614776
655,2019-10-18,76.34,2.11,18.49
656,2019-10-19,34.16149367088608,6.74176322418136,20.99689973614776
657,2019-10-20,34.16149367088608,6.74176322418136,20.99689973614776
658,2019-10-21,8.0,5.12,42.0
659,2019-10-22,9.51,11.33,15.16
660,2019-10-23,16.85,14.18,9.34
661,2019-10-24,10.52,15.48,8.32
662,2019-10-25,11.39,15.96,8.74
663,2019-10-26,25.68,11.69,7.8
664,2019-10-27,62.74,4.19,10.98
665,2019-10-28,33.83,5.38,10.52
666,2019-10-29,25.62,6.6,13.59
667,2019-10-30,13.56,7.99,10.74
668,2019-10-31,13.43,7.27,10.74
669,2019-01-11,20.95,6.39,12.82
670,2019-02-11,19.3,6.74,11.22
671,2019-03-11,61.93,6.52,13.1
672,2019-04-11,40.04,4.26,20.3
673,2019-05-11,102.92,4.68,32.91
674,2019-06-11,217.95,3.91,25.66
675,2019-07-11,194.2,3.85,27.07
676,2019-08-11,100.81,4.47,22.93
677,2019-09-11,43.45,4.83,18.37
678,2019-10-11,51.08,4.95,17.26
679,2019-11-11,52.64,3.81,14.32
680,2019-12-11,27.79,5.5,11.7
681,2019-11-13,22.1,5.08,13.12
682,2019-11-14,15.53,4.94,14.41
683,2019-11-15,39.41,5.17,14.25
684,2019-11-16,12.28,8.76,10.48
685,2019-11-17,28.22,5.63,15.9
686,2019-11-18,25.84,5.52,13.35
687,2019-11-19,24.59,5.34,13.56
688,2019-11-20,28.43,6.71,14.41
689,2019-11-21,42.07,10.0,17.47
690,2019-11-22,43.32,6.77,13.79
691,2019-11-23,40.12,8.36,15.46
692,2019-11-24,33.49,6.15,11.08
693,2019-11-25,45.15,10.77,14.15
694,2019-11-26,15.42,6.28,12.16
695,2019-11-27,11.5,9.04,15.12
696,2019-11-28,11.02,8.8,12.94
697,2019-11-29,20.48,5.27,12.17
698,2019-11-30,20.08,4.94,8.52
699,2019-01-12,11.28,5.85,6.88
700,2019-02-12,12.02,6.53,6.32
701,2019-03-12,15.86,4.99,3.43
702,2019-04-12,32.03,3.3,7.55
703,2019-05-12,36.14,6.07,12.45
704,2019-06-12,28.05,5.22,14.82
705,2019-07-12,27.27,3.3,11.43
706,2019-08-12,19.84,7.63,6.52
707,2019-09-12,16.86,3.2,7.01
708,2019-10-12,16.41,3.46,7.09
709,2019-11-12,20.47,6.1,9.64
710,2019-12-12,19.02,3.17,7.72
711,2019-12-13,19.92,7.33,6.57
712,2019-12-14,17.13,6.45,7.09
713,2019-12-15,17.46,5.61,6.82
714,2019-12-16,20.33,4.22,8.85
715,2019-12-17,21.83,4.87,9.3
716,2019-12-18,28.14,3.87,10.28
717,2019-12-19,36.39,5.22,8.43
718,2019-12-20,40.07,3.54,10.05
719,2019-12-21,30.35,6.22,11.84
720,2019-12-22,21.44,4.33,5.94
721,2019-12-23,48.12,5.62,9.9
722,2019-12-24,27.15,6.21,6.96
723,2019-12-25,27.06,4.73,7.55
724,2019-12-26,36.78,6.86,9.13
725,2019-12-27,31.63,2.42,9.79
726,2019-12-28,26.53,1.98,6.27
727,2019-12-29,27.76,2.0,7.12
728,2019-12-30,108.48,106.08,9.89
729,2019-12-31,28.4,4.96,9.67
730,2020-01-01,24.76,5.12,15.23
731,2020-02-01,43.35,6.34,20.93
732,2020-03-01,18.82,5.3,18.06
733,2020-04-01,33.2,9.46,12.72
734,2020-05-01,22.22,8.46,69.65
735,2020-06-01,12.18,5.69,3.13
736,2020-07-01,13.79,4.48,14.35
737,2020-08-01,18.61,4.53,29.85
738,2020-09-01,17.15,5.55,24.81
739,2020-10-01,21.93,7.7,25.8
740,2020-11-01,13.58,5.28,20.37
741,2020-12-01,12.4,6.95,28.59
742,2020-01-13,25.08,2.79,41.04
743,2020-01-14,37.27,4.62,48.3
744,2020-01-15,24.91,5.14,53.28
745,2020-01-16,21.84,6.25,32.17
746,2020-01-17,23.2,5.91,38.51
747,2020-01-18,16.79,5.84,19.78
748,2020-01-19,47.86,7.47,18.24
749,2020-01-20,18.06,5.45,37.13
750,2020-01-21,24.71,7.89,34.2
751,2020-01-22,15.59,3.62,23.34
752,2020-01-23,17.9,6.12,30.54
753,2020-01-24,19.31,5.45,33.85
754,2020-01-25,37.43,4.88,42.0
755,2020-01-26,26.5,6.94,44.22
756,2020-01-27,31.26,4.34,40.52
757,2020-01-28,37.29,4.79,41.15
758,2020-01-29,26.64,4.64,39.08
759,2020-01-30,27.88,7.61,55.58
760,2020-01-31,34.89,6.43,33.37
761,2020-01-02,34.52,5.73,26.42
762,2020-02-02,24.87,3.85,21.66
763,2020-03-02,25.25,8.53,28.89
764,2020-04-02,23.59,2.94,26.1
765,2020-05-02,26.26,6.95,31.88
766,2020-06-02,37.42,4.32,33.47
767,2020-07-02,36.01,6.85,31.82
768,2020-08-02,29.77,2.67,31.89
769,2020-09-02,26.87,7.64,24.72
770,2020-10-02,23.4,4.79,20.61
771,2020-11-02,34.47,7.72,24.44
772,2020-12-02,23.57,4.09,23.27
773,2020-02-13,29.67,4.12,36.14
774,2020-02-14,43.22,3.68,54.45
775,2020-02-15,38.25,4.33,64.39
776,2020-02-16,66.52,2.88,30.85
777,2020-02-17,29.26,7.16,43.29
778,2020-02-18,31.12,3.37,36.12
779,2020-02-19,30.75,9.2,32.35
780,2020-02-20,36.46,3.92,29.41
781,2020-02-21,22.09,3.76,25.77
782,2020-02-22,23.54,3.33,21.81
783,2020-02-23,24.96,5.08,19.26
784,2020-02-24,23.89,4.96,23.22
785,2020-02-25,33.69,7.16,34.83
786,2020-02-26,32.16,5.21,29.07
787,2020-02-27,33.44,7.53,37.12
788,2020-02-28,31.21,5.29,26.99
789,2020-02-29,34.93,6.14,33.67
790,2020-01-03,33.02,10.29,24.95
791,2020-02-03,44.05,6.13,45.2
792,2020-03-03,50.25,7.59,46.03
793,2020-04-03,49.99,8.01,64.1
794,2020-05-03,52.26,4.49,27.42
795,2020-06-03,34.59,5.97,24.37
796,2020-07-03,30.62,7.36,26.16
797,2020-08-03,29.54,5.81,23.54
798,2020-09-03,26.22,9.67,25.04
799,2020-10-03,28.01,5.23,24.17
800,2020-11-03,33.31,5.48,27.56
801,2020-12-03,27.24,2.5,32.21
802,2020-03-13,25.04,4.15,33.33
803,2020-03-14,17.8,4.87,30.76
804,2020-03-15,21.67,5.35,21.55
805,2020-03-16,22.32,7.64,22.11
806,2020-03-17,21.47,6.14,22.13
807,2020-03-18,27.94,7.57,27.71
808,2020-03-19,30.91,5.85,31.66
809,2020-03-20,27.28,4.08,28.41
810,2020-03-21,25.95,6.7,43.54
811,2020-03-22,27.73,7.97,22.51
812,2020-03-23,29.96,5.95,29.11
813,2020-03-24,32.43,6.98,21.17
814,2020-03-25,25.75,17.84,17.65
815,2020-03-26,24.43,3.4,15.58
816,2020-03-27,22.06,6.42,15.25
817,2020-03-28,20.41,4.41,16.07
818,2020-03-29,20.39,4.7,18.96
819,2020-03-30,26.42,6.99,16.86
820,2020-03-31,21.96,3.6,15.82
821,2020-01-04,23.34,5.63,15.91
822,2020-02-04,25.09,4.57,16.85
823,2020-03-04,32.94,9.39,16.73
824,2020-04-04,28.37,9.78,16.69
825,2020-05-04,30.5,7.81,17.59
826,2020-06-04,24.85,6.59,18.28
827,2020-07-04,18.65,5.68,21.47
828,2020-08-04,19.5,3.84,21.52
829,2020-09-04,21.6,6.38,19.65
830,2020-10-04,49.7,7.4,21.36
831,2020-11-04,25.14,6.28,16.91
832,2020-12-04,22.25,5.13,17.9
833,2020-04-13,21.7,5.37,20.28
834,2020-04-14,28.56,7.75,20.91
835,2020-04-15,31.67,3.51,19.02
836,2020-04-16,23.95,7.66,18.08
837,2020-04-17,111.89,7.14,17.64
838,2020-04-18,81.56,5.44,17.92
839,2020-04-19,30.37,7.16,16.42
840,2020-04-20,19.26,7.44,15.87
841,2020-04-21,19.1,4.12,18.17
842,2020-04-22,19.54,5.38,16.5
843,2020-04-23,31.19,9.07,19.11
844,2020-04-24,17.63,9.77,23.28
845,2020-04-25,33.58,8.8,23.0
846,2020-04-26,29.02,5.53,18.14
847,2020-04-27,19.12,4.69,21.91
848,2020-04-28,18.9,8.08,18.25
849,2020-04-29,17.24,7.45,22.52
850,2020-04-30,15.85,7.96,25.55
851,2020-01-05,30.96,8.67,21.74
852,2020-02-05,19.68,6.37,20.42
853,2020-03-05,24.56,7.36,22.54
854,2020-04-05,28.59,8.24,24.72
855,2020-05-05,29.79,7.04,22.57
856,2020-06-05,24.87,8.1,22.64
857,2020-07-05,26.78,10.09,24.33
858,2020-08-05,18.55,7.35,25.51
859,2020-09-05,27.94,10.59,21.0
860,2020-10-05,58.07,3.73,20.63
861,2020-11-05,33.4,7.61,19.54
862,2020-12-05,17.03,7.22,19.53
863,2020-05-13,17.7,4.58,21.25
864,2020-05-14,23.08,4.62,22.62
865,2020-05-15,21.72,8.35,25.38
866,2020-05-16,24.23,6.44,36.45
867,2020-05-17,20.09,17.26,23.19
868,2020-05-18,17.91,5.27,24.95
869,2020-05-19,26.36,8.26,24.31
870,2020-05-20,23.29,6.522,22.52
871,2020-05-21,27.06,7.1739999999999995,24.36
872,2020-05-22,24.82,7.3,26.41
873,2020-05-23,23.48,6.345999999999999,26.51
874,2020-05-24,19.45,7.109999999999999,19.92
875,2020-05-25,23.15,7.790000000000001,29.32
876,2020-05-26,32.58,6.888,22.27
877,2020-05-27,25.12,7.244,26.91
878,2020-05-28,82.34,6.95,20.5
879,2020-05-29,20.97,7.01,24.92
880,2020-05-30,18.33,6.99,27.35
881,2020-05-31,20.44,6.98,19.51
882,2020-01-06,15.13,7.01,16.26
883,2020-02-06,14.55,7.02,15.81
884,2020-03-06,17.63,6.99,15.46
885,2020-04-06,13.32,7.0,18.87
886,2020-05-06,15.85,7.03,18.87
887,2020-06-06,15.89,7.0,19.67
888,2020-07-06,14.48,7.01,19.46
889,2020-08-06,18.49,7.02,21.26
890,2020-09-06,19.7,7.01,21.25
891,2020-10-06,21.29,7.02,19.91
892,2020-11-06,15.45,6.98,22.89
893,2020-12-06,19.01,7.0,18.86
894,2020-06-13,13.3,7.0,18.93
895,2020-06-14,22.91,7.0,16.11
896,2020-06-15,16.19,6.99,19.83
897,2020-06-16,8.39,6.99,16.92
898,2020-06-17,8.67,7.01,18.24
899,2020-06-18,9.51,7.02,17.61
900,2020-06-19,10.62,7.02,21.11
901,2020-06-20,17.18,7.0,21.13
902,2020-06-21,16.28,7.0,19.05
903,2020-06-22,8.04,7.0,20.68
904,2020-06-23,10.21,6.99,24.98
905,2020-06-24,8.18,7.01,20.55
906,2020-06-25,8.48,6.99,26.59
907,2020-06-26,7.84,7.01,19.53
908,2020-06-27,8.29,7.01,21.51
909,2020-06-28,6.18,7.02,19.08
910,2020-06-29,8.11,6.99,18.24
911,2020-06-30,5.4,7.0,18.52
912,2020-01-07,8.61,6.99,18.84
913,2020-02-07,7.21,6.99,17.63
914,2020-03-07,4.98,7.0,21.72
915,2020-04-07,6.24,7.0,18.89
916,2020-05-07,6.84,7.01,14.6
917,2020-06-07,12.98,6.99,14.15
918,2020-07-07,9.68,7.03,17.05
919,2020-08-07,9.02,6.99,17.34
920,2020-09-07,4.74,7.0,18.37
921,2020-10-07,5.42,6.99,16.78
922,2020-11-07,8.28,6.99,19.54
923,2020-12-07,5.43,6.98,15.61
924,2020-07-13,6.61,7.0,21.23
925,2020-07-14,5.92,7.01,17.92
926,2020-07-15,5.45,7.01,14.94
927,2020-07-16,7.59,6.98,14.23
928,2020-07-17,4.42,7.01,13.53
929,2020-07-18,6.0,6.98,13.66
930,2020-07-19,8.11,6.99,15.58
931,2020-07-20,5.06,6.99,15.41
932,2020-07-21,8.18,7.01,15.02
933,2020-07-22,20.26,6.98,17.4
934,2020-07-23,8.03,6.99,17.77
935,2020-07-24,7.78,6.98,17.39
936,2020-07-25,6.25,7.01,20.85
937,2020-07-26,7.99,7.0,16.95
938,2020-07-27,7.33,6.98,21.52
939,2020-07-28,6.27,7.03,29.36
940,2020-07-29,6.97,7.0,21.69
941,2020-07-30,4.37,7.01,18.68
942,2020-07-31,2.84,7.02,16.53
943,2020-01-08,21.954,6.99,13.64
944,2020-02-08,21.942,6.99,14.32
945,2020-03-08,139.99,7.02,15.91
946,2020-04-08,17.37,6.98,17.86
947,2020-05-08,17.72,6.98,16.28
948,2020-06-08,20.6,7.01,17.82
949,2020-07-08,17.44,6.99,18.34
950,2020-08-08,18.93,7.0,19.84
951,2020-09-08,34.16149367088608,6.74176322418136,20.99689973614776
952,2020-10-08,34.16149367088608,6.74176322418136,20.99689973614776
953,2020-11-08,34.16149367088608,6.74176322418136,20.99689973614776
954,2020-12-08,34.16149367088608,6.74176322418136,20.99689973614776
955,2020-08-13,21.562,6.97,10.58
956,2020-08-14,21.63,7.0,16.98
957,2020-08-15,21.88,7.0,16.14
958,2020-08-16,21.99,6.98,16.74
959,2020-08-17,21.89,6.98,18.25
960,2020-08-18,22.06,7.01,17.98
961,2020-08-19,22.01,7.0,19.14
962,2020-08-20,22.03,7.0,18.82
963,2020-08-21,21.82,6.97,15.32
964,2020-08-22,34.16149367088608,6.74176322418136,20.99689973614776
965,2020-08-23,22.37,7.06,16.02
966,2020-08-24,22.05,7.0,19.58
967,2020-08-25,21.9,7.01,19.7
968,2020-08-26,21.84,7.01,17.988
969,2020-08-27,22.07,6.98,18.992
970,2020-08-28,22.02,7.0,14.917999999999997
971,2020-08-29,21.81,7.0,14.272
972,2020-08-30,21.96,6.98,15.539999999999997
973,2020-08-31,22.06,7.01,14.357999999999999
974,2020-01-09,21.9,7.0,14.86
975,2020-02-09,22.0,7.01,13.894
976,2020-03-09,22.16,7.01,19.536
977,2020-04-09,22.08,6.99,16.548
978,2020-05-09,21.96,6.98,15.539999999999997
979,2020-06-09,21.86,7.0,18.79
980,2020-07-09,22.01,7.0,16.35
981,2020-08-09,22.0,7.0,12.08
982,2020-09-09,22.08,6.98,12.86
983,2020-10-09,21.97,7.02,12.65
984,2020-11-09,22.16,7.0,12.57
985,2020-12-09,22.11,7.0,13.02
986,2020-09-13,21.99,6.99,12.69
987,2020-09-14,22.04,7.0,12.43
988,2020-09-15,21.96,6.99,12.87
989,2020-09-16,34.16149367088608,6.74176322418136,20.99689973614776
990,2020-09-17,34.16149367088608,6.74176322418136,20.99689973614776
991,2020-09-18,21.91,7.01,13.12
992,2020-09-19,21.95,6.98,12.43
993,2020-09-20,21.97,7.03,13.23
994,2020-09-21,21.82,6.98,12.01
995,2020-09-22,22.09,7.01,10.33
996,2020-09-23,22.07,7.01,10.13
997,2020-09-24,22.09,7.02,10.11
998,2020-09-25,21.8,7.01,10.56
999,2020-09-26,21.75,7.01,11.23
1000,2020-09-27,21.94,6.99,10.47
1001,2020-09-28,22.0,6.98,9.9
1002,2020-09-29,21.95,7.01,10.34
1003,2020-09-30,21.96,6.98,10.05
1004,2020-01-10,21.88,7.02,10.77
1005,2020-02-10,22.06,7.01,10.58
1006,2020-03-10,22.03,6.99,10.33
1007,2020-04-10,22.05,6.98,10.63
1008,2020-05-10,22.0,7.03,10.4
1009,2020-06-10,21.86,6.99,10.78
1010,2020-07-10,21.94,7.0,10.08
1011,2020-08-10,21.87,6.99,9.24
1012,2020-09-10,21.99,7.0,9.62
1013,2020-10-10,22.03,7.0,9.95
1014,2020-11-10,22.11,7.0,10.4
1015,2020-12-10,22.1,7.01,10.44
1016,2020-10-13,21.94,7.0,10.4
1017,2020-10-14,22.1,6.98,10.37
1018,2020-10-15,22.03,6.98,9.79
1019,2020-10-16,21.88,7.01,9.09
1020,2020-10-17,22.0,7.0,8.38
1021,2020-10-18,22.1,6.98,9.12
1022,2020-10-19,17.0,7.0,9.04
1023,2020-10-20,23.11,7.02,7.41
1024,2020-10-21,19.7,7.02,16.11
1025,2020-10-22,18.34,7.0,12.38
1026,2020-10-23,16.96,6.99,10.57
1027,2020-10-24,19.29,7.0,11.21
1028,2020-10-25,21.05,7.01,10.1
1029,2020-10-26,25.79,7.0,11.71
1030,2020-10-27,29.58,7.0,10.94
1031,2020-10-28,27.28,7.0,11.27
1032,2020-10-29,27.72,7.01,11.2
1033,2020-10-30,23.9,7.0,10.56
1034,2020-10-31,26.81,7.01,11.03
1035,2020-01-11,24.32,7.01,10.01
1036,2020-02-11,23.99,6.98,10.18
1037,2020-03-11,20.43,7.0,10.38
1038,2020-04-11,19.5,6.98,10.75
1039,2020-05-11,17.08,7.04,9.08
1040,2020-06-11,15.88,6.99,8.87
1041,2020-07-11,16.07,6.99,9.35
1042,2020-08-11,17.37,7.0,9.56
1043,2020-09-11,30.0,7.0,10.74
1044,2020-10-11,27.36,7.0,11.91
1045,2020-11-11,24.02,7.0,11.06
1046,2020-12-11,21.94,6.99,10.32
1047,2020-11-13,20.51,7.02,9.83
1048,2020-11-14,19.9,6.99,9.63
1049,2020-11-15,22.27,7.08,10.0
1050,2020-11-16,18.58,6.99,8.94
1051,2020-11-17,21.04,7.01,9.01
1052,2020-11-18,18.03,7.0,8.69
1053,2020-11-19,18.75,7.02,9.17
1054,2020-11-20,19.21,6.96,9.66
1055,2020-11-21,21.4,7.02,10.72
1056,2020-11-22,21.87,7.0,11.86
1057,2020-11-23,21.07,7.01,11.26
1058,2020-11-24,22.9,6.98,11.07
1059,2020-11-25,24.39,6.96,11.61
1060,2020-11-26,18.97,6.99,12.1
1061,2020-11-27,19.65,6.99,11.14
1062,2020-11-28,19.47,7.0,9.73
1063,2020-11-29,20.68,6.98,10.04
1064,2020-11-30,20.61,6.98,9.74
1065,2020-01-12,20.4,6.99,10.55
1066,2020-02-12,21.15,6.99,11.49
1067,2020-03-12,22.01,7.03,11.66
1068,2020-04-12,20.95,7.01,11.19
1069,2020-05-12,19.29,7.01,10.98
1070,2020-06-12,20.02,6.98,10.84
1071,2020-07-12,19.28,7.03,9.62
1072,2020-08-12,20.02,6.99,9.24
1073,2020-09-12,26.07,7.0,9.17
1074,2020-10-12,22.14,6.99,9.77
1075,2020-11-12,35.71,7.02,9.69
1076,2020-12-12,22.52,7.01,9.9
1077,2020-12-13,24.81,6.98,9.41
1078,2020-12-14,23.12,6.99,9.99
1079,2020-12-15,21.7,7.03,9.84
1080,2020-12-16,21.05,7.0,9.38
1081,2020-12-17,37.23,6.98,17.93
1082,2020-12-18,16.29,7.05,25.59
1083,2020-12-19,18.05,6.99,16.46
1084,2020-12-20,23.21,7.02,22.64
1085,2020-12-21,23.46,7.01,18.5
1086,2020-12-22,21.73,7.01,18.44
1087,2020-12-23,22.61,6.96,18.55
1088,2020-12-24,22.08,7.03,20.75
1089,2020-12-25,21.49,7.01,22.2
1090,2020-12-26,21.22,6.99,30.36
1091,2020-12-27,21.47,7.02,29.5
1092,2020-12-28,24.49,7.01,41.24
1093,2020-12-29,23.98,6.97,27.58
1094,2020-12-30,15.0,6.99,17.04
1095,2020-12-31,18.23,7.0,18.69
1096,2021-01-01,21.975999999999996,6.99,22.6
1097,2021-02-01,21.964,6.99,19.32
1098,2021-03-01,18.496000000000002,7.01,13.52
1099,2021-04-01,22.586,6.97,12.75
1100,2021-05-01,19.12,6.98,4.4
1101,2021-06-01,17.43,7.01,18.2
1102,2021-07-01,18.05,7.01,15.27
1103,2021-08-01,18.0,7.01,14.72
1104,2021-09-01,17.96,6.99,11.6
1105,2021-10-01,17.98,6.99,18.11
1106,2021-11-01,18.02,7.01,23.86
1107,2021-12-01,18.02,6.99,30.45
1108,2021-01-13,18.07,6.99,27.94
1109,2021-01-14,18.01,7.01,20.79
1110,2021-01-15,18.03,7.05,14.4
1111,2021-01-16,17.94,7.0,7.1
1112,2021-01-17,17.97,7.0,19.64
1113,2021-01-18,18.0,7.02,17.71
1114,2021-01-19,17.94,7.0,28.22
1115,2021-01-20,16.42,6.99,26.58
1116,2021-01-21,15.12,7.0,33.66
1117,2021-01-22,19.25,7.02,26.16
1118,2021-01-23,26.92,6.29,25.46
1119,2021-01-24,26.73,3.9,33.99
1120,2021-01-25,26.43,4.34,29.47
1121,2021-01-26,25.53,3.12,37.99
1122,2021-01-27,24.15,5.68,30.04
1123,2021-01-28,30.05,3.67,22.81
1124,2021-01-29,9.68,3.18,20.11
1125,2021-01-30,9.68,4.16,23.77
1126,2021-01-31,11.25,5.46,26.57
1127,2021-01-02,12.95,6.38,26.39
1128,2021-02-02,26.206,6.9,25.57
1129,2021-03-02,47.53,2.65,19.17
1130,2021-04-02,46.51,4.21,35.2
1131,2021-05-02,43.68,3.49,25.26
1132,2021-06-02,42.92,3.28,31.8
1133,2021-07-02,36.8,3.84,45.36
1134,2021-08-02,35.66,3.93,26.14
1135,2021-09-02,42.86,3.97,48.1
1136,2021-10-02,31.13,3.14,45.2
1137,2021-11-02,31.16,4.56,31.51
1138,2021-12-02,29.06,3.24,28.25
1139,2021-02-13,29.89,4.61,54.06
1140,2021-02-14,38.89,4.44,65.41
1141,2021-02-15,28.2,3.56,36.64
1142,2021-02-16,30.74,3.78,57.21
1143,2021-02-17,30.83,3.89,40.03
1144,2021-02-18,30.67,3.94,25.36
1145,2021-02-19,35.55,3.22,29.11
1146,2021-02-20,27.9,3.37,18.1
1147,2021-02-21,23.16,1.27,17.68
1148,2021-02-22,20.87,3.95,28.91
1149,2021-02-23,23.17,3.42,16.06
1150,2021-02-24,28.98,4.13,28.29
1151,2021-02-25,30.47,3.53,66.23
1152,2021-02-26,35.5,2.82,46.79
1153,2021-02-27,33.39,3.62,52.69
1154,2021-02-28,29.91,2.33,38.56
1155,2021-01-03,28.3,3.26,52.57
1156,2021-02-03,34.37,4.32,35.15
1157,2021-03-03,31.8,2.73,23.67
1158,2021-04-03,29.66,3.88,55.21
1159,2021-05-03,26.49,3.74,40.31
1160,2021-06-03,27.26,3.3,63.7
1161,2021-07-03,28.96,3.27,46.03
1162,2021-08-03,25.55,4.8,35.22
1163,2021-09-03,25.09,4.02,30.12
1164,2021-10-03,22.71,4.0,32.7
1165,2021-11-03,23.33,5.92,27.82
1166,2021-12-03,27.18,5.57,34.89
1167,2021-03-13,24.7,1.67,31.37
1168,2021-03-14,26.15,4.98,30.78
1169,2021-03-15,25.44,4.26,39.37
1170,2021-03-16,28.96,4.41,39.57
1171,2021-03-17,32.28,4.81,45.92
1172,2021-03-18,32.83,4.53,39.01
1173,2021-03-19,32.03,4.65,48.04
1174,2021-03-20,31.59,4.77,38.42
1175,2021-03-21,31.58,5.29,44.63
1176,2021-03-22,29.92,6.41,36.9
1177,2021-03-23,29.58,4.35,36.02
1178,2021-03-24,34.57,5.76,38.57
1179,2021-03-25,32.44,4.38,35.3
1180,2021-03-26,35.4,6.08,38.65
1181,2021-03-27,34.44,3.94,35.04
1182,2021-03-28,35.31,2.52,31.2
1183,2021-03-29,37.15,3.84,36.64
1184,2021-03-30,39.75,1.9,58.95
1185,2021-03-31,42.85,4.3,72.92
1186,2021-01-04,39.63,3.55,55.78
1187,2021-02-04,34.27,2.91,61.0
1188,2021-03-04,35.97,3.6,45.91
1189,2021-04-04,38.74,5.59,53.58
1190,2021-05-04,44.45,3.67,31.25
1191,2021-06-04,39.48,3.53,20.15
1192,2021-07-04,36.08,3.37,31.66
1193,2021-08-04,37.67,6.33,28.91
1194,2021-09-04,38.15,4.24,28.45
1195,2021-10-04,40.2,2.3,26.11
1196,2021-11-04,34.14,4.06,21.01
1197,2021-12-04,28.51,3.49,19.66
1198,2021-04-13,26.67,3.04,16.95
1199,2021-04-14,27.92,3.8,24.7
1200,2021-04-15,23.23,4.63,32.28
1201,2021-04-16,19.75,4.78,36.18
1202,2021-04-17,15.28,2.41,35.81
1203,2021-04-18,15.28,3.42,20.49
1204,2021-04-19,15.28,3.08,37.41
1205,2021-04-20,15.28,3.66,35.52
1206,2021-04-21,15.28,2.49,34.04
1207,2021-04-22,15.28,3.03,30.81
1208,2021-04-23,15.28,2.76,32.84
1209,2021-04-24,15.28,2.39,23.74
1210,2021-04-25,15.28,2.58,19.16
1211,2021-04-26,15.28,1.95,6.68
1212,2021-04-27,15.28,1.78,4.4
1213,2021-04-28,15.28,3.53,4.4
1214,2021-04-29,15.28,3.25,4.4
1215,2021-04-30,15.28,2.21,4.41
1216,2021-01-05,15.28,2.74,4.4
1217,2021-02-05,15.28,2.63,4.86
1218,2021-03-05,15.28,3.88,5.28
1219,2021-04-05,15.28,2.74,5.28
1220,2021-05-05,15.28,3.45,5.28
1221,2021-06-05,15.28,4.12,5.28
1222,2021-07-05,23.05,2.65,23.13
1223,2021-08-05,31.24,5.01,55.55
1224,2021-09-05,28.28,3.1,55.57
1225,2021-10-05,29.57,2.6,50.54
1226,2021-11-05,39.6,3.18,47.7
1227,2021-12-05,33.17,4.12,47.75
1228,2021-05-13,19.61,4.78,47.7
1229,2021-05-14,11.75,4.95,47.72
1230,2021-05-15,3.92,4.55,47.78
1231,2021-05-16,3.85,4.83,47.7
1232,2021-05-17,11.03,6.42,47.65
1233,2021-05-18,12.49,5.52,47.72
1234,2021-05-19,6.18,5.25,47.67
1235,2021-05-20,10.68,4.41,47.7
1236,2021-05-21,11.66,5.63,47.57
1237,2021-05-22,14.8,4.35,47.6
1238,2021-05-23,20.24,5.3,41.72
1239,2021-05-24,40.05,4.65,19.63
1240,2021-05-25,29.73,4.03,23.06
1241,2021-05-26,29.57,3.97,29.34
1242,2021-05-27,46.3,5.59,29.31
1243,2021-05-28,43.9,5.23,29.28
1244,2021-05-29,24.39,3.72,29.25
1245,2021-05-30,14.65,5.12,29.21
1246,2021-05-31,17.16,3.3,29.21
1247,2021-01-06,24.57,4.74,29.22
1248,2021-02-06,18.61,3.32,29.26
1249,2021-03-06,20.88,4.18,29.24
1250,2021-04-06,15.23,2.4,29.22
1251,2021-05-06,64.71,7.902000000000001,29.82
1252,2021-06-06,6.83,7.902000000000001,29.59
1253,2021-07-06,19.74,7.902000000000001,29.59
1254,2021-08-06,39.14,7.01,29.92
1255,2021-09-06,21.55,6.98,29.71
1256,2021-10-06,21.48,7.02,29.67
1257,2021-11-06,28.333999999999996,6.98,29.6
1258,2021-12-06,19.34,7.02,29.65
1259,2021-06-13,10.54,7.04,29.59
1260,2021-06-14,30.0,7.02,29.62
1261,2021-06-15,50.82,6.99,29.61
1262,2021-06-16,42.55,6.99,29.75
1263,2021-06-17,51.33,7.0,29.62
1264,2021-06-18,56.53,7.92,29.59
1265,2021-06-19,60.8,8.51,29.39
1266,2021-06-20,65.11,8.5,29.48
1267,2021-06-21,47.47,8.5,29.49
1268,2021-06-22,51.18,8.49,23.398
1269,2021-06-23,55.26,8.49,29.68
1270,2021-06-24,65.5,8.51,29.62
1271,2021-06-25,45.51,8.52,29.62
1272,2021-06-26,5.61,8.48,29.58
1273,2021-06-27,20.088,8.53,29.65
1274,2021-06-28,14.41,8.49,29.57
1275,2021-06-29,7.16,8.48,29.81
1276,2021-06-30,30.776,8.49,29.6
1277,2021-01-07,25.288,8.49,29.62
1278,2021-02-07,32.61,8.51,29.63
1279,2021-03-07,39.04,8.49,29.55
1280,2021-04-07,31.51,8.49,29.89
1281,2021-05-07,27.92,8.52,29.7
1282,2021-06-07,31.69,8.54,29.67
1283,2021-07-07,32.41,8.51,29.63
1284,2021-08-07,25.99,8.48,29.69
1285,2021-09-07,22.21,8.51,28.72
1286,2021-10-07,48.1,8.52,27.16
1287,2021-11-07,14.79,8.5,27.13
1288,2021-12-07,22.13,8.49,27.11
1289,2021-07-13,19.4,8.49,27.11
1290,2021-07-14,15.76,8.5,4.7
1291,2021-07-15,11.21,8.51,4.7
1292,2021-07-16,14.92,8.49,4.7
1293,2021-07-17,18.95,8.5,4.68
1294,2021-07-18,6.29,8.5,4.71
1295,2021-07-19,16.52,8.49,4.71
1296,2021-07-20,24.66,8.52,4.69
1297,2021-07-21,24.74,8.48,4.71
1298,2021-07-22,18.52,8.51,4.7
1299,2021-07-23,18.65,8.53,4.7
1300,2021-07-24,24.73,8.54,4.69
1301,2021-07-25,20.12,8.51,4.7
1302,2021-07-26,17.64,8.47,4.69
1303,2021-07-27,24.41,8.49,4.69
1304,2021-07-28,23.38,8.53,4.68
1305,2021-07-29,25.85,8.51,4.69
1306,2021-07-30,28.06,8.5,4.68
1307,2021-07-31,26.05,8.5,4.68
1308,2021-01-08,22.14,8.47,4.68
1309,2021-02-08,40.17,8.49,4.95
1310,2021-03-08,26.16,8.5,5.5
1311,2021-04-08,21.41,8.49,5.82
1312,2021-05-08,25.97,8.5,6.0
1313,2021-06-08,26.7,8.49,6.22
1314,2021-07-08,21.71,8.51,6.33
1315,2021-08-08,20.37,8.52,6.4
1316,2021-09-08,22.24,8.52,6.48
1317,2021-10-08,19.49,8.52,6.56
1318,2021-11-08,37.81,8.48,6.7
1319,2021-12-08,59.56,8.53,6.85
1320,2021-08-13,69.15,8.49,6.89
1321,2021-08-14,66.07,8.51,25.76
1322,2021-08-15,29.91,8.49,22.558
1323,2021-08-16,28.76,8.53,25.663999999999998
1324,2021-08-17,28.76,8.5,25.663999999999998
1325,2021-08-18,25.45,8.49,26.498
1326,2021-08-19,18.1,8.49,21.66
1327,2021-08-20,27.78,8.49,26.659999999999997
1328,2021-08-21,60.77,8.5,26.598000000000003
1329,2021-08-22,24.11,8.51,23.398
1330,2021-08-23,20.25,8.49,22.000000000000004
1331,2021-08-24,22.58,8.51,23.407999999999998
1332,2021-08-25,20.52,8.47,0.05
1333,2021-08-26,14.76,8.5,26.145999999999997
1334,2021-08-27,13.8,8.49,22.868
1335,2021-08-28,12.85,8.51,22.816
1336,2021-08-29,13.44,8.53,22.868000000000002
1337,2021-08-30,16.82,8.49,21.662
1338,2021-08-31,33.41,8.5,25.32
1339,2021-01-09,30.34,8.51,25.067999999999998
1340,2021-02-09,25.2,8.49,26.498
1341,2021-03-09,21.43,8.51,21.884000000000004
1342,2021-04-09,19.97,8.52,21.660000000000004
1343,2021-05-09,15.78,8.52,21.660000000000004
1344,2021-06-09,16.9,8.49,21.662
1345,2021-07-09,14.5,8.52,26.634000000000004
1346,2021-08-09,17.6,8.49,21.657999999999998
1347,2021-09-09,21.24,8.52,21.883999999999997
1348,2021-10-09,22.91,8.49,26.583999999999996
1349,2021-11-09,21.22,8.53,21.883999999999997
1350,2021-12-09,16.14,8.51,21.66
1351,2021-09-13,17.2,8.5,21.657999999999998
1352,2021-09-14,29.61,8.51,22.558
1353,2021-09-15,28.48,8.52,25.663999999999998
1354,2021-09-16,31.91,8.5,26.653999999999996
1355,2021-09-17,73.93,8.49,24.130000000000003
1356,2021-09-18,43.13,8.5,4.83
1357,2021-09-19,41.78,8.48,5.03
1358,2021-09-20,30.37,8.51,25.067999999999998
1359,2021-09-21,24.34,8.51,13.39
1360,2021-09-22,22.33,8.52,13.44
1361,2021-09-23,20.5,8.48,13.49
1362,2021-09-24,26.988,8.58,20.542
1363,2021-09-25,34.16149367088608,6.74176322418136,20.99689973614776
1364,2021-09-26,34.16149367088608,6.74176322418136,20.99689973614776
1365,2021-09-27,34.16149367088608,6.74176322418136,20.99689973614776
1366,2021-09-28,34.16149367088608,6.74176322418136,20.99689973614776
1367,2021-09-29,34.16149367088608,6.74176322418136,20.99689973614776
1368,2021-09-30,34.16149367088608,6.74176322418136,20.99689973614776
1369,2021-01-10,34.16149367088608,6.74176322418136,20.99689973614776
1370,2021-02-10,34.16149367088608,6.74176322418136,20.99689973614776
1371,2021-03-10,34.16149367088608,6.74176322418136,20.99689973614776
1372,2021-04-10,34.16149367088608,6.74176322418136,20.99689973614776
1373,2021-05-10,34.16149367088608,6.74176322418136,20.99689973614776
1374,2021-06-10,34.16149367088608,6.74176322418136,20.99689973614776
1375,2021-07-10,34.16149367088608,6.74176322418136,20.99689973614776
1376,2021-08-10,34.16149367088608,6.74176322418136,20.99689973614776
1377,2021-09-10,34.16149367088608,6.74176322418136,20.99689973614776
1378,2021-10-10,34.16149367088608,6.74176322418136,20.99689973614776
1379,2021-11-10,34.16149367088608,6.74176322418136,20.99689973614776
1380,2021-12-10,34.16149367088608,6.74176322418136,20.99689973614776
1381,2021-10-13,34.16149367088608,6.74176322418136,20.99689973614776
1382,2021-10-14,34.16149367088608,6.74176322418136,20.99689973614776
1383,2021-10-15,25.688,8.51,24.46
1384,2021-10-16,36.56999999999999,8.48,13.89
1385,2021-10-17,34.55,8.47,10.626000000000001
1386,2021-10-18,25.688,8.51,24.46
1387,2021-10-19,38.694,8.49,14.73
1388,2021-10-20,40.71,7.94,12.94
1389,2021-10-21,41.57,6.97,9.11
1390,2021-10-22,37.11,7.01,9.19
1391,2021-10-23,34.16149367088608,6.74176322418136,20.99689973614776
1392,2021-10-24,34.16149367088608,6.74176322418136,20.99689973614776
1393,2021-10-25,34.16149367088608,6.74176322418136,20.99689973614776
1394,2021-10-26,51.23,7.0,9.1
1395,2021-10-27,59.24,6.99,9.09
1396,2021-10-28,70.87,7.0,9.09
1397,2021-10-29,46.99,7.0,9.09
1398,2021-10-30,23.43,6.99,9.08
1399,2021-10-31,21.31,6.99,9.09
1400,2021-01-11,20.28,7.0,9.09
1401,2021-02-11,17.85,7.0,9.08
1402,2021-03-11,22.65,7.02,9.07
1403,2021-04-11,29.45,7.02,9.08
1404,2021-05-11,26.18,7.0,9.08
1405,2021-06-11,25.57,7.0,9.11
1406,2021-07-11,32.76,6.97,9.08
1407,2021-08-11,43.06,7.04,9.08
1408,2021-09-11,53.15,6.99,9.1
1409,2021-10-11,50.42,7.02,9.1
1410,2021-11-11,34.16149367088608,6.74176322418136,20.99689973614776
1411,2021-12-11,34.16149367088608,6.74176322418136,20.99689973614776
1412,2021-11-13,34.16149367088608,6.74176322418136,20.99689973614776
1413,2021-11-14,34.16149367088608,6.74176322418136,20.99689973614776
1414,2021-11-15,20.86,7.01,9.12
1415,2021-11-16,22.31,6.96,9.11
1416,2021-11-17,17.39,7.02,9.12
1417,2021-11-18,29.11,6.99,9.13
1418,2021-11-19,17.24,6.97,9.11
1419,2021-11-20,16.85,6.97,9.1
1420,2021-11-21,31.02,7.02,9.13
1421,2021-11-22,21.43,6.99,9.31
1422,2021-11-23,18.41,7.02,9.16
1423,2021-11-24,19.59,7.03,9.14
1424,2021-11-25,26.99,6.98,9.14
1425,2021-11-26,81.12,6.98,9.13
1426,2021-11-27,72.8,6.95,9.13
1427,2021-11-28,28.26,7.0,9.12
1428,2021-11-29,11.54,7.0,9.12
1429,2021-11-30,27.49,6.98,9.12
1430,2021-01-12,23.1,7.02,9.12
1431,2021-02-12,42.0,7.01,9.09
1432,2021-03-12,102.97,6.97,9.09
1433,2021-04-12,75.22,6.99,9.09
1434,2021-05-12,68.92,7.0,9.11
1435,2021-06-12,117.3,7.02,9.13
1436,2021-07-12,46.79,7.02,9.14
1437,2021-08-12,30.26,6.98,9.2
1438,2021-09-12,24.86,6.98,17.491999999999997
1439,2021-10-12,21.03,7.01,9.16
1440,2021-11-12,20.55,7.0,9.15
1441,2021-12-12,17.53,6.98,9.13
1442,2021-12-13,25.16,6.97,9.13
1443,2021-12-14,30.01,7.0,9.12
1444,2021-12-15,39.76,7.0,9.1
1445,2021-12-16,54.88,7.0,9.08
1446,2021-12-17,61.36,7.0,9.09
1447,2021-12-18,69.67,6.99,9.09
1448,2021-12-19,86.5,7.02,9.08
1449,2021-12-20,86.65,6.99,9.08
1450,2021-12-21,112.38,7.03,9.08
1451,2021-12-22,82.04,7.0,9.11
1452,2021-12-23,126.0,6.99,9.1
1453,2021-12-24,81.27,7.0,9.13
1454,2021-12-25,83.98,7.0,9.1
1455,2021-12-26,47.47,6.99,9.1
1456,2021-12-27,61.34,6.99,9.09
1457,2021-12-28,35.27,6.98,9.09
1458,2021-12-29,27.73,6.99,9.08
1459,2021-12-30,15.1,6.99,9.09
1460,2021-12-31,18.39,6.98,12.68
1461,2022-01-01,13.5,7.01,16.08
1462,2022-02-01,12.67,6.99,16.08
1463,2022-03-01,34.16149367088608,6.74176322418136,20.99689973614776
1464,2022-04-01,34.16149367088608,6.74176322418136,20.99689973614776
1465,2022-05-01,34.16149367088608,6.74176322418136,20.99689973614776
1466,2022-06-01,34.16149367088608,6.74176322418136,20.99689973614776
1467,2022-07-01,34.16149367088608,6.74176322418136,20.99689973614776
1468,2022-08-01,34.16149367088608,6.74176322418136,20.99689973614776
1469,2022-09-01,34.16149367088608,6.74176322418136,20.99689973614776
1470,2022-10-01,34.16149367088608,6.74176322418136,20.99689973614776
1471,2022-11-01,23.41,7.48,22.8
1472,2022-12-01,28.75,7.19,22.01
1473,2022-01-13,29.55,7.03,19.67
1474,2022-01-14,27.36,6.99,17.38
1475,2022-01-15,29.65,7.0,14.75
1476,2022-01-16,29.6,7.0,14.75
1477,2022-01-17,29.54,6.99,15.34
1478,2022-01-18,29.64,7.16,12.79
1479,2022-01-19,29.52,7.61,9.04
1480,2022-01-20,29.61,7.6,8.41
1481,2022-01-21,29.61,7.62,7.75
1482,2022-01-22,29.53,7.57,7.75
1483,2022-01-23,29.54,7.59,7.76
1484,2022-01-24,29.63,7.57,7.74
1485,2022-01-25,24.28,7.35,8.36
1486,2022-01-26,15.82,6.98,9.16
1487,2022-01-27,15.63,7.02,9.14
1488,2022-01-28,16.66,6.99,9.14
1489,2022-01-29,16.07,7.0,9.13
1490,2022-01-30,16.0,6.97,9.13
1491,2022-01-31,15.94,6.99,9.17
1492,2022-01-02,16.18,7.01,9.19
1493,2022-02-02,16.14,6.98,9.14
1494,2022-03-02,16.34,7.0,13.5
1495,2022-04-02,23.84,7.0,13.87
1496,2022-05-02,31.83,7.0,10.73
1497,2022-06-02,30.92,6.99,10.7
1498,2022-07-02,30.75,6.98,10.73
1499,2022-08-02,27.47,6.96,13.87
1500,2022-09-02,25.95,6.99,11.72
1501,2022-10-02,25.85,7.05,11.81
1502,2022-11-02,22.69,7.01,14.99
1503,2022-12-02,20.66,7.01,22.73
1504,2022-02-13,20.75,6.99,22.73
1505,2022-02-14,22.99,6.98,22.72
1506,2022-02-15,29.16,7.01,19.99
1507,2022-02-16,37.75,7.01,18.71
1508,2022-02-17,36.26,7.0,18.7
1509,2022-02-18,37.74,6.98,18.72
1510,2022-02-19,35.77,7.01,18.73
1511,2022-02-20,86.15,7.01,18.83
1512,2022-02-21,40.18,7.01,25.51
1513,2022-02-22,36.14,6.99,26.75
1514,2022-02-23,39.04,7.53,28.29
1515,2022-02-24,27.97,8.59,21.37
1516,2022-02-25,27.6,8.93,11.24
1517,2022-02-26,35.2,9.01,11.7
1518,2022-02-27,35.2,8.98,11.74
1519,2022-02-28,35.2,9.02,11.73
1520,2022-01-03,35.29,8.99,11.74
1521,2022-02-03,35.4,8.97,11.7
1522,2022-03-03,35.43,9.0,11.73
1523,2022-04-03,35.4,8.97,11.72
1524,2022-05-03,35.35,9.0,12.85
1525,2022-06-03,35.32,9.02,13.73
1526,2022-07-03,35.32,8.99,13.51
1527,2022-08-03,35.31,8.73,14.71
1528,2022-09-03,35.33,8.43,16.15
1529,2022-10-03,35.32,8.44,13.5
1530,2022-11-03,35.3,8.47,10.92
1531,2022-12-03,35.3,8.46,10.8
1532,2022-03-13,35.3,8.47,10.75
1533,2022-03-14,35.3,8.48,10.75
1534,2022-03-15,35.3,8.45,10.84
1535,2022-03-16,35.3,8.44,10.75
1536,2022-03-17,35.3,8.4,10.75
1537,2022-03-18,35.3,8.44,10.8
1538,2022-03-19,35.26,8.48,11.76
1539,2022-03-20,35.24,8.45,11.81
1540,2022-03-21,35.24,8.44,11.75
1541,2022-03-22,35.24,8.45,11.74
1542,2022-03-23,35.28,8.46,12.56
1543,2022-03-24,35.32,8.46,13.39
1544,2022-03-25,35.3,8.47,13.39
1545,2022-03-26,35.27,8.47,13.39
1546,2022-03-27,35.27,8.45,13.39
1547,2022-03-28,35.27,8.46,13.39
1548,2022-03-29,46.36,8.47,13.39
1549,2022-03-30,50.38,8.45,13.39
1550,2022-03-31,47.2,8.43,13.4
1551,2022-01-04,46.91,8.43,13.38
1552,2022-02-04,47.23,8.45,13.47
1553,2022-03-04,47.17,8.5,13.43
1554,2022-04-04,47.28,8.44,13.41
1555,2022-05-04,47.29,8.46,13.4
1556,2022-06-04,47.23,8.44,13.4
1557,2022-07-04,47.32,8.48,13.41
1558,2022-08-04,47.22,8.45,13.41
1559,2022-09-04,47.2,8.41,13.4
1560,2022-10-04,47.2,8.46,13.38
1561,2022-11-04,47.3,8.42,13.44
1562,2022-12-04,47.32,8.46,13.43
1563,2022-04-13,47.38,8.43,13.44
1564,2022-04-14,47.24,8.46,13.41
1565,2022-04-15,47.06,8.46,13.52
1566,2022-04-16,47.24,8.42,13.45
1567,2022-04-17,47.27,8.43,13.45
1568,2022-04-18,47.15,8.45,13.48
1569,2022-04-19,47.14,8.42,13.47
1570,2022-04-20,47.09,8.46,19.46
1571,2022-04-21,47.3,8.49,20.64
1572,2022-04-22,47.18,8.46,23.44
1573,2022-04-23,47.32,8.42,25.85
1574,2022-04-24,47.44,8.44,25.83
1575,2022-04-25,47.09,8.43,25.81
1576,2022-04-26,47.33,8.47,25.82
1577,2022-04-27,47.4,8.45,25.87
1578,2022-04-28,47.2,8.48,25.85
1579,2022-04-29,47.21,8.43,25.86
1580,2022-04-30,47.3,8.49,25.85
1581,2022-01-05,47.26,8.45,25.82
1582,2022-02-05,47.22,8.43,25.87
1583,2022-03-05,47.25,8.4,25.84
1584,2022-04-05,47.26,8.44,26.01
1585,2022-05-05,47.16,8.45,26.19
1586,2022-06-05,47.28,8.39,25.85
1587,2022-07-05,47.31,8.46,25.84
1588,2022-08-05,47.07,8.46,25.83
1589,2022-09-05,47.21,8.46,25.86
1590,2022-10-05,47.14,8.44,25.78
1591,2022-11-05,47.32,8.46,25.78
1592,2022-12-05,47.22,8.44,25.75
1593,2022-05-13,47.26,8.48,25.76
1594,2022-05-14,47.37,8.47,25.78
1595,2022-05-15,47.18,8.45,25.78
1596,2022-05-16,47.2,8.45,25.78
1597,2022-05-17,47.33,8.46,25.81
1598,2022-05-18,47.25,8.46,25.79
1599,2022-05-19,50.61,10.22,27.57
1600,2022-05-20,48.79,12.55,34.04
1601,2022-05-21,39.54,15.7,30.14
1602,2022-05-22,37.32,18.15,17.436
1603,2022-05-23,43.55,18.72,17.552
1604,2022-05-24,52.33,20.79,14.142000000000001
1605,2022-05-25,52.47,25.21,14.142000000000001
1606,2022-05-26,51.94,24.82,14.142000000000001
1607,2022-05-27,49.79,20.78,14.142000000000001
1608,2022-05-28,44.36,19.66,17.552
1609,2022-05-29,45.94,20.85,17.550000000000004
1610,2022-05-30,44.91,23.69,16.624000000000002
1611,2022-05-31,48.99,26.32,13.302000000000001
1612,2022-01-06,55.64,27.41,16.619999999999997
1613,2022-02-06,55.04,28.34,16.619999999999997
1614,2022-03-06,52.22,31.06,14.142000000000001
1615,2022-04-06,57.45,30.83,16.619999999999997
1616,2022-05-06,51.83,24.07,14.142000000000001
1617,2022-06-06,48.53,23.02,13.302000000000001
1618,2022-07-06,44.19,22.65,16.624000000000002
1619,2022-08-06,55.43,26.75,16.619999999999997
1620,2022-09-06,56.02,28.23,16.619999999999997
1621,2022-10-06,53.75,26.83,12.35
1622,2022-11-06,55.44,23.38,12.0
1623,2022-12-06,55.7,23.52,11.99
1624,2022-06-13,53.16,20.13,16.94
1625,2022-06-14,53.52,12.21,17.04
1626,2022-06-15,50.16,8.76,17.0
1627,2022-06-16,48.85,9.7,16.99
1628,2022-06-17,45.09,10.05,16.99
1629,2022-06-18,40.44,9.44,16.98
1630,2022-06-19,42.85,11.55,16.99
1631,2022-06-20,51.73,12.47,16.99
1632,2022-06-21,45.62,9.18,16.98
1633,2022-06-22,42.49,8.01,16.95
1634,2022-06-23,45.77,7.72,16.98
1635,2022-06-24,44.96,8.26,16.98
1636,2022-06-25,44.32,11.73,16.97
1637,2022-06-26,44.37,11.78,16.96
1638,2022-06-27,47.55,12.28,16.98
1639,2022-06-28,60.68,12.87,16.96
1640,2022-06-29,59.25,11.21,16.98
1641,2022-06-30,48.73,8.26,16.95
1642,2022-01-07,41.7,5.04,16.96
1643,2022-02-07,43.53,6.39,16.99
1644,2022-03-07,45.87,8.81,16.96
1645,2022-04-07,41.74,7.57,16.95
1646,2022-05-07,42.91,7.76,16.96
1647,2022-06-07,48.97,8.12,16.94
1648,2022-07-07,47.64,7.4,16.95
1649,2022-08-07,45.27,6.69,17.09
1650,2022-09-07,45.24,6.67,16.94
1651,2022-10-07,45.25,6.7,16.93
1652,2022-11-07,45.47,7.06,16.95
1653,2022-12-07,45.61,7.9,16.95
1654,2022-07-13,44.01,7.5,16.94
1655,2022-07-14,43.88,7.49,16.96
1656,2022-07-15,42.58,7.49,16.96
1657,2022-07-16,42.13,7.45,16.96
1658,2022-07-17,41.34,6.96,16.96
1659,2022-07-18,41.48,6.95,16.96
1660,2022-07-19,41.41,6.93,16.96
1661,2022-07-20,41.36,6.99,16.97
1662,2022-07-21,41.51,6.9,16.93
1663,2022-07-22,41.39,6.98,16.93
1664,2022-07-23,41.36,6.97,16.93
1665,2022-07-24,41.6,6.96,16.91
1666,2022-07-25,41.4,6.93,16.91
1667,2022-07-26,41.49,6.96,16.92
1668,2022-07-27,41.36,6.95,16.92
1669,2022-07-28,41.56,7.33,17.0
1670,2022-07-29,42.66,8.69,16.97
1671,2022-07-30,42.59,8.74,16.97
1672,2022-07-31,42.66,8.66,16.94
1673,2022-01-08,46.25,8.26,16.95
1674,2022-02-08,42.69,7.91,16.98
1675,2022-03-08,29.38,7.7,16.99
1676,2022-04-08,34.16149367088608,6.74176322418136,20.99689973614776
1677,2022-05-08,26.002,5.58,17.0
1678,2022-06-08,18.09,5.89,11.43
1679,2022-07-08,18.18,6.48,12.7
1680,2022-08-08,18.65,7.01,16.96
1681,2022-09-08,18.72,7.66,17.02
1682,2022-10-08,18.9,7.53,17.05
1683,2022-11-08,19.02,6.67,17.0
1684,2022-12-08,19.03,6.65,16.99
1685,2022-08-13,19.03,6.64,17.09
1686,2022-08-14,19.0,6.66,16.98
1687,2022-08-15,19.02,6.67,16.95
1688,2022-08-16,19.66,7.16,17.0
1689,2022-08-17,19.63,7.59,16.99
1690,2022-08-18,19.48,7.6,17.0
1691,2022-08-19,19.43,7.69,16.99
1692,2022-08-20,18.64,7.61,16.98
1693,2022-08-21,17.93,7.64,16.98
1694,2022-08-22,17.96,7.66,16.98
1695,2022-08-23,17.22,7.65,16.98
1696,2022-08-24,17.61,8.2,17.0
