,date,SO2,NO2,CO
0,2018-01-01,4.91,32.78,1.05
1,2018-02-01,4.89,33.0,1.02
2,2018-03-01,5.12,38.71,1.11
3,2018-04-01,4.79,44.11,0.95
4,2018-05-01,5.06,52.0,1.07
5,2018-06-01,4.87,44.1,1.0
6,2018-07-01,4.99,45.08,0.98
7,2018-08-01,5.01,42.5,1.08
8,2018-09-01,5.32,39.52,1.12
9,2018-10-01,5.1,33.42,0.99
10,2018-11-01,5.23,61.36,1.06
11,2018-12-01,5.05,51.29,1.09
12,2018-01-13,5.11,53.85,1.02
13,2018-01-14,4.98,44.6,1.04
14,2018-01-15,5.0,37.6,1.01
15,2018-01-16,5.09,39.53,0.96
16,2018-01-17,5.2,37.79,1.02
17,2018-01-18,9.16,46.26,1.43
18,2018-01-19,8.79,42.66,2.06
19,2018-01-20,9.53,47.23,2.03
20,2018-01-21,9.07,40.95,2.02
21,2018-01-22,9.11,39.81,2.03
22,2018-01-23,9.08,32.98,2.08
23,2018-01-24,8.81,36.91,1.97
24,2018-01-25,6.73,37.37,1.48
25,2018-01-26,5.11,41.38,0.82
26,2018-01-27,5.27,36.77,1.02
27,2018-01-28,5.28,48.22,1.19
28,2018-01-29,4.9,54.11,1.48
29,2018-01-30,4.94,37.07,1.28
30,2018-01-31,5.01,36.19,1.29
31,2018-01-02,5.07,45.97,1.34
32,2018-02-02,4.86,37.84,1.4
33,2018-03-02,5.34,41.1,1.45
34,2018-04-02,4.99,35.16,1.41
35,2018-05-02,5.15,39.43,1.38
36,2018-06-02,3.58,23.43,0.88
37,2018-07-02,5.0,24.78,1.31
38,2018-08-02,5.16,37.96,1.45
39,2018-09-02,4.76,29.64,1.36
40,2018-10-02,5.29,34.94,1.3
41,2018-11-02,4.84,27.51,1.3
42,2018-12-02,5.27,28.37,1.52
43,2018-02-13,0.06,0.19,1.4
44,2018-02-14,9.382000000000001,29.891999999999996,1.32
45,2018-02-15,7.725999999999999,34.642,1.26
46,2018-02-16,5.446000000000001,31.944,1.41
47,2018-02-17,7.268000000000001,35.364,1.37
48,2018-02-18,7.62,36.27,1.29
49,2018-02-19,7.19,35.302,1.34
50,2018-02-20,8.52,31.070000000000004,1.48
51,2018-02-21,7.268000000000001,35.364,1.37
52,2018-02-22,8.358,25.407999999999998,1.23
53,2018-02-23,6.114,30.594,0.99
54,2018-02-24,6.758,36.52,1.31
55,2018-02-25,6.606,29.45,0.96
56,2018-02-26,9.382000000000001,29.891999999999996,1.32
57,2018-02-27,7.19,35.302,1.34
58,2018-02-28,8.120000000000001,37.176,1.25
59,2018-01-03,7.581999999999999,32.790000000000006,0.73
60,2018-02-03,6.688,23.488,0.98
61,2018-03-03,7.558000000000002,25.392,1.07
62,2018-04-03,7.392,26.778,1.27
63,2018-05-03,7.268000000000001,35.364,1.37
64,2018-06-03,7.725999999999999,34.642,1.26
65,2018-07-03,6.25,33.574,1.2
66,2018-08-03,6.25,33.574,1.2
67,2018-09-03,7.725999999999999,34.642,1.26
68,2018-10-03,6.25,33.574,1.2
69,2018-11-03,7.214,25.887999999999998,1.03
70,2018-12-03,7.3420000000000005,43.268,1.56
71,2018-03-13,12.758,50.541999999999994,1.89
72,2018-03-14,12.382,27.998,1.94
73,2018-03-15,12.931999999999999,47.734,1.87
74,2018-03-16,7.458,23.51,1.66
75,2018-03-17,8.27,19.144,2.05
76,2018-03-18,17.53,33.284000000000006,2.18
77,2018-03-19,8.898,42.736000000000004,1.73
78,2018-03-20,16.083999999999996,33.408,1.84
79,2018-03-21,20.267999999999997,20.726,1.82
80,2018-03-22,10.288,31.73,1.74
81,2018-03-23,9.876000000000001,42.809999999999995,1.76
82,2018-03-24,8.898,42.736000000000004,1.73
83,2018-03-25,10.288,31.73,1.74
84,2018-03-26,10.015801470588235,32.68217146872804,1.498016304347826
85,2018-03-27,10.015801470588235,32.68217146872804,1.498016304347826
86,2018-03-28,13.024000000000001,23.202,2.26
87,2018-03-29,12.931999999999999,47.734,1.87
88,2018-03-30,9.030000000000001,43.767999999999994,1.68
89,2018-03-31,8.468,35.510000000000005,1.81
90,2018-01-04,8.132,17.473999999999997,3.56
91,2018-02-04,9.824,52.444,1.88
92,2018-03-04,9.030000000000001,43.767999999999994,1.68
93,2018-04-04,6.124,31.875999999999998,1.33
94,2018-05-04,11.528,25.107999999999997,2.42
95,2018-06-04,16.56,21.866,1.53
96,2018-07-04,8.358,25.407999999999998,1.23
97,2018-08-04,10.015801470588235,32.68217146872804,1.498016304347826
98,2018-09-04,10.015801470588235,32.68217146872804,1.498016304347826
99,2018-10-04,5.446000000000001,31.944,1.41
100,2018-11-04,7.688,44.636,1.38
101,2018-12-04,7.725999999999999,34.642,1.26
102,2018-04-13,7.975999999999999,34.458000000000006,1.51
103,2018-04-14,8.772,37.269999999999996,1.72
104,2018-04-15,7.19,35.302,1.34
105,2018-04-16,10.015801470588235,32.68217146872804,1.498016304347826
106,2018-04-17,7.962000000000001,46.814,1.77
107,2018-04-18,7.268000000000001,35.364,1.37
108,2018-04-19,12.13,19.32,1.25
109,2018-04-20,8.578,21.302,0.84
110,2018-04-21,6.996,21.644,0.87
111,2018-04-22,6.996,21.644,0.87
112,2018-04-23,9.644,20.278,1.15
113,2018-04-24,8.358,25.407999999999998,1.23
114,2018-04-25,7.268000000000001,35.364,1.37
115,2018-04-26,8.175999999999998,45.230000000000004,1.22
116,2018-04-27,5.446000000000001,31.944,1.41
117,2018-04-28,8.314,37.344,1.36
118,2018-04-29,8.336,20.808,0.66
119,2018-04-30,10.015801470588235,32.68217146872804,1.498016304347826
120,2018-01-05,10.015801470588235,32.68217146872804,1.498016304347826
121,2018-02-05,8.722,28.190000000000005,1.52
122,2018-03-05,8.314,37.344,1.36
123,2018-04-05,5.446000000000001,31.944,1.41
124,2018-05-05,6.606,29.45,0.96
125,2018-06-05,6.25,33.574,1.2
126,2018-07-05,6.959999999999999,94.67,1.4
127,2018-08-05,10.015801470588235,32.68217146872804,1.498016304347826
128,2018-09-05,6.758,36.52,1.31
129,2018-10-05,11.118,30.218,1.28
130,2018-11-05,5.446000000000001,31.944,1.41
131,2018-12-05,7.688,44.636,1.38
132,2018-05-13,6.992,28.471999999999998,1.39
133,2018-05-14,7.268000000000001,35.364,1.37
134,2018-05-15,7.1659999999999995,39.821999999999996,1.08
135,2018-05-16,6.959999999999999,94.67,1.4
136,2018-05-17,11.118,30.218,1.28
137,2018-05-18,7.458,39.23,1.66
138,2018-05-19,7.168000000000001,56.65,1.38
139,2018-05-20,10.015801470588235,32.68217146872804,1.498016304347826
140,2018-05-21,10.015801470588235,32.68217146872804,1.498016304347826
141,2018-05-22,7.582000000000001,30.1,1.54
142,2018-05-23,7.9719999999999995,30.35,1.36
143,2018-05-24,6.470000000000001,27.25,1.41
144,2018-05-25,7.162000000000001,28.98,1.5
145,2018-05-26,6.478,34.01,1.47
146,2018-05-27,8.242,42.22,1.79
147,2018-05-28,10.754000000000001,26.38,2.0
148,2018-05-29,11.99,21.66,2.0
149,2018-05-30,7.595999999999999,14.96,2.1
150,2018-05-31,10.526,25.58,2.01
151,2018-01-06,13.330000000000002,23.82,1.97
152,2018-02-06,168.65,29.37,1.86
153,2018-03-06,11.368000000000002,21.62,1.93
154,2018-04-06,8.252,21.2,1.85
155,2018-05-06,15.41,18.34,2.01
156,2018-06-06,10.16,18.46,1.97
157,2018-07-06,5.24,29.03,1.81
158,2018-08-06,5.34,24.87,2.04
159,2018-09-06,12.176,23.98,2.0
160,2018-10-06,44.034000000000006,29.52,1.94
161,2018-11-06,6.1,23.11,1.97
162,2018-12-06,8.508,19.42,2.07
163,2018-06-13,5.99,22.46,2.05
164,2018-06-14,7.698,27.53,1.86
165,2018-06-15,9.376000000000001,19.27,2.01
166,2018-06-16,11.99,21.75,2.07
167,2018-06-17,5.98,21.11,2.04
168,2018-06-18,11.488,22.82,2.04
169,2018-06-19,9.972,18.34,1.94
170,2018-06-20,8.508,19.36,2.03
171,2018-06-21,8.51,38.31,1.89
172,2018-06-22,13.001999999999999,24.42,1.95
173,2018-06-23,10.244,24.88,1.79
174,2018-06-24,7.640000000000001,29.66,1.59
175,2018-06-25,7.448,20.45,1.69
176,2018-06-26,23.682000000000006,16.53,1.83
177,2018-06-27,5.99,31.33,2.07
178,2018-06-28,6.85,35.324,1.61
179,2018-06-29,7.99,33.838,1.65
180,2018-06-30,7.99,38.268,1.63
181,2018-01-07,7.98,28.454,1.64
182,2018-02-07,7.99,30.284000000000002,1.92
183,2018-03-07,7.98,26.994,1.72
184,2018-04-07,7.94,23.153999999999996,1.7
185,2018-05-07,7.57,26.464,1.8
186,2018-06-07,8.03,33.114,1.8
187,2018-07-07,7.98,41.48,1.31
188,2018-08-07,9.27,4.37,1.34
189,2018-09-07,8.05,12.11,1.44
190,2018-10-07,7.75,9.37,1.27
191,2018-11-07,8.0,20.94,1.03
192,2018-12-07,7.96,9.03,2.11
193,2018-07-13,7.92,9.87,1.41
194,2018-07-14,8.922,7.92,1.32
195,2018-07-15,10.015801470588235,32.68217146872804,1.498016304347826
196,2018-07-16,7.246,15.68,1.67
197,2018-07-17,7.168000000000001,1.73,1.36
198,2018-07-18,7.168000000000001,3.27,1.38
199,2018-07-19,5.978,23.5,1.4
200,2018-07-20,10.58,27.11,2.0
201,2018-07-21,10.58,27.1,2.41
202,2018-07-22,10.58,27.13,2.41
203,2018-07-23,8.17,27.04,0.84
204,2018-07-24,6.59,23.05,1.66
205,2018-07-25,4.83,75.3,1.44
206,2018-07-26,2.24,101.18,1.43
207,2018-07-27,11.36,82.37,1.3
208,2018-07-28,0.2,22.784,1.44
209,2018-07-29,11.118,30.218,1.28
210,2018-07-30,6.959999999999999,94.67,1.4
211,2018-07-31,3.08,54.28,1.26
212,2018-01-08,4.41,37.69,1.3
213,2018-02-08,6.94,30.75,1.25
214,2018-03-08,4.29,23.96,1.24
215,2018-04-08,8.42,19.92,1.19
216,2018-05-08,5.98,18.75,1.07
217,2018-06-08,9.84,43.43,1.24
218,2018-07-08,7.98,33.71,1.28
219,2018-08-08,6.93,25.87,1.33
220,2018-09-08,7.01,31.2,1.2
221,2018-10-08,9.84,25.163999999999998,1.24
222,2018-11-08,8.94,52.36,1.3
223,2018-12-08,7.61,22.009999999999998,1.24
224,2018-08-13,7.21,72.4,1.31
225,2018-08-14,8.01,35.45,1.22
226,2018-08-15,8.58,14.248,1.34
227,2018-08-16,8.92,36.49999999999999,1.46
228,2018-08-17,7.77,12.8,1.56
229,2018-08-18,7.36,6.91,1.36
230,2018-08-19,7.15,14.71,1.27
231,2018-08-20,7.4,27.61,1.32
232,2018-08-21,8.88,27.92,1.28
233,2018-08-22,12.02,27.48,1.3
234,2018-08-23,7.91,18.14,1.33
235,2018-08-24,10.55,17.62,1.34
236,2018-08-25,12.93,17.29,1.24
237,2018-08-26,10.49,13.49,1.29
238,2018-08-27,9.57,16.94,1.24
239,2018-08-28,8.22,20.41,1.15
240,2018-08-29,8.11,14.79,1.37
241,2018-08-30,6.83,15.42,1.3
242,2018-08-31,8.78,14.97,1.28
243,2018-01-09,8.91,16.08,1.37
244,2018-02-09,12.91,12.45,1.21
245,2018-03-09,10.21,16.83,1.34
246,2018-04-09,5.51,18.61,1.3
247,2018-05-09,5.96,17.69,1.24
248,2018-06-09,6.55,22.58,1.3
249,2018-07-09,7.89,22.57,1.22
250,2018-08-09,8.69,26.09,1.26
251,2018-09-09,8.1,33.06,1.34
252,2018-10-09,6.62,26.55,1.34
253,2018-11-09,6.89,34.42,1.23
254,2018-12-09,7.56,41.48,1.22
255,2018-09-13,11.49,37.64,1.14
256,2018-09-14,8.09,45.0,1.16
257,2018-09-15,6.9,37.06,1.21
258,2018-09-16,9.84,37.52,1.08
259,2018-09-17,8.77,30.02,1.13
260,2018-09-18,6.54,19.19,1.17
261,2018-09-19,8.01,20.19,1.2
262,2018-09-20,9.09,25.03,1.19
263,2018-09-21,6.18,36.94,1.28
264,2018-09-22,11.96,35.0,1.17
265,2018-09-23,6.26,53.95,1.33
266,2018-09-24,5.63,39.61,1.24
267,2018-09-25,7.14,47.4,1.32
268,2018-09-26,6.27,44.6,1.2
269,2018-09-27,9.55,46.62,1.19
270,2018-09-28,6.67,59.71,1.27
271,2018-09-29,8.52,70.89,1.42
272,2018-09-30,6.28,55.74,1.2
273,2018-01-10,10.39,60.65,1.32
274,2018-02-10,8.27,49.96,1.31
275,2018-03-10,8.1,43.2,1.18
276,2018-04-10,6.95,47.25,1.17
277,2018-05-10,8.84,40.97,1.21
278,2018-06-10,10.0,61.85,1.3
279,2018-07-10,9.08,64.28,1.29
280,2018-08-10,8.59,53.51,1.26
281,2018-09-10,10.96,61.23,1.22
282,2018-10-10,9.87,53.23,1.19
283,2018-11-10,5.93,56.25,1.2
284,2018-12-10,9.33,101.42,1.11
285,2018-10-13,7.52,58.25,0.94
286,2018-10-14,7.95,48.32,1.23
287,2018-10-15,11.37,46.69,1.28
288,2018-10-16,7.69,59.78,1.24
289,2018-10-17,9.61,36.96,1.13
290,2018-10-18,7.6,53.8,1.27
291,2018-10-19,7.36,51.25,1.25
292,2018-10-20,7.73,65.44,1.25
293,2018-10-21,7.68,83.79,1.23
294,2018-10-22,5.33,103.24,1.26
295,2018-10-23,10.015801470588235,32.68217146872804,1.498016304347826
296,2018-10-24,7.49,81.84,1.22
297,2018-10-25,6.08,64.98,1.18
298,2018-10-26,6.43,74.07,1.34
299,2018-10-27,8.18,89.7,1.43
300,2018-10-28,4.89,65.74,1.0
301,2018-10-29,10.21,87.47,1.38
302,2018-10-30,9.66,99.1,1.14
303,2018-10-31,7.75,75.32,1.23
304,2018-01-11,15.83,58.67,1.18
305,2018-02-11,2.8,37.65,1.0
306,2018-03-11,8.42,59.54,1.38
307,2018-04-11,8.05,45.48,1.49
308,2018-05-11,9.13,55.1,2.33
309,2018-06-11,9.16,51.09,2.46
310,2018-07-11,8.81,54.41,2.49
311,2018-08-11,8.48,51.86,1.01
312,2018-09-11,9.43,57.44,1.69
313,2018-10-11,7.14,57.73,1.56
314,2018-11-11,7.61,53.83,1.4
315,2018-12-11,7.31,52.99,1.43
316,2018-11-13,7.12,47.82,1.43
317,2018-11-14,7.75,69.75,1.51
318,2018-11-15,7.4,43.47,1.35
319,2018-11-16,7.42,39.77,1.47
320,2018-11-17,7.16,24.25,1.65
321,2018-11-18,5.74,18.03,1.62
322,2018-11-19,7.22,18.3,1.59
323,2018-11-20,6.17,16.64,1.58
324,2018-11-21,7.12,10.5,1.53
325,2018-11-22,10.015801470588235,32.68217146872804,1.498016304347826
326,2018-11-23,7.6,22.24,1.64
327,2018-11-24,5.97,16.88,1.64
328,2018-11-25,5.72,6.67,1.55
329,2018-11-26,6.86,10.96,1.62
330,2018-11-27,6.06,26.81,1.6
331,2018-11-28,5.81,21.12,1.61
332,2018-11-29,5.36,18.24,1.6
333,2018-11-30,5.36,22.88,1.61
334,2018-01-12,5.34,23.08,1.58
335,2018-02-12,5.71,21.2,1.6
336,2018-03-12,6.08,20.71,1.61
337,2018-04-12,5.55,19.19,1.6
338,2018-05-12,5.29,15.73,1.6
339,2018-06-12,5.72,16.34,1.56
340,2018-07-12,5.69,15.88,1.34
341,2018-08-12,4.76,15.93,1.2
342,2018-09-12,10.015801470588235,32.68217146872804,1.498016304347826
343,2018-10-12,6.0,30.37,1.43
344,2018-11-12,5.61,23.92,1.37
345,2018-12-12,6.83,34.69,1.38
346,2018-12-13,7.23,37.7,1.39
347,2018-12-14,7.79,36.29,1.37
348,2018-12-15,7.23,35.27,1.34
349,2018-12-16,6.78,24.13,1.25
350,2018-12-17,9.56,50.77,1.6
351,2018-12-18,7.43,44.42,1.45
352,2018-12-19,7.21,37.9,1.38
353,2018-12-20,8.07,50.39,1.38
354,2018-12-21,7.05,39.63,1.37
355,2018-12-22,7.26,47.5,1.39
356,2018-12-23,6.55,33.58,1.33
357,2018-12-24,7.3,43.04,1.43
358,2018-12-25,6.75,40.88,1.34
359,2018-12-26,7.21,42.02,1.36
360,2018-12-27,7.01,29.07,1.33
361,2018-12-28,6.83,41.26,1.39
362,2018-12-29,6.41,40.41,1.37
363,2018-12-30,5.7,19.95,1.25
364,2018-12-31,6.04,52.2,1.44
365,2019-01-01,6.5,43.34,1.4
366,2019-02-01,5.86,41.71,2.07
367,2019-03-01,6.39,42.89,2.06
368,2019-04-01,6.32,44.22,1.77
369,2019-05-01,6.17,45.76,1.44
370,2019-06-01,5.89,42.78,1.36
371,2019-07-01,7.15,53.52,1.45
372,2019-08-01,5.99,42.83,1.42
373,2019-09-01,7.2,48.26,1.44
374,2019-10-01,7.2,57.21,1.52
375,2019-11-01,6.9,72.17,1.55
376,2019-12-01,6.34,50.86,1.38
377,2019-01-13,6.91,46.69,1.39
378,2019-01-14,6.54,45.69,1.4
379,2019-01-15,6.33,52.3,1.4
380,2019-01-16,8.06,63.37,1.54
381,2019-01-17,6.74,47.14,1.43
382,2019-01-18,6.19,50.67,1.44
383,2019-01-19,5.22,22.71,1.28
384,2019-01-20,10.015801470588235,32.68217146872804,1.498016304347826
385,2019-01-21,7.56,59.12,1.44
386,2019-01-22,4.8,30.93,1.32
387,2019-01-23,6.8,73.34,1.59
388,2019-01-24,7.59,41.83,1.44
389,2019-01-25,7.0,48.4,1.5
390,2019-01-26,6.9,38.9,1.36
391,2019-01-27,7.46,36.25,1.34
392,2019-01-28,7.2,28.32,0.62
393,2019-01-29,5.85,28.03,1.28
394,2019-01-30,10.015801470588235,32.68217146872804,1.498016304347826
395,2019-01-31,6.95,48.18,1.44
396,2019-01-02,4.46,15.4,1.24
397,2019-02-02,7.18,57.12,1.5
398,2019-03-02,5.46,30.21,1.3
399,2019-04-02,10.015801470588235,32.68217146872804,1.498016304347826
400,2019-05-02,10.015801470588235,32.68217146872804,1.498016304347826
401,2019-06-02,6.73,57.34,1.5
402,2019-07-02,5.27,31.73,1.34
403,2019-08-02,10.015801470588235,32.68217146872804,1.498016304347826
404,2019-09-02,5.4,44.54,1.43
405,2019-10-02,10.015801470588235,32.68217146872804,1.498016304347826
406,2019-11-02,10.015801470588235,32.68217146872804,1.498016304347826
407,2019-12-02,10.015801470588235,32.68217146872804,1.498016304347826
408,2019-02-13,6.61,44.33,2.21
409,2019-02-14,8.92,57.66,1.46
410,2019-02-15,6.05,46.09,1.39
411,2019-02-16,5.32,48.33,1.42
412,2019-02-17,5.97,28.35,1.31
413,2019-02-18,7.1,47.31,1.43
414,2019-02-19,5.93,37.24,1.31
415,2019-02-20,6.04,50.55,1.39
416,2019-02-21,6.04,45.21,1.39
417,2019-02-22,6.24,55.67,1.4
418,2019-02-23,7.03,70.66,1.44
419,2019-02-24,6.52,63.62,1.42
420,2019-02-25,9.68,63.04,1.46
421,2019-02-26,6.84,37.3,1.31
422,2019-02-27,6.27,56.64,1.83
423,2019-02-28,5.79,34.45,1.36
424,2019-01-03,5.83,64.89,1.41
425,2019-02-03,6.18,48.2,1.37
426,2019-03-03,5.82,49.71,1.36
427,2019-04-03,6.36,39.48,1.33
428,2019-05-03,6.64,35.1,1.33
429,2019-06-03,5.31,25.06,1.22
430,2019-07-03,5.85,52.01,1.51
431,2019-08-03,6.05,61.63,1.42
432,2019-09-03,4.39,31.63,1.23
433,2019-10-03,10.015801470588235,32.68217146872804,1.498016304347826
434,2019-11-03,10.015801470588235,32.68217146872804,1.498016304347826
435,2019-12-03,8.6,57.66,1.47
436,2019-03-13,6.94,52.17,1.52
437,2019-03-14,6.28,54.17,1.56
438,2019-03-15,3.91,59.02,1.98
439,2019-03-16,5.51,58.31,2.02
440,2019-03-17,4.61,62.27,1.75
441,2019-03-18,4.35,40.41,1.32
442,2019-03-19,7.3,68.79,1.47
443,2019-03-20,5.29,20.09,1.19
444,2019-03-21,10.015801470588235,32.68217146872804,1.498016304347826
445,2019-03-22,10.015801470588235,32.68217146872804,1.498016304347826
446,2019-03-23,10.015801470588235,32.68217146872804,1.498016304347826
447,2019-03-24,10.015801470588235,32.68217146872804,1.498016304347826
448,2019-03-25,8.6,60.11,1.44
449,2019-03-26,6.98,47.35,1.36
450,2019-03-27,6.49,50.39,1.43
451,2019-03-28,7.32,58.33,1.39
452,2019-03-29,7.02,57.31,1.38
453,2019-03-30,6.41,39.98,1.31
454,2019-03-31,10.015801470588235,32.68217146872804,1.498016304347826
455,2019-01-04,10.015801470588235,32.68217146872804,1.498016304347826
456,2019-02-04,7.64,54.68,1.42
457,2019-03-04,8.47,68.62,1.42
458,2019-04-04,7.1,52.05,1.41
459,2019-05-04,7.01,57.7,1.38
460,2019-06-04,6.95,49.65,1.35
461,2019-07-04,7.21,46.9,1.33
462,2019-08-04,7.04,42.41,1.33
463,2019-09-04,8.12,44.57,1.34
464,2019-10-04,6.96,45.12,1.32
465,2019-11-04,9.74,83.89,1.5
466,2019-12-04,6.82,55.27,1.33
467,2019-04-13,7.88,54.0,1.38
468,2019-04-14,8.07,45.96,1.34
469,2019-04-15,6.85,52.35,1.4
470,2019-04-16,7.0,42.68,1.33
471,2019-04-17,6.28,31.44,1.31
472,2019-04-18,5.91,47.47,1.36
473,2019-04-19,7.75,61.69,2.36
474,2019-04-20,6.57,39.03,1.73
475,2019-04-21,6.65,36.99,1.71
476,2019-04-22,6.66,39.68,1.33
477,2019-04-23,6.82,46.52,1.35
478,2019-04-24,7.62,51.16,1.34
479,2019-04-25,6.91,60.17,1.39
480,2019-04-26,5.32,44.18,1.3
481,2019-04-27,7.21,68.42,1.85
482,2019-04-28,7.27,58.3,1.64
483,2019-04-29,6.41,36.75,1.52
484,2019-04-30,6.1,27.48,1.75
485,2019-01-05,5.53,25.13,2.06
486,2019-02-05,5.95,24.33,1.36
487,2019-03-05,7.2,36.9,1.38
488,2019-04-05,6.11,28.51,1.3
489,2019-05-05,5.81,39.53,1.33
490,2019-06-05,6.19,38.65,1.32
491,2019-07-05,6.19,26.61,1.34
492,2019-08-05,5.93,20.01,1.46
493,2019-09-05,5.76,36.9,1.54
494,2019-10-05,6.04,30.85,1.3
495,2019-11-05,6.28,34.3,1.34
496,2019-12-05,6.26,36.27,1.46
497,2019-05-13,5.43,32.97,1.41
498,2019-05-14,5.51,30.17,1.48
499,2019-05-15,6.67,31.55,2.24
500,2019-05-16,6.23,44.52,1.69
501,2019-05-17,4.6,27.87,1.6
502,2019-05-18,10.015801470588235,32.68217146872804,1.498016304347826
503,2019-05-19,10.015801470588235,32.68217146872804,1.498016304347826
504,2019-05-20,7.4,59.08,1.46
505,2019-05-21,5.35,45.28,1.3
506,2019-05-22,6.17,34.04,1.32
507,2019-05-23,6.45,46.44,1.36
508,2019-05-24,5.45,40.18,1.31
509,2019-05-25,6.03,37.15,1.3
510,2019-05-26,5.12,37.91,1.29
511,2019-05-27,6.57,46.36,1.37
512,2019-05-28,5.32,33.23,1.28
513,2019-05-29,6.95,70.4,1.42
514,2019-05-30,6.48,39.87,1.31
515,2019-05-31,6.19,41.62,1.31
516,2019-01-06,6.79,33.3,1.3
517,2019-02-06,6.71,36.07,1.32
518,2019-03-06,6.89,29.62,1.29
519,2019-04-06,6.27,28.19,1.28
520,2019-05-06,4.51,22.82,1.33
521,2019-06-06,5.88,36.14,1.48
522,2019-07-06,6.29,45.86,1.33
523,2019-08-06,8.4,36.05,1.29
524,2019-09-06,6.49,34.68,1.14
525,2019-10-06,7.47,33.49,1.14
526,2019-11-06,6.48,32.81,1.19
527,2019-12-06,9.46,49.27,1.37
528,2019-06-13,14.99,43.19,1.32
529,2019-06-14,12.29,39.14,1.26
530,2019-06-15,13.69,39.7,1.31
531,2019-06-16,13.52,32.45,1.24
532,2019-06-17,12.01,41.76,1.62
533,2019-06-18,11.75,33.01,1.3
534,2019-06-19,12.57,36.53,1.52
535,2019-06-20,13.2,37.48,1.46
536,2019-06-21,13.48,38.44,1.35
537,2019-06-22,12.51,47.6,1.47
538,2019-06-23,12.79,48.51,1.5
539,2019-06-24,14.42,45.49,0.79
540,2019-06-25,12.78,50.41,1.51
541,2019-06-26,12.95,34.87,1.43
542,2019-06-27,13.66,32.82,1.36
543,2019-06-28,12.61,30.09,1.35
544,2019-06-29,11.52,43.02,1.38
545,2019-06-30,5.33,16.7,1.1
546,2019-01-07,11.5,30.34,1.36
547,2019-02-07,12.19,35.75,1.4
548,2019-03-07,12.86,33.42,1.39
549,2019-04-07,14.18,48.47,1.62
550,2019-05-07,14.38,44.32,1.48
551,2019-06-07,12.74,57.44,1.48
552,2019-07-07,15.43,53.04,1.35
553,2019-08-07,16.23,34.22,1.35
554,2019-09-07,18.62,32.69,1.36
555,2019-10-07,22.99,35.1,1.31
556,2019-11-07,29.93,31.35,1.28
557,2019-12-07,33.17,32.18,1.23
558,2019-07-13,16.54,38.93,1.44
559,2019-07-14,23.87,37.44,1.3
560,2019-07-15,19.09,29.14,1.21
561,2019-07-16,6.43,30.86,1.18
562,2019-07-17,10.015801470588235,32.68217146872804,1.498016304347826
563,2019-07-18,10.015801470588235,32.68217146872804,1.498016304347826
564,2019-07-19,10.015801470588235,32.68217146872804,1.498016304347826
565,2019-07-20,6.96,57.63,1.6
566,2019-07-21,6.95,55.9,1.43
567,2019-07-22,6.7,51.25,1.49
568,2019-07-23,6.98,45.38,1.49
569,2019-07-24,7.01,38.61,1.51
570,2019-07-25,6.69,33.48,1.39
571,2019-07-26,6.92,43.87,1.49
572,2019-07-27,10.015801470588235,32.68217146872804,1.498016304347826
573,2019-07-28,10.015801470588235,32.68217146872804,1.498016304347826
574,2019-07-29,6.8,37.46,1.47
575,2019-07-30,7.15,32.56,1.44
576,2019-07-31,8.18,23.09,1.04
577,2019-01-08,7.25,30.26,1.24
578,2019-02-08,7.38,35.17,1.38
579,2019-03-08,7.03,52.94,1.76
580,2019-04-08,8.64,55.53,1.32
581,2019-05-08,7.57,35.53,1.2
582,2019-06-08,6.87,32.63,1.37
583,2019-07-08,7.77,30.33,1.36
584,2019-08-08,7.17,11.69,0.95
585,2019-09-08,7.0,67.86,1.77
586,2019-10-08,6.98,41.35,1.44
587,2019-11-08,7.27,28.17,1.22
588,2019-12-08,6.97,29.83,1.51
589,2019-08-13,7.4,30.96,1.33
590,2019-08-14,6.65,32.53,1.55
591,2019-08-15,10.015801470588235,32.68217146872804,1.498016304347826
592,2019-08-16,6.01,32.97,1.59
593,2019-08-17,7.19,30.79,1.5
594,2019-08-18,7.89,35.67,1.34
595,2019-08-19,7.55,34.66,1.5
596,2019-08-20,7.81,24.69,1.38
597,2019-08-21,7.57,26.29,1.39
598,2019-08-22,7.68,25.06,1.52
599,2019-08-23,7.51,26.84,1.39
600,2019-08-24,7.7,34.01,1.63
601,2019-08-25,7.09,32.0,1.52
602,2019-08-26,8.56,41.16,1.6
603,2019-08-27,8.34,41.86,1.64
604,2019-08-28,8.09,31.63,1.38
605,2019-08-29,8.81,47.78,1.71
606,2019-08-30,8.47,50.07,1.73
607,2019-08-31,8.85,45.04,1.61
608,2019-01-09,8.8,38.45,1.42
609,2019-02-09,10.015801470588235,32.68217146872804,1.498016304347826
610,2019-03-09,8.78,31.13,1.51
611,2019-04-09,9.1,41.91,1.66
612,2019-05-09,8.86,33.43,1.5
613,2019-06-09,9.19,32.1,1.47
614,2019-07-09,9.76,40.65,1.72
615,2019-08-09,9.11,32.52,1.39
616,2019-09-09,8.44,34.18,1.53
617,2019-10-09,8.64,33.778,1.54
618,2019-11-09,8.55,36.92,1.5
619,2019-12-09,8.43,28.96,1.42
620,2019-09-13,8.46,34.01,1.36
621,2019-09-14,7.36,44.37,1.47
622,2019-09-15,7.91,44.9,1.22
623,2019-09-16,7.72,44.35,1.37
624,2019-09-17,7.34,36.63,1.39
625,2019-09-18,7.27,37.71,1.51
626,2019-09-19,7.47,43.38,1.55
627,2019-09-20,7.59,38.45,1.59
628,2019-09-21,7.34,46.09,1.56
629,2019-09-22,7.56,56.55,1.54
630,2019-09-23,7.09,69.04,1.48
631,2019-09-24,6.78,49.01,1.63
632,2019-09-25,6.0,81.72,1.0
633,2019-09-26,5.86,60.81,1.93
634,2019-09-27,6.37,70.33,1.97
635,2019-09-28,6.34,71.34,1.7
636,2019-09-29,5.82,65.77,1.69
637,2019-09-30,10.015801470588235,32.68217146872804,1.498016304347826
638,2019-01-10,6.53,24.57,1.57
639,2019-02-10,10.015801470588235,32.68217146872804,1.498016304347826
640,2019-03-10,6.62,90.44,1.86
641,2019-04-10,7.01,71.94,1.49
642,2019-05-10,6.56,63.75,1.82
643,2019-06-10,5.98,39.97,1.43
644,2019-07-10,10.015801470588235,32.68217146872804,1.498016304347826
645,2019-08-10,10.015801470588235,32.68217146872804,1.498016304347826
646,2019-09-10,10.015801470588235,32.68217146872804,1.498016304347826
647,2019-10-10,6.7,43.6,2.27
648,2019-11-10,10.015801470588235,32.68217146872804,1.498016304347826
649,2019-12-10,10.015801470588235,32.68217146872804,1.498016304347826
650,2019-10-13,10.015801470588235,32.68217146872804,1.498016304347826
651,2019-10-14,10.015801470588235,32.68217146872804,1.498016304347826
652,2019-10-15,7.510000000000001,45.66,1.6
653,2019-10-16,10.015801470588235,32.68217146872804,1.498016304347826
654,2019-10-17,10.015801470588235,32.68217146872804,1.498016304347826
655,2019-10-18,10.015801470588235,32.68217146872804,1.498016304347826
656,2019-10-19,10.015801470588235,32.68217146872804,1.498016304347826
657,2019-10-20,10.015801470588235,32.68217146872804,1.498016304347826
658,2019-10-21,10.015801470588235,32.68217146872804,1.498016304347826
659,2019-10-22,6.93,14.66,1.59
660,2019-10-23,6.8,13.07,1.54
661,2019-10-24,6.75,19.31,1.61
662,2019-10-25,6.53,25.67,1.53
663,2019-10-26,6.23,27.02,1.66
664,2019-10-27,7.05,31.67,1.72
665,2019-10-28,9.27,38.16,1.75
666,2019-10-29,9.55,29.02,1.73
667,2019-10-30,9.69,78.4,1.83
668,2019-10-31,9.81,65.1,1.81
669,2019-01-11,9.92,53.13,1.7
670,2019-02-11,8.95,51.06,1.85
671,2019-03-11,10.015801470588235,32.68217146872804,1.498016304347826
672,2019-04-11,10.05,45.08,2.59
673,2019-05-11,10.04,26.49,1.92
674,2019-06-11,9.78,53.86,1.81
675,2019-07-11,9.9,87.01,1.99
676,2019-08-11,9.78,69.05,1.75
677,2019-09-11,9.3,72.0,1.49
678,2019-10-11,10.015801470588235,32.68217146872804,1.498016304347826
679,2019-11-11,10.11,87.25,1.94
680,2019-12-11,9.64,67.59,1.87
681,2019-11-13,10.01,43.75,1.88
682,2019-11-14,10.3,68.53,1.85
683,2019-11-15,10.29,61.15,1.85
684,2019-11-16,9.85,64.75,1.87
685,2019-11-17,9.57,78.5,1.56
686,2019-11-18,10.32,74.93,1.83
687,2019-11-19,10.02,61.89,1.63
688,2019-11-20,9.88,56.25,1.7
689,2019-11-21,10.28,81.11,2.03
690,2019-11-22,9.93,84.63,1.85
691,2019-11-23,9.45,87.82,1.6
692,2019-11-24,10.015801470588235,32.68217146872804,1.498016304347826
693,2019-11-25,10.07,91.65,2.03
694,2019-11-26,9.93,76.07,1.76
695,2019-11-27,10.07,87.98,1.82
696,2019-11-28,9.67,65.85,1.77
697,2019-11-29,9.61,40.5,1.79
698,2019-11-30,9.84,35.87,1.92
699,2019-01-12,9.69,48.938,1.78
700,2019-02-12,10.36,28.51,1.75
701,2019-03-12,9.6,65.16,1.64
702,2019-04-12,9.87,34.32,1.72
703,2019-05-12,10.015801470588235,32.68217146872804,1.498016304347826
704,2019-06-12,9.79,38.92,1.86
705,2019-07-12,10.06,40.1,1.79
706,2019-08-12,9.61,34.31,1.77
707,2019-09-12,9.71,32.95,1.88
708,2019-10-12,9.75,33.88,1.75
709,2019-11-12,10.44,25.67,0.53
710,2019-12-12,10.06,31.43,2.04
711,2019-12-13,9.58,26.42,1.91
712,2019-12-14,9.95,29.1,1.8
713,2019-12-15,10.015801470588235,32.68217146872804,1.498016304347826
714,2019-12-16,10.015801470588235,32.68217146872804,1.498016304347826
715,2019-12-17,10.44,49.53,1.92
716,2019-12-18,9.87,45.52,1.8
717,2019-12-19,10.19,49.73,1.79
718,2019-12-20,10.15,55.85,1.87
719,2019-12-21,10.13,46.21,1.79
720,2019-12-22,9.99,47.15,1.77
721,2019-12-23,9.78,51.63,1.78
722,2019-12-24,10.22,52.01,1.84
723,2019-12-25,9.99,49.91,1.75
724,2019-12-26,9.86,46.72,1.74
725,2019-12-27,9.87,50.16,1.75
726,2019-12-28,9.85,47.98,1.8
727,2019-12-29,10.09,48.0,1.77
728,2019-12-30,10.33,48.39,1.87
729,2019-12-31,10.03,41.19,1.87
730,2020-01-01,9.96,43.15,1.64
731,2020-02-01,10.09,40.81,2.04
732,2020-03-01,9.63,44.31,1.96
733,2020-04-01,10.23,50.93,2.01
734,2020-05-01,9.34,48.86,1.68
735,2020-06-01,10.09,43.52,1.78
736,2020-07-01,10.19,45.41,1.8
737,2020-08-01,9.62,28.85,1.51
738,2020-09-01,10.41,44.33,2.05
739,2020-10-01,9.71,52.87,1.68
740,2020-11-01,9.79,19.758,1.24
741,2020-12-01,10.015801470588235,32.68217146872804,1.498016304347826
742,2020-01-13,10.68,22.45,2.1
743,2020-01-14,9.65,70.3,2.0
744,2020-01-15,9.84,44.82,1.71
745,2020-01-16,10.1,54.25,1.87
746,2020-01-17,10.39,63.68,1.96
747,2020-01-18,9.39,43.08,1.69
748,2020-01-19,9.92,48.63,1.88
749,2020-01-20,10.04,57.0,1.86
750,2020-01-21,9.51,49.08,1.66
751,2020-01-22,9.76,49.88,1.77
752,2020-01-23,9.94,38.99,1.87
753,2020-01-24,10.15,66.82,1.89
754,2020-01-25,9.9,78.27,1.96
755,2020-01-26,9.83,73.54,1.88
756,2020-01-27,10.87,70.53,2.04
757,2020-01-28,9.68,47.59,1.84
758,2020-01-29,9.58,53.35,1.7
759,2020-01-30,10.04,55.5,1.93
760,2020-01-31,10.21,53.66,1.9
761,2020-01-02,10.1,54.34,1.84
762,2020-02-02,8.93,34.6,1.45
763,2020-03-02,10.03,62.84,2.0
764,2020-04-02,10.32,51.6,1.97
765,2020-05-02,9.85,49.64,1.88
766,2020-06-02,9.84,51.49,1.86
767,2020-07-02,9.67,46.97,1.94
768,2020-08-02,9.67,48.87,1.86
769,2020-09-02,9.46,43.69,1.75
770,2020-10-02,9.51,41.91,1.75
771,2020-11-02,9.36,45.23,1.89
772,2020-12-02,9.51,46.66,1.88
773,2020-02-13,10.27,63.52,2.03
774,2020-02-14,9.04,42.64,1.76
775,2020-02-15,10.45,80.73,2.36
776,2020-02-16,9.96,26.04,1.26
777,2020-02-17,9.87,50.43,1.44
778,2020-02-18,10.35,69.53,1.79
779,2020-02-19,10.1,53.99,1.67
780,2020-02-20,10.015801470588235,32.68217146872804,1.498016304347826
781,2020-02-21,10.16,56.91,1.77
782,2020-02-22,9.8,44.98,1.56
783,2020-02-23,9.61,50.69,1.63
784,2020-02-24,9.83,59.05,1.69
785,2020-02-25,9.2,47.12,1.69
786,2020-02-26,10.04,63.23,1.72
787,2020-02-27,10.07,53.67,1.69
788,2020-02-28,9.79,48.71,1.62
789,2020-02-29,9.34,52.58,1.64
790,2020-01-03,9.6,33.36,1.53
791,2020-02-03,10.26,67.46,2.17
792,2020-03-03,9.9,31.03,1.78
793,2020-04-03,9.01,35.92,1.55
794,2020-05-03,9.99,40.43,1.68
795,2020-06-03,9.86,43.65,1.54
796,2020-07-03,10.38,51.74,1.62
797,2020-08-03,9.45,44.39,1.49
798,2020-09-03,10.05,40.42,1.64
799,2020-10-03,9.86,41.48,1.64
800,2020-11-03,9.95,44.63,1.61
801,2020-12-03,9.75,48.96,1.5
802,2020-03-13,9.86,46.23,1.52
803,2020-03-14,9.94,83.2,1.84
804,2020-03-15,9.74,54.97,1.48
805,2020-03-16,9.99,54.0,1.49
806,2020-03-17,9.83,42.85,1.55
807,2020-03-18,9.75,45.69,1.67
808,2020-03-19,10.51,65.69,1.82
809,2020-03-20,10.07,43.12,1.56
810,2020-03-21,10.04,48.84,1.73
811,2020-03-22,9.81,14.05,1.34
812,2020-03-23,9.28,19.65,1.52
813,2020-03-24,10.015801470588235,32.68217146872804,1.498016304347826
814,2020-03-25,10.015801470588235,32.68217146872804,1.498016304347826
815,2020-03-26,10.015801470588235,32.68217146872804,1.498016304347826
816,2020-03-27,10.015801470588235,32.68217146872804,1.498016304347826
817,2020-03-28,10.015801470588235,32.68217146872804,1.498016304347826
818,2020-03-29,10.015801470588235,32.68217146872804,1.498016304347826
819,2020-03-30,10.015801470588235,32.68217146872804,1.498016304347826
820,2020-03-31,10.015801470588235,32.68217146872804,1.498016304347826
821,2020-01-04,10.015801470588235,32.68217146872804,1.498016304347826
822,2020-02-04,10.015801470588235,32.68217146872804,1.498016304347826
823,2020-03-04,10.015801470588235,32.68217146872804,1.498016304347826
824,2020-04-04,10.015801470588235,32.68217146872804,1.498016304347826
825,2020-05-04,10.015801470588235,32.68217146872804,1.498016304347826
826,2020-06-04,10.015801470588235,32.68217146872804,1.498016304347826
827,2020-07-04,10.015801470588235,32.68217146872804,1.498016304347826
828,2020-08-04,10.015801470588235,32.68217146872804,1.498016304347826
829,2020-09-04,10.015801470588235,32.68217146872804,1.498016304347826
830,2020-10-04,10.015801470588235,32.68217146872804,1.498016304347826
831,2020-11-04,10.015801470588235,32.68217146872804,1.498016304347826
832,2020-12-04,10.015801470588235,32.68217146872804,1.498016304347826
833,2020-04-13,10.015801470588235,32.68217146872804,1.498016304347826
834,2020-04-14,10.015801470588235,32.68217146872804,1.498016304347826
835,2020-04-15,10.015801470588235,32.68217146872804,1.498016304347826
836,2020-04-16,10.015801470588235,32.68217146872804,1.498016304347826
837,2020-04-17,10.015801470588235,32.68217146872804,1.498016304347826
838,2020-04-18,10.015801470588235,32.68217146872804,1.498016304347826
839,2020-04-19,10.015801470588235,32.68217146872804,1.498016304347826
840,2020-04-20,10.015801470588235,32.68217146872804,1.498016304347826
841,2020-04-21,10.06,20.58,1.86
842,2020-04-22,7.59,10.53,0.95
843,2020-04-23,7.7,12.51,0.93
844,2020-04-24,8.28,14.14,0.97
845,2020-04-25,7.78,13.88,0.97
846,2020-04-26,8.35,13.44,0.95
847,2020-04-27,8.01,13.41,1.0
848,2020-04-28,7.8,13.4,1.0
849,2020-04-29,8.26,13.54,1.0
850,2020-04-30,8.21,14.12,1.04
851,2020-01-05,7.89,13.83,0.98
852,2020-02-05,8.64,13.47,0.98
853,2020-03-05,8.16,13.55,1.02
854,2020-04-05,8.23,13.61,1.03
855,2020-05-05,8.07,13.64,1.04
856,2020-06-05,7.39,11.86,0.88
857,2020-07-05,4.81,6.9,0.66
858,2020-08-05,5.21,9.93,0.56
859,2020-09-05,5.47,6.96,0.63
860,2020-10-05,4.78,7.03,0.58
861,2020-11-05,5.76,6.93,0.63
862,2020-12-05,5.0,8.31,0.57
863,2020-05-13,5.6,10.12,0.67
864,2020-05-14,4.66,10.08,0.65
865,2020-05-15,4.99,10.0,0.71
866,2020-05-16,10.015801470588235,32.68217146872804,1.498016304347826
867,2020-05-17,5.46,11.15,0.71
868,2020-05-18,5.16,10.55,0.6
869,2020-05-19,4.23,25.11,0.68
870,2020-05-20,4.99,25.61,0.69
871,2020-05-21,4.7,26.67,0.73
872,2020-05-22,5.03,26.73,0.64
873,2020-05-23,5.49,26.82,0.65
874,2020-05-24,5.35,26.9,0.68
875,2020-05-25,5.55,26.76,0.7
876,2020-05-26,5.23,26.77,0.71
877,2020-05-27,5.37,26.67,0.72
878,2020-05-28,5.37,26.56,0.67
879,2020-05-29,5.14,26.77,0.7
880,2020-05-30,5.3,26.53,0.66
881,2020-05-31,10.015801470588235,32.68217146872804,1.498016304347826
882,2020-01-06,10.015801470588235,32.68217146872804,1.498016304347826
883,2020-02-06,6.87,28.4,0.63
884,2020-03-06,10.015801470588235,32.68217146872804,1.498016304347826
885,2020-04-06,7.95,26.45,0.82
886,2020-05-06,8.35,17.49,0.66
887,2020-06-06,8.63,17.44,0.67
888,2020-07-06,7.26,17.46,0.51
889,2020-08-06,7.65,17.46,0.9
890,2020-09-06,8.39,17.49,0.77
891,2020-10-06,7.76,17.43,0.63
892,2020-11-06,7.94,18.02,0.62
893,2020-12-06,7.45,17.41,0.67
894,2020-06-13,8.56,17.39,0.76
895,2020-06-14,8.14,17.33,0.67
896,2020-06-15,7.75,17.31,0.67
897,2020-06-16,8.49,17.31,0.76
898,2020-06-17,8.93,17.31,0.84
899,2020-06-18,8.07,17.31,0.72
900,2020-06-19,7.96,17.31,0.68
901,2020-06-20,8.18,17.31,0.69
902,2020-06-21,7.83,17.31,0.63
903,2020-06-22,8.3,17.31,0.67
904,2020-06-23,7.79,17.31,0.7
905,2020-06-24,7.84,17.3,0.69
906,2020-06-25,8.0,17.3,0.71
907,2020-06-26,8.3,17.28,0.63
908,2020-06-27,10.015801470588235,32.68217146872804,1.498016304347826
909,2020-06-28,10.015801470588235,32.68217146872804,1.498016304347826
910,2020-06-29,10.015801470588235,32.68217146872804,1.498016304347826
911,2020-06-30,10.015801470588235,32.68217146872804,1.498016304347826
912,2020-01-07,10.015801470588235,32.68217146872804,1.498016304347826
913,2020-02-07,10.015801470588235,32.68217146872804,1.498016304347826
914,2020-03-07,7.81,17.86,1.27
915,2020-04-07,7.56,17.3,0.8
916,2020-05-07,8.01,17.31,0.64
917,2020-06-07,8.02,17.43,0.87
918,2020-07-07,7.58,17.75,0.84
919,2020-08-07,7.3,20.3,0.77
920,2020-09-07,7.53,21.72,0.73
921,2020-10-07,7.21,24.35,0.87
922,2020-11-07,7.29,23.46,0.86
923,2020-12-07,7.1,24.75,0.72
924,2020-07-13,7.41,20.31,0.78
925,2020-07-14,7.57,17.39,0.69
926,2020-07-15,7.96,17.36,0.59
927,2020-07-16,9.5,17.36,0.48
928,2020-07-17,10.015801470588235,32.68217146872804,1.498016304347826
929,2020-07-18,10.015801470588235,32.68217146872804,1.498016304347826
930,2020-07-19,10.015801470588235,32.68217146872804,1.498016304347826
931,2020-07-20,10.015801470588235,32.68217146872804,1.498016304347826
932,2020-07-21,9.27,17.37,0.74
933,2020-07-22,8.38,17.36,0.84
934,2020-07-23,8.09,24.77,0.61
935,2020-07-24,8.3,32.45,0.65
936,2020-07-25,7.94,32.42,0.61
937,2020-07-26,8.3,32.48,0.57
938,2020-07-27,8.97,32.42,0.65
939,2020-07-28,8.23,32.46,0.58
940,2020-07-29,7.94,32.44,0.63
941,2020-07-30,8.12,32.43,0.7
942,2020-07-31,8.24,32.43,0.62
943,2020-01-08,8.52,32.44,0.79
944,2020-02-08,8.33,32.46,0.59
945,2020-03-08,8.58,32.46,0.73
946,2020-04-08,8.58,32.46,0.55
947,2020-05-08,8.36,30.35,0.74
948,2020-06-08,8.46,26.69,0.75
949,2020-07-08,7.8,27.03,0.81
950,2020-08-08,8.51,27.24,0.58
951,2020-09-08,10.015801470588235,32.68217146872804,1.498016304347826
952,2020-10-08,8.15,27.63,0.66
953,2020-11-08,8.4,56.46,0.73
954,2020-12-08,8.44,30.09,0.66
955,2020-08-13,7.92,65.72,0.59
956,2020-08-14,8.61,40.15,0.73
957,2020-08-15,8.19,21.81,0.72
958,2020-08-16,8.48,22.49,0.69
959,2020-08-17,8.26,25.67,0.79
960,2020-08-18,8.26,23.41,0.65
961,2020-08-19,8.28,26.41,0.67
962,2020-08-20,8.49,26.64,0.73
963,2020-08-21,8.32,26.51,0.72
964,2020-08-22,8.72,26.43,0.67
965,2020-08-23,8.12,26.53,0.69
966,2020-08-24,8.55,26.66,0.72
967,2020-08-25,8.06,25.64,0.66
968,2020-08-26,8.28,25.7,0.61
969,2020-08-27,8.11,25.54,0.65
970,2020-08-28,8.38,25.74,0.65
971,2020-08-29,8.34,25.61,1.222
972,2020-08-30,8.37,25.45,1.222
973,2020-08-31,8.24,25.45,1.222
974,2020-01-09,8.44,26.21,0.93
975,2020-02-09,8.14,26.28,0.56
976,2020-03-09,8.13,26.21,1.0
977,2020-04-09,8.69,26.16,1.3
978,2020-05-09,9.5,26.2,1.22
979,2020-06-09,8.49,26.07,1.21
980,2020-07-09,8.59,25.88,1.3
981,2020-08-09,8.59,25.81,0.35
982,2020-09-09,8.54,25.9,1.32
983,2020-10-09,7.82,26.04,1.08
984,2020-11-09,2.0,25.5,1.1
985,2020-12-09,9.8,25.77,1.33
986,2020-09-13,17.48,25.73,1.15
987,2020-09-14,10.72,25.7,1.23
988,2020-09-15,30.64,25.69,1.24
989,2020-09-16,13.01,25.67,1.04
990,2020-09-17,7.79,25.73,1.27
991,2020-09-18,8.32,25.84,0.94
992,2020-09-19,7.0,25.95,1.3
993,2020-09-20,10.015801470588235,32.68217146872804,1.498016304347826
994,2020-09-21,9.05,28.16,1.1
995,2020-09-22,7.82,18.11,1.23
996,2020-09-23,8.5,18.49,1.15
997,2020-09-24,7.7,19.29,1.32
998,2020-09-25,8.1,21.03,0.2
999,2020-09-26,6.56,21.75,1.22
1000,2020-09-27,8.31,23.48,1.26
1001,2020-09-28,8.47,24.07,1.3
1002,2020-09-29,7.98,24.51,1.63
1003,2020-09-30,9.72,24.34,1.23
1004,2020-01-10,7.57,24.8,1.23
1005,2020-02-10,8.936,25.24,1.11
1006,2020-03-10,6.633999999999999,25.89,1.4
1007,2020-04-10,9.45,26.57,1.2
1008,2020-05-10,9.076,27.13,1.27
1009,2020-06-10,7.168000000000001,27.07,1.38
1010,2020-07-10,6.250000000000001,26.68,0.49
1011,2020-08-10,9.075999999999999,27.23,1.21
1012,2020-09-10,7.5,27.64,1.3
1013,2020-10-10,9.075999999999999,29.32,1.23
1014,2020-11-10,10.015801470588235,32.68217146872804,1.498016304347826
1015,2020-12-10,10.015801470588235,32.68217146872804,1.498016304347826
1016,2020-10-13,10.015801470588235,32.68217146872804,1.498016304347826
1017,2020-10-14,10.015801470588235,32.68217146872804,1.498016304347826
1018,2020-10-15,10.015801470588235,32.68217146872804,1.498016304347826
1019,2020-10-16,9.042,17.46,1.33
1020,2020-10-17,9.136,16.4,1.26
1021,2020-10-18,7.922,16.7,1.15
1022,2020-10-19,7.044,16.9,1.7
1023,2020-10-20,9.459999999999999,17.19,1.15
1024,2020-10-21,8.822,17.99,1.18
1025,2020-10-22,7.544,17.33,1.33
1026,2020-10-23,8.822,18.04,1.2
1027,2020-10-24,10.015801470588235,32.68217146872804,1.498016304347826
1028,2020-10-25,10.015801470588235,32.68217146872804,1.498016304347826
1029,2020-10-26,10.015801470588235,32.68217146872804,1.498016304347826
1030,2020-10-27,9.076,16.54,1.25
1031,2020-10-28,9.282,16.77,1.18
1032,2020-10-29,8.828,16.99,1.17
1033,2020-10-30,8.578,15.87,1.28
1034,2020-10-31,11.89,16.34,1.07
1035,2020-01-11,10.015801470588235,32.68217146872804,1.498016304347826
1036,2020-02-11,6.15,16.68,1.36
1037,2020-03-11,9.788,16.87,1.2
1038,2020-04-11,9.788,16.89,1.2
1039,2020-05-11,9.34,17.06,1.23
1040,2020-06-11,7.042,17.64,1.0
1041,2020-07-11,9.075999999999999,19.47,1.14
1042,2020-08-11,9.182,19.32,1.12
1043,2020-09-11,9.076,19.47,1.25
1044,2020-10-11,11.856,16.21,1.02
1045,2020-11-11,7.178,16.92,0.64
1046,2020-12-11,8.202000000000002,17.78,1.14
1047,2020-11-13,10.774,17.54,1.38
1048,2020-11-14,19.2,19.76,1.2
1049,2020-11-15,23.05,24.69,1.13
1050,2020-11-16,8.194,26.26,0.88
1051,2020-11-17,7.401999999999999,26.68,0.9
1052,2020-11-18,8.786,28.09,0.89
1053,2020-11-19,6.372000000000001,26.82,0.87
1054,2020-11-20,6.4079999999999995,27.05,0.84
1055,2020-11-21,6.372000000000001,26.8,0.94
1056,2020-11-22,9.262,25.79,0.89
1057,2020-11-23,8.193999999999999,26.31,0.91
1058,2020-11-24,8.386,27.83,0.78
1059,2020-11-25,8.489999999999998,28.25,0.85
1060,2020-11-26,10.668,29.16,0.89
1061,2020-11-27,8.252,28.81,1.88
1062,2020-11-28,7.76,33.04,0.42
1063,2020-11-29,8.1,32.47,1.066
1064,2020-11-30,7.88,26.56,1.416
1065,2020-01-12,8.24,31.71,1.702
1066,2020-02-12,7.75,33.06,1.3599999999999999
1067,2020-03-12,7.7,35.11,0.19
1068,2020-04-12,8.06,39.43,0.6
1069,2020-05-12,7.77,39.93,0.53
1070,2020-06-12,7.99,39.34,1.7120000000000002
1071,2020-07-12,7.7,39.85,1.348
1072,2020-08-12,8.32,40.23,1.492
1073,2020-09-12,7.41,40.54,1.1540000000000001
1074,2020-10-12,7.78,39.56,1.6439999999999997
1075,2020-11-12,7.67,40.41,1.6199999999999999
1076,2020-12-12,7.29,41.36,1.418
1077,2020-12-13,7.45,43.05,1.5379999999999998
1078,2020-12-14,6.0,38.94,1.7420000000000002
1079,2020-12-15,9.27,38.49,1.1
1080,2020-12-16,9.77,38.94,1.01
1081,2020-12-17,9.38,41.4,1.01
1082,2020-12-18,7.74,41.05,0.86
1083,2020-12-19,8.11,41.05,1.08
1084,2020-12-20,8.14,40.52,1.81
1085,2020-12-21,7.72,39.19,3.2
1086,2020-12-22,7.42,38.5,2.99
1087,2020-12-23,8.12,39.71,1.7440000000000002
1088,2020-12-24,8.01,42.6,1.7440000000000002
1089,2020-12-25,7.09,43.02,1.67
1090,2020-12-26,4.06,41.43,0.64
1091,2020-12-27,6.18,29.98,1.7120000000000002
1092,2020-12-28,6.62,40.288,1.506
1093,2020-12-29,6.32,46.97800000000001,1.6039999999999999
1094,2020-12-30,7.05,9.9,1.6320000000000001
1095,2020-12-31,8.11,8.5,1.7440000000000002
1096,2021-01-01,8.26,12.37,1.7139999999999997
1097,2021-02-01,8.77,15.84,3.25
1098,2021-03-01,8.98,15.88,1.8060000000000003
1099,2021-04-01,8.72,15.71,1.25
1100,2021-05-01,8.29,17.38,1.97
1101,2021-06-01,8.37,17.32,3.0
1102,2021-07-01,9.03,16.48,1.72
1103,2021-08-01,12.86,15.99,1.74
1104,2021-09-01,3.07,17.35,1.238
1105,2021-10-01,3.76,20.06,1.636
1106,2021-11-01,4.74,18.02,1.2919999999999998
1107,2021-12-01,5.03,17.1,0.63
1108,2021-01-13,7.11,14.88,1.4140000000000001
1109,2021-01-14,5.73,14.86,1.418
1110,2021-01-15,5.87,14.96,0.83
1111,2021-01-16,8.15,14.88,0.58
1112,2021-01-17,6.95,14.7,1.6440000000000001
1113,2021-01-18,6.93,15.68,1.5020000000000002
1114,2021-01-19,5.23,15.77,1.2899999999999998
1115,2021-01-20,6.93,15.18,1.432
1116,2021-01-21,5.88,15.34,1.186
1117,2021-01-22,6.71,15.63,1.5779999999999998
1118,2021-01-23,7.31,16.08,1.3559999999999999
1119,2021-01-24,6.75,15.93,1.47
1120,2021-01-25,5.75,15.91,1.658
1121,2021-01-26,7.42,15.98,1.334
1122,2021-01-27,7.31,15.93,1.11
1123,2021-01-28,5.38,17.84,1.33
1124,2021-01-29,6.62,17.42,1.19
1125,2021-01-30,6.78,16.25,1.15
1126,2021-01-31,7.12,16.06,1.09
1127,2021-01-02,7.49,16.21,1.24
1128,2021-02-02,7.07,16.14,2.1
1129,2021-03-02,8.33,16.25,1.3479999999999999
1130,2021-04-02,6.34,16.17,1.77
1131,2021-05-02,6.6,16.38,1.4940000000000002
1132,2021-06-02,9.02,16.4,1.468
1133,2021-07-02,7.04,16.75,1.2180000000000002
1134,2021-08-02,8.3,16.91,1.39
1135,2021-09-02,7.13,17.26,1.25
1136,2021-10-02,7.67,23.14,1.06
1137,2021-11-02,10.73,33.3,1.656
1138,2021-12-02,10.58,33.28,1.746
1139,2021-02-13,11.32,33.28,1.502
1140,2021-02-14,11.02,33.37,1.7
1141,2021-02-15,9.67,33.34,1.534
1142,2021-02-16,6.64,26.37,0.0
1143,2021-02-17,8.96,27.53,1.13
1144,2021-02-18,7.63,27.66,1.26
1145,2021-02-19,7.88,27.66,1.5979999999999999
1146,2021-02-20,8.13,27.97,1.35
1147,2021-02-21,8.81,28.06,1.254
1148,2021-02-22,8.11,27.97,1.5779999999999998
1149,2021-02-23,8.51,26.77,1.63
1150,2021-02-24,8.34,27.77,1.226
1151,2021-02-25,7.31,27.55,1.508
1152,2021-02-26,6.48,27.6,2.84
1153,2021-02-27,7.59,27.49,1.492
1154,2021-02-28,10.015801470588235,32.68217146872804,1.498016304347826
1155,2021-01-03,8.47,26.03,1.22
1156,2021-02-03,7.64,26.17,1.244
1157,2021-03-03,8.81,26.18,1.1620000000000001
1158,2021-04-03,7.48,26.76,0.9180000000000001
1159,2021-05-03,8.94,27.2,0.54
1160,2021-06-03,9.02,30.25,0.5
1161,2021-07-03,8.36,37.51,3.74
1162,2021-08-03,8.09,33.31,4.6
1163,2021-09-03,10.015801470588235,32.68217146872804,1.498016304347826
1164,2021-10-03,10.015801470588235,32.68217146872804,1.498016304347826
1165,2021-11-03,10.015801470588235,32.68217146872804,1.498016304347826
1166,2021-12-03,10.015801470588235,32.68217146872804,1.498016304347826
1167,2021-03-13,10.015801470588235,32.68217146872804,1.498016304347826
1168,2021-03-14,10.015801470588235,32.68217146872804,1.498016304347826
1169,2021-03-15,10.015801470588235,32.68217146872804,1.498016304347826
1170,2021-03-16,10.015801470588235,32.68217146872804,1.498016304347826
1171,2021-03-17,10.015801470588235,32.68217146872804,1.498016304347826
1172,2021-03-18,10.015801470588235,32.68217146872804,1.498016304347826
1173,2021-03-19,10.015801470588235,32.68217146872804,1.498016304347826
1174,2021-03-20,10.015801470588235,32.68217146872804,1.498016304347826
1175,2021-03-21,10.015801470588235,32.68217146872804,1.498016304347826
1176,2021-03-22,7.38,22.86,3.45
1177,2021-03-23,8.55,22.56,1.0
1178,2021-03-24,10.09,22.74,2.28
1179,2021-03-25,9.08,22.64,1.02
1180,2021-03-26,10.27,22.44,0.0
1181,2021-03-27,8.75,22.9,0.0
1182,2021-03-28,8.83,23.0,0.0
1183,2021-03-29,9.33,34.11,0.81
1184,2021-03-30,8.68,22.81,0.76
1185,2021-03-31,9.1,22.75,0.77
1186,2021-01-04,9.05,22.63,0.61
1187,2021-02-04,7.25,22.97,0.02
1188,2021-03-04,10.015801470588235,32.68217146872804,1.498016304347826
1189,2021-04-04,10.015801470588235,32.68217146872804,1.498016304347826
1190,2021-05-04,10.26,22.82,0.92
1191,2021-06-04,9.48,22.86,2.25
1192,2021-07-04,10.04,22.56,1.81
1193,2021-08-04,9.88,22.86,0.0
1194,2021-09-04,8.34,45.48,0.04
1195,2021-10-04,8.3,33.62,0.0
1196,2021-11-04,8.09,34.34,0.0
1197,2021-12-04,9.52,76.07,0.0
1198,2021-04-13,9.65,436.16,0.0
1199,2021-04-14,9.43,36.27,0.56
1200,2021-04-15,9.31,34.58,2.01
1201,2021-04-16,8.37,36.11,0.95
1202,2021-04-17,8.8,36.27,0.93
1203,2021-04-18,8.17,36.04,0.7
1204,2021-04-19,9.94,36.22,0.16
1205,2021-04-20,10.015801470588235,32.68217146872804,1.498016304347826
1206,2021-04-21,10.015801470588235,32.68217146872804,1.498016304347826
1207,2021-04-22,10.015801470588235,32.68217146872804,1.498016304347826
1208,2021-04-23,10.015801470588235,32.68217146872804,1.498016304347826
1209,2021-04-24,10.015801470588235,32.68217146872804,1.498016304347826
1210,2021-04-25,10.015801470588235,32.68217146872804,1.498016304347826
1211,2021-04-26,10.015801470588235,32.68217146872804,1.498016304347826
1212,2021-04-27,10.015801470588235,32.68217146872804,1.498016304347826
1213,2021-04-28,10.015801470588235,32.68217146872804,1.498016304347826
1214,2021-04-29,10.015801470588235,32.68217146872804,1.498016304347826
1215,2021-04-30,13.008,24.15,2.74
1216,2021-01-05,14.5,23.38,1.78
1217,2021-02-05,12.27,22.1,2.35
1218,2021-03-05,7.0,22.45,2.37
1219,2021-04-05,7.0,22.44,2.28
1220,2021-05-05,8.508,22.14,1.95
1221,2021-06-05,8.012,22.49,1.55
1222,2021-07-05,8.02,22.25,2.27
1223,2021-08-05,8.22,22.38,1.01
1224,2021-09-05,8.85,22.47,1.8
1225,2021-10-05,5.72,22.47,1.94
1226,2021-11-05,4.52,22.8,1.61
1227,2021-12-05,4.53,22.36,1.57
1228,2021-05-13,3.88,22.55,1.41
1229,2021-05-14,4.42,22.49,1.35
1230,2021-05-15,2.77,22.57,1.7
1231,2021-05-16,4.68,22.53,2.1
1232,2021-05-17,4.68,22.79,1.37
1233,2021-05-18,5.73,22.36,1.66
1234,2021-05-19,4.85,22.13,0.96
1235,2021-05-20,4.3,22.42,0.92
1236,2021-05-21,4.73,22.68,0.92
1237,2021-05-22,4.33,22.44,0.38
1238,2021-05-23,10.015801470588235,32.68217146872804,1.498016304347826
1239,2021-05-24,3.64,21.87,0.98
1240,2021-05-25,4.23,22.62,0.87
1241,2021-05-26,2.6,22.4,0.72
1242,2021-05-27,4.74,22.86,0.88
1243,2021-05-28,5.99,22.63,0.91
1244,2021-05-29,4.45,22.3,1.14
1245,2021-05-30,3.07,22.88,0.57
1246,2021-05-31,4.49,23.1,1.24
1247,2021-01-06,3.04,22.83,0.86
1248,2021-02-06,3.3,22.93,1.1
1249,2021-03-06,5.66,22.41,1.28
1250,2021-04-06,6.23,23.02,1.31
1251,2021-05-06,6.448,22.41,0.96
1252,2021-06-06,7.266,22.83,0.57
1253,2021-07-06,6.02,22.24,0.69
1254,2021-08-06,5.98,22.74,0.88
1255,2021-09-06,6.0,23.19,0.99
1256,2021-10-06,6.01,22.97,0.92
1257,2021-11-06,6.0,69.58,0.86
1258,2021-12-06,6.0,280.9,0.85
1259,2021-06-13,6.01,24.863999999999997,2.69
1260,2021-06-14,5.99,17.29,1.5
1261,2021-06-15,6.0,15.14,0.16
1262,2021-06-16,6.03,15.18,0.37
1263,2021-06-17,6.0,9.48,1.48
1264,2021-06-18,6.0,17.46,0.97
1265,2021-06-19,5.99,22.78,0.67
1266,2021-06-20,5.99,22.84,0.56
1267,2021-06-21,5.99,22.45,0.46
1268,2021-06-22,6.6,22.7,0.93
1269,2021-06-23,10.07,22.62,1.42
1270,2021-06-24,8.95,22.67,1.13
1271,2021-06-25,10.17,39.63,1.16
1272,2021-06-26,10.81,22.59,1.71
1273,2021-06-27,8.46,22.88,1.54
1274,2021-06-28,8.09,22.09,1.44
1275,2021-06-29,6.69,23.92,1.15
1276,2021-06-30,6.18,23.43,1.28
1277,2021-01-07,5.8,22.41,1.45
1278,2021-02-07,6.88,22.58,1.15
1279,2021-03-07,6.24,22.92,1.19
1280,2021-04-07,7.1,21.97,1.31
1281,2021-05-07,6.72,22.37,1.1
1282,2021-06-07,7.9,22.6,1.46
1283,2021-07-07,5.28,23.54,0.99
1284,2021-08-07,8.16,22.61,1.43
1285,2021-09-07,7.4,22.97,1.32
1286,2021-10-07,6.91,23.01,1.68
1287,2021-11-07,7.04,22.92,1.49
1288,2021-12-07,7.66,22.48,1.59
1289,2021-07-13,6.02,22.6,0.82
1290,2021-07-14,6.17,21.7,1.24
1291,2021-07-15,6.66,77.68,1.1
1292,2021-07-16,5.18,307.92,1.4
1293,2021-07-17,7.61,444.49,1.36
1294,2021-07-18,6.74,22.732,1.65
1295,2021-07-19,7.27,454.57,0.82
1296,2021-07-20,4.65,5.0,0.89
1297,2021-07-21,6.01,25.796000000000003,1.31
1298,2021-07-22,6.07,10.05,0.89
1299,2021-07-23,5.05,6.92,1.61
1300,2021-07-24,6.5,7.43,3.63
1301,2021-07-25,7.56,7.79,3.34
1302,2021-07-26,8.1,7.82,1.37
1303,2021-07-27,6.28,23.92,0.6
1304,2021-07-28,7.47,7.0,1.81
1305,2021-07-29,7.08,9.9,1.71
1306,2021-07-30,7.39,17.0,0.92
1307,2021-07-31,7.33,17.0,1.16
1308,2021-01-08,10.015801470588235,32.68217146872804,1.498016304347826
1309,2021-02-08,6.88,17.0,1.57
1310,2021-03-08,7.96,16.46,1.18
1311,2021-04-08,5.38,16.0,0.56
1312,2021-05-08,7.09,16.0,2.32
1313,2021-06-08,6.22,15.41,1.4
1314,2021-07-08,8.72,15.0,1.36
1315,2021-08-08,10.015801470588235,32.68217146872804,1.498016304347826
1316,2021-09-08,8.16,15.9,1.31
1317,2021-10-08,4.59,15.53,0.82
1318,2021-11-08,7.29,15.0,0.5
1319,2021-12-08,6.19,15.0,2.32
1320,2021-08-13,7.41,16.38,1.07
1321,2021-08-14,6.54,18.4,1.02
1322,2021-08-15,6.52,18.4,1.04
1323,2021-08-16,7.75,17.86,1.34
1324,2021-08-17,7.24,17.4,1.15
1325,2021-08-18,8.7,17.4,1.43
1326,2021-08-19,8.13,17.0,0.87
1327,2021-08-20,6.89,16.4,1.23
1328,2021-08-21,5.85,16.4,1.6
1329,2021-08-22,7.13,16.4,1.26
1330,2021-08-23,6.35,15.93,0.59
1331,2021-08-24,6.53,14.92,1.14
1332,2021-08-25,8.46,14.0,1.99
1333,2021-08-26,8.66,14.01,2.52
1334,2021-08-27,8.18,14.0,3.01
1335,2021-08-28,9.62,14.0,1.49
1336,2021-08-29,7.8,14.01,2.7
1337,2021-08-30,9.2,27.74,0.99
1338,2021-08-31,8.37,28.36,1.59
1339,2021-01-09,9.5,28.34,1.01
1340,2021-02-09,9.83,28.35,0.83
1341,2021-03-09,10.015801470588235,32.68217146872804,1.498016304347826
1342,2021-04-09,10.015801470588235,32.68217146872804,1.498016304347826
1343,2021-05-09,10.015801470588235,32.68217146872804,1.498016304347826
1344,2021-06-09,10.015801470588235,32.68217146872804,1.498016304347826
1345,2021-07-09,9.0,19.01,3.62
1346,2021-08-09,8.71,18.98,2.6
1347,2021-09-09,9.08,18.99,2.11
1348,2021-10-09,9.44,19.02,1.82
1349,2021-11-09,10.4,18.98,2.4
1350,2021-12-09,9.64,19.03,2.29
1351,2021-09-13,9.1,18.98,2.64
1352,2021-09-14,8.91,19.0,3.17
1353,2021-09-15,7.22,19.05,2.57
1354,2021-09-16,8.54,19.01,2.38
1355,2021-09-17,8.45,19.04,2.6
1356,2021-09-18,8.8,18.99,1.62
1357,2021-09-19,9.99,19.0,2.04
1358,2021-09-20,9.07,19.02,4.97
1359,2021-09-21,9.09,19.04,1.11
1360,2021-09-22,10.015801470588235,32.68217146872804,1.498016304347826
1361,2021-09-23,8.72,19.07,0.95
1362,2021-09-24,10.08,18.97,1.55
1363,2021-09-25,10.015801470588235,32.68217146872804,1.498016304347826
1364,2021-09-26,7.27,19.0,0.89
1365,2021-09-27,10.73,19.01,1.45
1366,2021-09-28,9.16,19.03,2.72
1367,2021-09-29,8.94,18.99,1.84
1368,2021-09-30,9.34,18.96,2.35
1369,2021-01-10,8.82,19.01,2.1
1370,2021-02-10,9.56,18.93,2.78
1371,2021-03-10,9.98,18.95,2.75
1372,2021-04-10,10.37,19.05,3.43
1373,2021-05-10,8.08,19.02,1.75
1374,2021-06-10,10.36,19.02,3.06
1375,2021-07-10,10.43,18.99,2.56
1376,2021-08-10,7.41,19.02,3.57
1377,2021-09-10,8.68,19.0,1.93
1378,2021-10-10,8.68,19.01,1.92
1379,2021-11-10,8.69,19.0,2.33
1380,2021-12-10,9.61,19.01,2.4
1381,2021-10-13,7.65,19.02,2.12
1382,2021-10-14,9.95,19.01,2.0
1383,2021-10-15,7.87,18.99,2.68
1384,2021-10-16,7.28,18.98,2.88
1385,2021-10-17,7.37,19.0,2.78
1386,2021-10-18,8.08,18.99,2.76
1387,2021-10-19,6.16,18.98,1.76
1388,2021-10-20,10.69,19.0,2.47
1389,2021-10-21,9.08,18.97,3.07
1390,2021-10-22,8.75,19.11,4.13
1391,2021-10-23,10.015801470588235,32.68217146872804,1.498016304347826
1392,2021-10-24,10.015801470588235,32.68217146872804,1.498016304347826
1393,2021-10-25,10.55,18.97,4.45
1394,2021-10-26,11.28,18.98,2.1
1395,2021-10-27,10.93,19.0,3.21
1396,2021-10-28,11.79,18.97,1.25
1397,2021-10-29,10.015801470588235,32.68217146872804,1.498016304347826
1398,2021-10-30,9.35,19.03,2.37
1399,2021-10-31,10.91,19.01,5.42
1400,2021-01-11,10.37,18.99,1.97
1401,2021-02-11,9.62,19.01,1.33
1402,2021-03-11,9.36,19.92,2.25
1403,2021-04-11,16.83,23.05,1.48
1404,2021-05-11,14.11,23.49,1.07
1405,2021-06-11,14.25,23.42,2.13
1406,2021-07-11,14.02,23.03,1.75
1407,2021-08-11,12.92,23.0,1.84
1408,2021-09-11,13.36,23.01,1.45
1409,2021-10-11,11.4,22.97,2.37
1410,2021-11-11,12.31,22.98,1.58
1411,2021-12-11,12.81,22.99,1.11
1412,2021-11-13,12.83,23.01,2.13
1413,2021-11-14,11.98,22.99,2.14
1414,2021-11-15,13.84,23.0,1.69
1415,2021-11-16,12.15,23.01,3.22
1416,2021-11-17,12.78,23.02,1.43
1417,2021-11-18,13.44,23.0,1.31
1418,2021-11-19,14.93,22.99,1.52
1419,2021-11-20,12.6,22.94,0.72
1420,2021-11-21,10.015801470588235,32.68217146872804,1.498016304347826
1421,2021-11-22,15.07,23.03,0.66
1422,2021-11-23,14.74,22.99,0.72
1423,2021-11-24,15.17,22.98,0.72
1424,2021-11-25,13.25,22.94,0.82
1425,2021-11-26,14.09,22.99,0.9
1426,2021-11-27,13.78,23.01,0.9
1427,2021-11-28,14.85,23.0,0.9
1428,2021-11-29,12.35,23.04,0.88
1429,2021-11-30,10.19,23.08,0.9
1430,2021-01-12,13.72,22.96,0.9
1431,2021-02-12,13.46,22.95,0.9
1432,2021-03-12,13.99,23.01,0.9
1433,2021-04-12,14.45,23.01,0.89
1434,2021-05-12,14.05,23.03,0.9
1435,2021-06-12,11.33,22.98,0.9
1436,2021-07-12,14.47,23.03,0.9
1437,2021-08-12,14.32,22.98,0.9
1438,2021-09-12,13.17,22.92,0.9
1439,2021-10-12,11.57,22.96,0.9
1440,2021-11-12,12.89,23.0,0.9
1441,2021-12-12,13.65,23.04,0.9
1442,2021-12-13,12.15,23.06,0.9
1443,2021-12-14,12.34,23.03,0.9
1444,2021-12-15,11.86,23.0,0.9
1445,2021-12-16,11.57,23.01,0.9
1446,2021-12-17,13.09,22.99,1.13
1447,2021-12-18,15.82,22.98,1.31
1448,2021-12-19,11.62,23.0,1.31
1449,2021-12-20,13.95,22.99,1.31
1450,2021-12-21,15.52,23.0,1.31
1451,2021-12-22,12.03,23.04,1.31
1452,2021-12-23,13.85,23.01,1.31
1453,2021-12-24,13.22,22.98,1.31
1454,2021-12-25,10.015801470588235,32.68217146872804,1.498016304347826
1455,2021-12-26,10.015801470588235,32.68217146872804,1.498016304347826
1456,2021-12-27,14.44,23.05,1.31
1457,2021-12-28,15.83,23.0,1.31
1458,2021-12-29,13.73,22.99,1.31
1459,2021-12-30,14.55,22.97,1.31
1460,2021-12-31,10.61,23.01,1.31
1461,2022-01-01,13.14,22.99,1.31
1462,2022-02-01,12.33,23.02,1.31
1463,2022-03-01,13.25,23.0,1.31
1464,2022-04-01,14.93,23.01,1.31
1465,2022-05-01,12.14,23.01,1.31
1466,2022-06-01,10.72,23.03,1.31
1467,2022-07-01,14.39,22.99,1.43
1468,2022-08-01,13.62,22.96,1.66
1469,2022-09-01,14.47,23.02,1.67
1470,2022-10-01,14.49,23.01,1.6
1471,2022-11-01,11.69,24.27,1.48
1472,2022-12-01,12.45,25.39,1.42
1473,2022-01-13,13.0,25.27,1.42
1474,2022-01-14,13.22,24.42,1.83
1475,2022-01-15,12.92,24.41,2.38
1476,2022-01-16,16.14,24.33,2.36
1477,2022-01-17,17.72,24.46,2.12
1478,2022-01-18,14.4,24.53,1.98
1479,2022-01-19,15.14,24.4,1.98
1480,2022-01-20,13.14,24.45,1.97
1481,2022-01-21,13.85,24.45,2.0
1482,2022-01-22,14.28,24.38,1.98
1483,2022-01-23,15.84,24.36,1.97
1484,2022-01-24,16.08,24.47,1.99
1485,2022-01-25,14.63,24.43,1.7
1486,2022-01-26,13.58,24.39,1.48
1487,2022-01-27,13.27,24.36,1.79
1488,2022-01-28,12.58,24.39,2.15
1489,2022-01-29,13.72,24.4,2.26
1490,2022-01-30,13.93,24.37,1.97
1491,2022-01-31,13.67,24.35,2.0
1492,2022-01-02,14.47,24.37,2.13
1493,2022-02-02,11.11,24.35,1.85
1494,2022-03-02,12.79,24.42,1.85
1495,2022-04-02,14.55,24.38,2.41
1496,2022-05-02,12.42,24.39,2.5
1497,2022-06-02,11.77,24.43,1.93
1498,2022-07-02,12.57,24.46,2.32
1499,2022-08-02,12.51,24.36,2.45
1500,2022-09-02,10.89,24.41,2.26
1501,2022-10-02,13.99,24.4,2.49
1502,2022-11-02,12.37,24.38,2.86
1503,2022-12-02,13.02,24.4,2.78
1504,2022-02-13,15.11,24.46,2.79
1505,2022-02-14,12.32,24.43,2.42
1506,2022-02-15,14.86,24.42,2.26
1507,2022-02-16,10.97,24.4,2.2
1508,2022-02-17,13.37,24.45,2.22
1509,2022-02-18,13.53,24.39,2.28
1510,2022-02-19,14.03,24.4,2.29
1511,2022-02-20,11.64,24.47,2.3
1512,2022-02-21,14.75,24.38,2.32
1513,2022-02-22,14.0,24.39,2.28
1514,2022-02-23,12.54,24.46,2.3
1515,2022-02-24,18.99,24.36,2.3
1516,2022-02-25,19.01,24.47,2.09
1517,2022-02-26,19.0,24.49,2.19
1518,2022-02-27,18.99,24.39,2.19
1519,2022-02-28,18.98,24.4,2.19
1520,2022-01-03,19.02,24.35,2.29
1521,2022-02-03,18.95,24.47,2.25
1522,2022-03-03,18.98,24.42,2.18
1523,2022-04-03,18.96,24.43,2.21
1524,2022-05-03,19.09,24.38,2.2
1525,2022-06-03,10.015801470588235,32.68217146872804,1.498016304347826
1526,2022-07-03,18.95,24.4,2.2
1527,2022-08-03,19.03,24.39,2.22
1528,2022-09-03,18.97,24.54,2.32
1529,2022-10-03,18.99,24.48,2.58
1530,2022-11-03,18.96,24.39,2.59
1531,2022-12-03,18.99,24.38,2.58
1532,2022-03-13,19.01,24.53,2.56
1533,2022-03-14,18.96,24.43,2.56
1534,2022-03-15,18.87,24.44,2.29
1535,2022-03-16,18.98,24.55,2.59
1536,2022-03-17,18.97,24.48,2.58
1537,2022-03-18,18.98,24.42,2.56
1538,2022-03-19,18.98,24.4,2.57
1539,2022-03-20,18.96,24.46,2.57
1540,2022-03-21,19.01,24.42,2.45
1541,2022-03-22,21.58,19.99,2.16
1542,2022-03-23,23.66,16.56,1.83
1543,2022-03-24,23.68,16.6,1.83
1544,2022-03-25,23.76,16.55,1.7
1545,2022-03-26,23.75,16.57,1.84
1546,2022-03-27,10.015801470588235,32.68217146872804,1.498016304347826
1547,2022-03-28,23.63,16.92,1.82
1548,2022-03-29,23.5,16.63,1.82
1549,2022-03-30,23.71,16.08,1.85
1550,2022-03-31,23.68,16.55,1.83
1551,2022-01-04,23.71,16.54,1.83
1552,2022-02-04,23.71,16.64,1.83
1553,2022-03-04,23.72,16.56,1.83
1554,2022-04-04,23.73,16.6,1.83
1555,2022-05-04,23.71,16.46,1.82
1556,2022-06-04,23.71,16.54,1.83
1557,2022-07-04,23.71,16.48,1.83
1558,2022-08-04,23.71,16.48,1.84
1559,2022-09-04,23.69,16.52,1.83
1560,2022-10-04,23.84,16.56,1.83
1561,2022-11-04,23.69,16.51,1.82
1562,2022-12-04,23.71,16.52,1.83
1563,2022-04-13,23.7,16.5,1.82
1564,2022-04-14,23.68,16.58,1.83
1565,2022-04-15,10.015801470588235,32.68217146872804,1.498016304347826
1566,2022-04-16,23.75,16.48,1.83
1567,2022-04-17,23.67,16.49,1.83
1568,2022-04-18,23.75,16.67,1.83
1569,2022-04-19,23.69,16.54,1.83
1570,2022-04-20,23.65,16.53,1.83
1571,2022-04-21,23.76,16.58,1.82
1572,2022-04-22,23.66,16.58,1.82
1573,2022-04-23,23.75,16.59,1.83
1574,2022-04-24,23.76,16.58,1.83
1575,2022-04-25,23.6,16.56,1.83
1576,2022-04-26,23.66,16.62,1.83
1577,2022-04-27,23.69,16.56,1.83
1578,2022-04-28,23.64,16.65,1.83
1579,2022-04-29,23.66,16.56,1.84
1580,2022-04-30,23.68,16.5,1.84
1581,2022-01-05,10.015801470588235,32.68217146872804,1.498016304347826
1582,2022-02-05,23.63,16.53,1.83
1583,2022-03-05,23.75,16.65,1.83
1584,2022-04-05,23.68,16.52,1.84
1585,2022-05-05,23.73,16.48,1.82
1586,2022-06-05,23.67,16.41,1.83
1587,2022-07-05,20.74,18.66,2.12
1588,2022-08-05,16.55,21.61,2.57
1589,2022-09-05,16.52,21.57,2.57
1590,2022-10-05,16.53,21.66,2.02
1591,2022-11-05,16.55,21.6,1.53
1592,2022-12-05,16.57,21.54,1.53
1593,2022-05-13,16.54,21.54,1.5
1594,2022-05-14,16.59,21.5,1.53
1595,2022-05-15,16.52,21.6,1.53
1596,2022-05-16,16.52,21.55,1.53
1597,2022-05-17,16.54,21.56,1.53
1598,2022-05-18,16.52,21.61,1.51
1599,2022-05-19,16.6,21.56,1.54
1600,2022-05-20,16.52,21.64,1.52
1601,2022-05-21,16.58,21.47,1.53
1602,2022-05-22,16.61,21.51,1.54
1603,2022-05-23,16.58,21.5,1.53
1604,2022-05-24,16.59,21.56,1.54
1605,2022-05-25,16.55,21.54,1.53
1606,2022-05-26,16.56,21.55,1.53
1607,2022-05-27,16.6,21.56,1.01
1608,2022-05-28,10.015801470588235,32.68217146872804,1.498016304347826
1609,2022-05-29,10.015801470588235,32.68217146872804,1.498016304347826
1610,2022-05-30,16.56,21.55,1.53
1611,2022-05-31,16.58,21.6,1.53
1612,2022-01-06,16.53,21.54,1.53
1613,2022-02-06,18.63,22.83,1.8
1614,2022-03-06,25.6,24.46,2.56
1615,2022-04-06,22.06,17.56,2.17
1616,2022-05-06,20.9,18.43,2.49
1617,2022-06-06,21.81,19.64,2.61
1618,2022-07-06,23.86,17.34,2.37
1619,2022-08-06,29.64,16.29,1.06
1620,2022-09-06,28.53,17.63,1.35
1621,2022-10-06,25.51,24.95,2.36
1622,2022-11-06,27.7,29.77,2.0
1623,2022-12-06,27.69,29.65,2.0
1624,2022-06-13,25.36,27.83,2.15
1625,2022-06-14,20.82,20.12,2.17
1626,2022-06-15,15.92,15.59,1.64
1627,2022-06-16,17.38,11.66,1.35
1628,2022-06-17,15.79,9.67,1.49
1629,2022-06-18,14.15,9.09,1.43
1630,2022-06-19,13.85,9.11,1.37
1631,2022-06-20,17.04,11.01,1.54
1632,2022-06-21,16.15,9.23,1.66
1633,2022-06-22,14.54,5.94,1.47
1634,2022-06-23,16.91,13.6,1.44
1635,2022-06-24,19.65,22.85,1.1
1636,2022-06-25,18.68,21.77,1.39
1637,2022-06-26,18.7,23.35,1.63
1638,2022-06-27,18.09,23.3,1.83
1639,2022-06-28,18.52,22.69,1.94
1640,2022-06-29,18.52,22.5,2.4
1641,2022-06-30,18.9,21.25,2.34
1642,2022-01-07,18.18,20.38,2.23
1643,2022-02-07,17.24,24.27,2.92
1644,2022-03-07,17.22,23.42,1.76
1645,2022-04-07,16.94,25.55,2.93
1646,2022-05-07,17.53,22.29,2.23
1647,2022-06-07,17.96,24.28,2.36
1648,2022-07-07,17.86,22.69,2.35
1649,2022-08-07,17.44,24.37,1.87
1650,2022-09-07,17.46,26.93,1.85
1651,2022-10-07,17.46,23.83,1.48
1652,2022-11-07,17.55,26.61,1.71
1653,2022-12-07,17.95,24.78,1.82
1654,2022-07-13,17.92,24.93,2.15
1655,2022-07-14,17.89,26.29,1.94
1656,2022-07-15,17.49,27.37,1.9
1657,2022-07-16,17.47,25.3,2.15
1658,2022-07-17,16.96,23.85,1.9
1659,2022-07-18,16.98,23.88,2.06
1660,2022-07-19,16.99,23.99,1.79
1661,2022-07-20,16.94,24.44,1.87
1662,2022-07-21,17.0,24.15,1.99
1663,2022-07-22,16.98,24.49,1.86
1664,2022-07-23,16.97,24.41,1.98
1665,2022-07-24,17.0,24.32,1.92
1666,2022-07-25,16.94,23.4,2.21
1667,2022-07-26,16.96,22.51,1.82
1668,2022-07-27,16.95,26.07,2.04
1669,2022-07-28,16.95,27.67,1.82
1670,2022-07-29,17.45,32.42,2.29
1671,2022-07-30,17.71,25.6,1.64
1672,2022-07-31,17.67,23.0,0.12
1673,2022-01-08,17.73,31.31,0.25
1674,2022-02-08,17.73,25.08,1.99
1675,2022-03-08,17.79,26.19,2.11
1676,2022-04-08,17.74,25.76,2.46
1677,2022-05-08,17.72,27.16,2.53
1678,2022-06-08,17.7,26.6,2.9
1679,2022-07-08,17.74,26.44,1.82
1680,2022-08-08,17.79,27.64,1.84
1681,2022-09-08,17.8,27.16,2.82
1682,2022-10-08,17.75,27.0,2.47
1683,2022-11-08,17.35,25.66,2.17
1684,2022-12-08,16.4,23.65,2.48
1685,2022-08-13,16.43,24.82,2.27
1686,2022-08-14,16.47,25.11,2.57
1687,2022-08-15,16.4,23.97,2.63
1688,2022-08-16,16.42,24.49,2.8
1689,2022-08-17,16.46,22.75,2.83
1690,2022-08-18,16.48,21.48,2.04
1691,2022-08-19,16.41,20.01,8.33
1692,2022-08-20,16.41,25.23,3.98
1693,2022-08-21,16.44,23.16,1.62
1694,2022-08-22,16.45,23.74,1.9
1695,2022-08-23,10.015801470588235,32.68217146872804,1.498016304347826
1696,2022-08-24,10.015801470588235,32.68217146872804,1.498016304347826
