,date,PM2.5,SO2
0,2018-01-01,19.724444444444444,7.159333333333332
1,2018-02-01,19.724444444444444,7.159333333333332
2,2018-03-01,19.724444444444444,7.159333333333332
3,2018-04-01,19.724444444444444,7.159333333333332
4,2018-05-01,19.724444444444444,7.159333333333332
5,2018-06-01,19.724444444444444,7.159333333333332
6,2018-07-01,19.724444444444444,7.159333333333332
7,2018-08-01,19.724444444444444,7.159333333333332
8,2018-09-01,19.724444444444444,7.159333333333332
9,2018-10-01,19.724444444444444,7.159333333333332
10,2018-11-01,19.724444444444444,7.159333333333332
11,2018-12-01,19.724444444444444,7.159333333333332
12,2018-01-13,19.724444444444444,7.159333333333332
13,2018-01-14,19.724444444444444,7.159333333333332
14,2018-01-15,19.724444444444444,7.159333333333332
15,2018-01-16,19.724444444444444,7.159333333333332
16,2018-01-17,19.724444444444444,7.159333333333332
17,2018-01-18,19.724444444444444,7.159333333333332
18,2018-01-19,19.724444444444444,7.159333333333332
19,2018-01-20,19.724444444444444,7.159333333333332
20,2018-01-21,19.724444444444444,7.159333333333332
21,2018-01-22,19.724444444444444,7.159333333333332
22,2018-01-23,19.724444444444444,7.159333333333332
23,2018-01-24,19.724444444444444,7.159333333333332
24,2018-01-25,19.724444444444444,7.159333333333332
25,2018-01-26,19.724444444444444,7.159333333333332
26,2018-01-27,19.724444444444444,7.159333333333332
27,2018-01-28,19.724444444444444,7.159333333333332
28,2018-01-29,19.724444444444444,7.159333333333332
29,2018-01-30,19.724444444444444,7.159333333333332
30,2018-01-31,19.724444444444444,7.159333333333332
31,2018-01-02,19.724444444444444,7.159333333333332
32,2018-02-02,19.724444444444444,7.159333333333332
33,2018-03-02,19.724444444444444,7.159333333333332
34,2018-04-02,19.724444444444444,7.159333333333332
35,2018-05-02,19.724444444444444,7.159333333333332
36,2018-06-02,19.724444444444444,7.159333333333332
37,2018-07-02,19.724444444444444,7.159333333333332
38,2018-08-02,19.724444444444444,7.159333333333332
39,2018-09-02,19.724444444444444,7.159333333333332
40,2018-10-02,19.724444444444444,7.159333333333332
41,2018-11-02,19.724444444444444,7.159333333333332
42,2018-12-02,19.724444444444444,7.159333333333332
43,2018-02-13,19.724444444444444,7.159333333333332
44,2018-02-14,19.724444444444444,7.159333333333332
45,2018-02-15,19.724444444444444,7.159333333333332
46,2018-02-16,19.724444444444444,7.159333333333332
47,2018-02-17,19.724444444444444,7.159333333333332
48,2018-02-18,19.724444444444444,7.159333333333332
49,2018-02-19,19.724444444444444,7.159333333333332
50,2018-02-20,19.724444444444444,7.159333333333332
51,2018-02-21,19.724444444444444,7.159333333333332
52,2018-02-22,19.724444444444444,7.159333333333332
53,2018-02-23,19.724444444444444,7.159333333333332
54,2018-02-24,19.724444444444444,7.159333333333332
55,2018-02-25,19.724444444444444,7.159333333333332
56,2018-02-26,19.724444444444444,7.159333333333332
57,2018-02-27,19.724444444444444,7.159333333333332
58,2018-02-28,19.724444444444444,7.159333333333332
59,2018-01-03,19.724444444444444,7.159333333333332
60,2018-02-03,19.724444444444444,7.159333333333332
61,2018-03-03,19.724444444444444,7.159333333333332
62,2018-04-03,19.724444444444444,7.159333333333332
63,2018-05-03,19.724444444444444,7.159333333333332
64,2018-06-03,19.724444444444444,7.159333333333332
65,2018-07-03,19.724444444444444,7.159333333333332
66,2018-08-03,19.724444444444444,7.159333333333332
67,2018-09-03,19.724444444444444,7.159333333333332
68,2018-10-03,19.724444444444444,7.159333333333332
69,2018-11-03,19.724444444444444,7.159333333333332
70,2018-12-03,19.724444444444444,7.159333333333332
71,2018-03-13,19.724444444444444,7.159333333333332
72,2018-03-14,19.724444444444444,7.159333333333332
73,2018-03-15,19.724444444444444,7.159333333333332
74,2018-03-16,19.724444444444444,7.159333333333332
75,2018-03-17,19.724444444444444,7.159333333333332
76,2018-03-18,19.724444444444444,7.159333333333332
77,2018-03-19,19.724444444444444,7.159333333333332
78,2018-03-20,19.724444444444444,7.159333333333332
79,2018-03-21,19.724444444444444,7.159333333333332
80,2018-03-22,19.724444444444444,7.159333333333332
81,2018-03-23,19.724444444444444,7.159333333333332
82,2018-03-24,19.724444444444444,7.159333333333332
83,2018-03-25,19.724444444444444,7.159333333333332
84,2018-03-26,19.724444444444444,7.159333333333332
85,2018-03-27,19.724444444444444,7.159333333333332
86,2018-03-28,19.724444444444444,7.159333333333332
87,2018-03-29,19.724444444444444,7.159333333333332
88,2018-03-30,19.724444444444444,7.159333333333332
89,2018-03-31,19.724444444444444,7.159333333333332
90,2018-01-04,19.724444444444444,7.159333333333332
91,2018-02-04,19.724444444444444,7.159333333333332
92,2018-03-04,19.724444444444444,7.159333333333332
93,2018-04-04,19.724444444444444,7.159333333333332
94,2018-05-04,19.724444444444444,7.159333333333332
95,2018-06-04,19.724444444444444,7.159333333333332
96,2018-07-04,19.724444444444444,7.159333333333332
97,2018-08-04,19.724444444444444,7.159333333333332
98,2018-09-04,19.724444444444444,7.159333333333332
99,2018-10-04,19.724444444444444,7.159333333333332
100,2018-11-04,19.724444444444444,7.159333333333332
101,2018-12-04,19.724444444444444,7.159333333333332
102,2018-04-13,19.724444444444444,7.159333333333332
103,2018-04-14,19.724444444444444,7.159333333333332
104,2018-04-15,19.724444444444444,7.159333333333332
105,2018-04-16,19.724444444444444,7.159333333333332
106,2018-04-17,19.724444444444444,7.159333333333332
107,2018-04-18,19.724444444444444,7.159333333333332
108,2018-04-19,19.724444444444444,7.159333333333332
109,2018-04-20,19.724444444444444,7.159333333333332
110,2018-04-21,19.724444444444444,7.159333333333332
111,2018-04-22,19.724444444444444,7.159333333333332
112,2018-04-23,19.724444444444444,7.159333333333332
113,2018-04-24,19.724444444444444,7.159333333333332
114,2018-04-25,19.724444444444444,7.159333333333332
115,2018-04-26,19.724444444444444,7.159333333333332
116,2018-04-27,19.724444444444444,7.159333333333332
117,2018-04-28,19.724444444444444,7.159333333333332
118,2018-04-29,19.724444444444444,7.159333333333332
119,2018-04-30,19.724444444444444,7.159333333333332
120,2018-01-05,19.724444444444444,7.159333333333332
121,2018-02-05,19.724444444444444,7.159333333333332
122,2018-03-05,19.724444444444444,7.159333333333332
123,2018-04-05,19.724444444444444,7.159333333333332
124,2018-05-05,19.724444444444444,7.159333333333332
125,2018-06-05,19.724444444444444,7.159333333333332
126,2018-07-05,19.724444444444444,7.159333333333332
127,2018-08-05,19.724444444444444,7.159333333333332
128,2018-09-05,19.724444444444444,7.159333333333332
129,2018-10-05,19.724444444444444,7.159333333333332
130,2018-11-05,19.724444444444444,7.159333333333332
131,2018-12-05,19.724444444444444,7.159333333333332
132,2018-05-13,19.724444444444444,7.159333333333332
133,2018-05-14,19.724444444444444,7.159333333333332
134,2018-05-15,19.724444444444444,7.159333333333332
135,2018-05-16,19.724444444444444,7.159333333333332
136,2018-05-17,19.724444444444444,7.159333333333332
137,2018-05-18,19.724444444444444,7.159333333333332
138,2018-05-19,19.724444444444444,7.159333333333332
139,2018-05-20,19.724444444444444,7.159333333333332
140,2018-05-21,19.724444444444444,7.159333333333332
141,2018-05-22,19.724444444444444,7.159333333333332
142,2018-05-23,19.724444444444444,7.159333333333332
143,2018-05-24,19.724444444444444,7.159333333333332
144,2018-05-25,19.724444444444444,7.159333333333332
145,2018-05-26,19.724444444444444,7.159333333333332
146,2018-05-27,19.724444444444444,7.159333333333332
147,2018-05-28,19.724444444444444,7.159333333333332
148,2018-05-29,19.724444444444444,7.159333333333332
149,2018-05-30,19.724444444444444,7.159333333333332
150,2018-05-31,19.724444444444444,7.159333333333332
151,2018-01-06,19.724444444444444,7.159333333333332
152,2018-02-06,19.724444444444444,7.159333333333332
153,2018-03-06,19.724444444444444,7.159333333333332
154,2018-04-06,19.724444444444444,7.159333333333332
155,2018-05-06,19.724444444444444,7.159333333333332
156,2018-06-06,19.724444444444444,7.159333333333332
157,2018-07-06,19.724444444444444,7.159333333333332
158,2018-08-06,19.724444444444444,7.159333333333332
159,2018-09-06,19.724444444444444,7.159333333333332
160,2018-10-06,19.724444444444444,7.159333333333332
161,2018-11-06,19.724444444444444,7.159333333333332
162,2018-12-06,19.724444444444444,7.159333333333332
163,2018-06-13,19.724444444444444,7.159333333333332
164,2018-06-14,19.724444444444444,7.159333333333332
165,2018-06-15,19.724444444444444,7.159333333333332
166,2018-06-16,19.724444444444444,7.159333333333332
167,2018-06-17,19.724444444444444,7.159333333333332
168,2018-06-18,19.724444444444444,7.159333333333332
169,2018-06-19,19.724444444444444,7.159333333333332
170,2018-06-20,19.724444444444444,7.159333333333332
171,2018-06-21,19.724444444444444,7.159333333333332
172,2018-06-22,19.724444444444444,7.159333333333332
173,2018-06-23,19.724444444444444,7.159333333333332
174,2018-06-24,19.724444444444444,7.159333333333332
175,2018-06-25,19.724444444444444,7.159333333333332
176,2018-06-26,19.724444444444444,7.159333333333332
177,2018-06-27,19.724444444444444,7.159333333333332
178,2018-06-28,19.724444444444444,7.159333333333332
179,2018-06-29,19.724444444444444,7.159333333333332
180,2018-06-30,19.724444444444444,7.159333333333332
181,2018-01-07,19.724444444444444,7.159333333333332
182,2018-02-07,19.724444444444444,7.159333333333332
183,2018-03-07,19.724444444444444,7.159333333333332
184,2018-04-07,19.724444444444444,7.159333333333332
185,2018-05-07,19.724444444444444,7.159333333333332
186,2018-06-07,19.724444444444444,7.159333333333332
187,2018-07-07,19.724444444444444,7.159333333333332
188,2018-08-07,19.724444444444444,7.159333333333332
189,2018-09-07,19.724444444444444,7.159333333333332
190,2018-10-07,19.724444444444444,7.159333333333332
191,2018-11-07,19.724444444444444,7.159333333333332
192,2018-12-07,19.724444444444444,7.159333333333332
193,2018-07-13,19.724444444444444,7.159333333333332
194,2018-07-14,19.724444444444444,7.159333333333332
195,2018-07-15,19.724444444444444,7.159333333333332
196,2018-07-16,19.724444444444444,7.159333333333332
197,2018-07-17,19.724444444444444,7.159333333333332
198,2018-07-18,19.724444444444444,7.159333333333332
199,2018-07-19,19.724444444444444,7.159333333333332
200,2018-07-20,19.724444444444444,7.159333333333332
201,2018-07-21,19.724444444444444,7.159333333333332
202,2018-07-22,19.724444444444444,7.159333333333332
203,2018-07-23,19.724444444444444,7.159333333333332
204,2018-07-24,19.724444444444444,7.159333333333332
205,2018-07-25,19.724444444444444,7.159333333333332
206,2018-07-26,19.724444444444444,7.159333333333332
207,2018-07-27,19.724444444444444,7.159333333333332
208,2018-07-28,19.724444444444444,7.159333333333332
209,2018-07-29,19.724444444444444,7.159333333333332
210,2018-07-30,19.724444444444444,7.159333333333332
211,2018-07-31,19.724444444444444,7.159333333333332
212,2018-01-08,19.724444444444444,7.159333333333332
213,2018-02-08,19.724444444444444,7.159333333333332
214,2018-03-08,19.724444444444444,7.159333333333332
215,2018-04-08,19.724444444444444,7.159333333333332
216,2018-05-08,19.724444444444444,7.159333333333332
217,2018-06-08,19.724444444444444,7.159333333333332
218,2018-07-08,19.724444444444444,7.159333333333332
219,2018-08-08,19.724444444444444,7.159333333333332
220,2018-09-08,19.724444444444444,7.159333333333332
221,2018-10-08,19.724444444444444,7.159333333333332
222,2018-11-08,19.724444444444444,7.159333333333332
223,2018-12-08,19.724444444444444,7.159333333333332
224,2018-08-13,19.724444444444444,7.159333333333332
225,2018-08-14,19.724444444444444,7.159333333333332
226,2018-08-15,19.724444444444444,7.159333333333332
227,2018-08-16,19.724444444444444,7.159333333333332
228,2018-08-17,19.724444444444444,7.159333333333332
229,2018-08-18,19.724444444444444,7.159333333333332
230,2018-08-19,19.724444444444444,7.159333333333332
231,2018-08-20,19.724444444444444,7.159333333333332
232,2018-08-21,19.724444444444444,7.159333333333332
233,2018-08-22,19.724444444444444,7.159333333333332
234,2018-08-23,19.724444444444444,7.159333333333332
235,2018-08-24,19.724444444444444,7.159333333333332
236,2018-08-25,19.724444444444444,7.159333333333332
237,2018-08-26,19.724444444444444,7.159333333333332
238,2018-08-27,19.724444444444444,7.159333333333332
239,2018-08-28,19.724444444444444,7.159333333333332
240,2018-08-29,19.724444444444444,7.159333333333332
241,2018-08-30,19.724444444444444,7.159333333333332
242,2018-08-31,19.724444444444444,7.159333333333332
243,2018-01-09,19.724444444444444,7.159333333333332
244,2018-02-09,19.724444444444444,7.159333333333332
245,2018-03-09,19.724444444444444,7.159333333333332
246,2018-04-09,19.724444444444444,7.159333333333332
247,2018-05-09,19.724444444444444,7.159333333333332
248,2018-06-09,19.724444444444444,7.159333333333332
249,2018-07-09,19.724444444444444,7.159333333333332
250,2018-08-09,19.724444444444444,7.159333333333332
251,2018-09-09,19.724444444444444,7.159333333333332
252,2018-10-09,19.724444444444444,7.159333333333332
253,2018-11-09,19.724444444444444,7.159333333333332
254,2018-12-09,19.724444444444444,7.159333333333332
255,2018-09-13,19.724444444444444,7.159333333333332
256,2018-09-14,19.724444444444444,7.159333333333332
257,2018-09-15,19.724444444444444,7.159333333333332
258,2018-09-16,19.724444444444444,7.159333333333332
259,2018-09-17,19.724444444444444,7.159333333333332
260,2018-09-18,19.724444444444444,7.159333333333332
261,2018-09-19,19.724444444444444,7.159333333333332
262,2018-09-20,19.724444444444444,7.159333333333332
263,2018-09-21,19.724444444444444,7.159333333333332
264,2018-09-22,19.724444444444444,7.159333333333332
265,2018-09-23,19.724444444444444,7.159333333333332
266,2018-09-24,19.724444444444444,7.159333333333332
267,2018-09-25,19.724444444444444,7.159333333333332
268,2018-09-26,19.724444444444444,7.159333333333332
269,2018-09-27,19.724444444444444,7.159333333333332
270,2018-09-28,19.724444444444444,7.159333333333332
271,2018-09-29,19.724444444444444,7.159333333333332
272,2018-09-30,19.724444444444444,7.159333333333332
273,2018-01-10,19.724444444444444,7.159333333333332
274,2018-02-10,19.724444444444444,7.159333333333332
275,2018-03-10,19.724444444444444,7.159333333333332
276,2018-04-10,19.724444444444444,7.159333333333332
277,2018-05-10,19.724444444444444,7.159333333333332
278,2018-06-10,19.724444444444444,7.159333333333332
279,2018-07-10,19.724444444444444,7.159333333333332
280,2018-08-10,19.724444444444444,7.159333333333332
281,2018-09-10,19.724444444444444,7.159333333333332
282,2018-10-10,19.724444444444444,7.159333333333332
283,2018-11-10,19.724444444444444,7.159333333333332
284,2018-12-10,19.724444444444444,7.159333333333332
285,2018-10-13,19.724444444444444,7.159333333333332
286,2018-10-14,19.724444444444444,7.159333333333332
287,2018-10-15,19.724444444444444,7.159333333333332
288,2018-10-16,19.724444444444444,7.159333333333332
289,2018-10-17,19.724444444444444,7.159333333333332
290,2018-10-18,19.724444444444444,7.159333333333332
291,2018-10-19,19.724444444444444,7.159333333333332
292,2018-10-20,19.724444444444444,7.159333333333332
293,2018-10-21,19.724444444444444,7.159333333333332
294,2018-10-22,19.724444444444444,7.159333333333332
295,2018-10-23,19.724444444444444,7.159333333333332
296,2018-10-24,19.724444444444444,7.159333333333332
297,2018-10-25,19.724444444444444,7.159333333333332
298,2018-10-26,19.724444444444444,7.159333333333332
299,2018-10-27,19.724444444444444,7.159333333333332
300,2018-10-28,19.724444444444444,7.159333333333332
301,2018-10-29,19.724444444444444,7.159333333333332
302,2018-10-30,19.724444444444444,7.159333333333332
303,2018-10-31,19.724444444444444,7.159333333333332
304,2018-01-11,19.724444444444444,7.159333333333332
305,2018-02-11,19.724444444444444,7.159333333333332
306,2018-03-11,19.724444444444444,7.159333333333332
307,2018-04-11,19.724444444444444,7.159333333333332
308,2018-05-11,19.724444444444444,7.159333333333332
309,2018-06-11,19.724444444444444,7.159333333333332
310,2018-07-11,19.724444444444444,7.159333333333332
311,2018-08-11,19.724444444444444,7.159333333333332
312,2018-09-11,19.724444444444444,7.159333333333332
313,2018-10-11,19.724444444444444,7.159333333333332
314,2018-11-11,19.724444444444444,7.159333333333332
315,2018-12-11,19.724444444444444,7.159333333333332
316,2018-11-13,19.724444444444444,7.159333333333332
317,2018-11-14,19.724444444444444,7.159333333333332
318,2018-11-15,19.724444444444444,7.159333333333332
319,2018-11-16,19.724444444444444,7.159333333333332
320,2018-11-17,19.724444444444444,7.159333333333332
321,2018-11-18,19.724444444444444,7.159333333333332
322,2018-11-19,19.724444444444444,7.159333333333332
323,2018-11-20,19.724444444444444,7.159333333333332
324,2018-11-21,19.724444444444444,7.159333333333332
325,2018-11-22,19.724444444444444,7.159333333333332
326,2018-11-23,19.724444444444444,7.159333333333332
327,2018-11-24,19.724444444444444,7.159333333333332
328,2018-11-25,19.724444444444444,7.159333333333332
329,2018-11-26,19.724444444444444,7.159333333333332
330,2018-11-27,19.724444444444444,7.159333333333332
331,2018-11-28,19.724444444444444,7.159333333333332
332,2018-11-29,19.724444444444444,7.159333333333332
333,2018-11-30,19.724444444444444,7.159333333333332
334,2018-01-12,19.724444444444444,7.159333333333332
335,2018-02-12,19.724444444444444,7.159333333333332
336,2018-03-12,19.724444444444444,7.159333333333332
337,2018-04-12,19.724444444444444,7.159333333333332
338,2018-05-12,19.724444444444444,7.159333333333332
339,2018-06-12,19.724444444444444,7.159333333333332
340,2018-07-12,19.724444444444444,7.159333333333332
341,2018-08-12,19.724444444444444,7.159333333333332
342,2018-09-12,19.724444444444444,7.159333333333332
343,2018-10-12,19.724444444444444,7.159333333333332
344,2018-11-12,19.724444444444444,7.159333333333332
345,2018-12-12,19.724444444444444,7.159333333333332
346,2018-12-13,19.724444444444444,7.159333333333332
347,2018-12-14,19.724444444444444,7.159333333333332
348,2018-12-15,19.724444444444444,7.159333333333332
349,2018-12-16,19.724444444444444,7.159333333333332
350,2018-12-17,19.724444444444444,7.159333333333332
351,2018-12-18,19.724444444444444,7.159333333333332
352,2018-12-19,19.724444444444444,7.159333333333332
353,2018-12-20,19.724444444444444,7.159333333333332
354,2018-12-21,19.724444444444444,7.159333333333332
355,2018-12-22,19.724444444444444,7.159333333333332
356,2018-12-23,19.724444444444444,7.159333333333332
357,2018-12-24,19.724444444444444,7.159333333333332
358,2018-12-25,19.724444444444444,7.159333333333332
359,2018-12-26,19.724444444444444,7.159333333333332
360,2018-12-27,19.724444444444444,7.159333333333332
361,2018-12-28,19.724444444444444,7.159333333333332
362,2018-12-29,19.724444444444444,7.159333333333332
363,2018-12-30,19.724444444444444,7.159333333333332
364,2018-12-31,19.724444444444444,7.159333333333332
365,2019-01-01,19.724444444444444,7.159333333333332
366,2019-02-01,19.724444444444444,7.159333333333332
367,2019-03-01,19.724444444444444,7.159333333333332
368,2019-04-01,19.724444444444444,7.159333333333332
369,2019-05-01,19.724444444444444,7.159333333333332
370,2019-06-01,19.724444444444444,7.159333333333332
371,2019-07-01,19.724444444444444,7.159333333333332
372,2019-08-01,19.724444444444444,7.159333333333332
373,2019-09-01,19.724444444444444,7.159333333333332
374,2019-10-01,19.724444444444444,7.159333333333332
375,2019-11-01,19.724444444444444,7.159333333333332
376,2019-12-01,19.724444444444444,7.159333333333332
377,2019-01-13,19.724444444444444,7.159333333333332
378,2019-01-14,19.724444444444444,7.159333333333332
379,2019-01-15,19.724444444444444,7.159333333333332
380,2019-01-16,19.724444444444444,7.159333333333332
381,2019-01-17,19.724444444444444,7.159333333333332
382,2019-01-18,19.724444444444444,7.159333333333332
383,2019-01-19,19.724444444444444,7.159333333333332
384,2019-01-20,19.724444444444444,7.159333333333332
385,2019-01-21,19.724444444444444,7.159333333333332
386,2019-01-22,19.724444444444444,7.159333333333332
387,2019-01-23,19.724444444444444,7.159333333333332
388,2019-01-24,19.724444444444444,7.159333333333332
389,2019-01-25,19.724444444444444,7.159333333333332
390,2019-01-26,19.724444444444444,7.159333333333332
391,2019-01-27,19.724444444444444,7.159333333333332
392,2019-01-28,19.724444444444444,7.159333333333332
393,2019-01-29,19.724444444444444,7.159333333333332
394,2019-01-30,19.724444444444444,7.159333333333332
395,2019-01-31,19.724444444444444,7.159333333333332
396,2019-01-02,19.724444444444444,7.159333333333332
397,2019-02-02,19.724444444444444,7.159333333333332
398,2019-03-02,19.724444444444444,7.159333333333332
399,2019-04-02,19.724444444444444,7.159333333333332
400,2019-05-02,19.724444444444444,7.159333333333332
401,2019-06-02,19.724444444444444,7.159333333333332
402,2019-07-02,19.724444444444444,7.159333333333332
403,2019-08-02,19.724444444444444,7.159333333333332
404,2019-09-02,19.724444444444444,7.159333333333332
405,2019-10-02,19.724444444444444,7.159333333333332
406,2019-11-02,19.724444444444444,7.159333333333332
407,2019-12-02,19.724444444444444,7.159333333333332
408,2019-02-13,19.724444444444444,7.159333333333332
409,2019-02-14,19.724444444444444,7.159333333333332
410,2019-02-15,19.724444444444444,7.159333333333332
411,2019-02-16,19.724444444444444,7.159333333333332
412,2019-02-17,19.724444444444444,7.159333333333332
413,2019-02-18,19.724444444444444,7.159333333333332
414,2019-02-19,19.724444444444444,7.159333333333332
415,2019-02-20,19.724444444444444,7.159333333333332
416,2019-02-21,19.724444444444444,7.159333333333332
417,2019-02-22,19.724444444444444,7.159333333333332
418,2019-02-23,19.724444444444444,7.159333333333332
419,2019-02-24,19.724444444444444,7.159333333333332
420,2019-02-25,19.724444444444444,7.159333333333332
421,2019-02-26,19.724444444444444,7.159333333333332
422,2019-02-27,19.724444444444444,7.159333333333332
423,2019-02-28,19.724444444444444,7.159333333333332
424,2019-01-03,19.724444444444444,7.159333333333332
425,2019-02-03,19.724444444444444,7.159333333333332
426,2019-03-03,19.724444444444444,7.159333333333332
427,2019-04-03,19.724444444444444,7.159333333333332
428,2019-05-03,19.724444444444444,7.159333333333332
429,2019-06-03,19.724444444444444,7.159333333333332
430,2019-07-03,19.724444444444444,7.159333333333332
431,2019-08-03,19.724444444444444,7.159333333333332
432,2019-09-03,19.724444444444444,7.159333333333332
433,2019-10-03,19.724444444444444,7.159333333333332
434,2019-11-03,19.724444444444444,7.159333333333332
435,2019-12-03,19.724444444444444,7.159333333333332
436,2019-03-13,19.724444444444444,7.159333333333332
437,2019-03-14,19.724444444444444,7.159333333333332
438,2019-03-15,19.724444444444444,7.159333333333332
439,2019-03-16,19.724444444444444,7.159333333333332
440,2019-03-17,19.724444444444444,7.159333333333332
441,2019-03-18,19.724444444444444,7.159333333333332
442,2019-03-19,19.724444444444444,7.159333333333332
443,2019-03-20,19.724444444444444,7.159333333333332
444,2019-03-21,19.724444444444444,7.159333333333332
445,2019-03-22,19.724444444444444,7.159333333333332
446,2019-03-23,19.724444444444444,7.159333333333332
447,2019-03-24,19.724444444444444,7.159333333333332
448,2019-03-25,19.724444444444444,7.159333333333332
449,2019-03-26,19.724444444444444,7.159333333333332
450,2019-03-27,19.724444444444444,7.159333333333332
451,2019-03-28,19.724444444444444,7.159333333333332
452,2019-03-29,19.724444444444444,7.159333333333332
453,2019-03-30,19.724444444444444,7.159333333333332
454,2019-03-31,19.724444444444444,7.159333333333332
455,2019-01-04,19.724444444444444,7.159333333333332
456,2019-02-04,19.724444444444444,7.159333333333332
457,2019-03-04,19.724444444444444,7.159333333333332
458,2019-04-04,19.724444444444444,7.159333333333332
459,2019-05-04,19.724444444444444,7.159333333333332
460,2019-06-04,19.724444444444444,7.159333333333332
461,2019-07-04,19.724444444444444,7.159333333333332
462,2019-08-04,19.724444444444444,7.159333333333332
463,2019-09-04,19.724444444444444,7.159333333333332
464,2019-10-04,19.724444444444444,7.159333333333332
465,2019-11-04,19.724444444444444,7.159333333333332
466,2019-12-04,19.724444444444444,7.159333333333332
467,2019-04-13,19.724444444444444,7.159333333333332
468,2019-04-14,19.724444444444444,7.159333333333332
469,2019-04-15,19.724444444444444,7.159333333333332
470,2019-04-16,19.724444444444444,7.159333333333332
471,2019-04-17,19.724444444444444,7.159333333333332
472,2019-04-18,19.724444444444444,7.159333333333332
473,2019-04-19,19.724444444444444,7.159333333333332
474,2019-04-20,19.724444444444444,7.159333333333332
475,2019-04-21,19.724444444444444,7.159333333333332
476,2019-04-22,19.724444444444444,7.159333333333332
477,2019-04-23,19.724444444444444,7.159333333333332
478,2019-04-24,19.724444444444444,7.159333333333332
479,2019-04-25,19.724444444444444,7.159333333333332
480,2019-04-26,19.724444444444444,7.159333333333332
481,2019-04-27,19.724444444444444,7.159333333333332
482,2019-04-28,19.724444444444444,7.159333333333332
483,2019-04-29,19.724444444444444,7.159333333333332
484,2019-04-30,19.724444444444444,7.159333333333332
485,2019-01-05,19.724444444444444,7.159333333333332
486,2019-02-05,19.724444444444444,7.159333333333332
487,2019-03-05,19.724444444444444,7.159333333333332
488,2019-04-05,19.724444444444444,7.159333333333332
489,2019-05-05,19.724444444444444,7.159333333333332
490,2019-06-05,19.724444444444444,7.159333333333332
491,2019-07-05,19.724444444444444,7.159333333333332
492,2019-08-05,19.724444444444444,7.159333333333332
493,2019-09-05,19.724444444444444,7.159333333333332
494,2019-10-05,19.724444444444444,7.159333333333332
495,2019-11-05,19.724444444444444,7.159333333333332
496,2019-12-05,19.724444444444444,7.159333333333332
497,2019-05-13,19.724444444444444,7.159333333333332
498,2019-05-14,19.724444444444444,7.159333333333332
499,2019-05-15,19.724444444444444,7.159333333333332
500,2019-05-16,19.724444444444444,7.159333333333332
501,2019-05-17,19.724444444444444,7.159333333333332
502,2019-05-18,19.724444444444444,7.159333333333332
503,2019-05-19,19.724444444444444,7.159333333333332
504,2019-05-20,19.724444444444444,7.159333333333332
505,2019-05-21,19.724444444444444,7.159333333333332
506,2019-05-22,19.724444444444444,7.159333333333332
507,2019-05-23,19.724444444444444,7.159333333333332
508,2019-05-24,19.724444444444444,7.159333333333332
509,2019-05-25,19.724444444444444,7.159333333333332
510,2019-05-26,19.724444444444444,7.159333333333332
511,2019-05-27,19.724444444444444,7.159333333333332
512,2019-05-28,19.724444444444444,7.159333333333332
513,2019-05-29,19.724444444444444,7.159333333333332
514,2019-05-30,19.724444444444444,7.159333333333332
515,2019-05-31,19.724444444444444,7.159333333333332
516,2019-01-06,19.724444444444444,7.159333333333332
517,2019-02-06,19.724444444444444,7.159333333333332
518,2019-03-06,19.724444444444444,7.159333333333332
519,2019-04-06,19.724444444444444,7.159333333333332
520,2019-05-06,19.724444444444444,7.159333333333332
521,2019-06-06,19.724444444444444,7.159333333333332
522,2019-07-06,19.724444444444444,7.159333333333332
523,2019-08-06,19.724444444444444,7.159333333333332
524,2019-09-06,19.724444444444444,7.159333333333332
525,2019-10-06,19.724444444444444,7.159333333333332
526,2019-11-06,19.724444444444444,7.159333333333332
527,2019-12-06,19.724444444444444,7.159333333333332
528,2019-06-13,19.724444444444444,7.159333333333332
529,2019-06-14,19.724444444444444,7.159333333333332
530,2019-06-15,19.724444444444444,7.159333333333332
531,2019-06-16,19.724444444444444,7.159333333333332
532,2019-06-17,19.724444444444444,7.159333333333332
533,2019-06-18,19.724444444444444,7.159333333333332
534,2019-06-19,19.724444444444444,7.159333333333332
535,2019-06-20,19.724444444444444,7.159333333333332
536,2019-06-21,19.724444444444444,7.159333333333332
537,2019-06-22,19.724444444444444,7.159333333333332
538,2019-06-23,19.724444444444444,7.159333333333332
539,2019-06-24,19.724444444444444,7.159333333333332
540,2019-06-25,19.724444444444444,7.159333333333332
541,2019-06-26,19.724444444444444,7.159333333333332
542,2019-06-27,19.724444444444444,7.159333333333332
543,2019-06-28,19.724444444444444,7.159333333333332
544,2019-06-29,19.724444444444444,7.159333333333332
545,2019-06-30,19.724444444444444,7.159333333333332
546,2019-01-07,19.724444444444444,7.159333333333332
547,2019-02-07,19.724444444444444,7.159333333333332
548,2019-03-07,19.724444444444444,7.159333333333332
549,2019-04-07,19.724444444444444,7.159333333333332
550,2019-05-07,19.724444444444444,7.159333333333332
551,2019-06-07,19.724444444444444,7.159333333333332
552,2019-07-07,19.724444444444444,7.159333333333332
553,2019-08-07,19.724444444444444,7.159333333333332
554,2019-09-07,19.724444444444444,7.159333333333332
555,2019-10-07,19.724444444444444,7.159333333333332
556,2019-11-07,19.724444444444444,7.159333333333332
557,2019-12-07,19.724444444444444,7.159333333333332
558,2019-07-13,19.724444444444444,7.159333333333332
559,2019-07-14,19.724444444444444,7.159333333333332
560,2019-07-15,19.724444444444444,7.159333333333332
561,2019-07-16,19.724444444444444,7.159333333333332
562,2019-07-17,19.724444444444444,7.159333333333332
563,2019-07-18,19.724444444444444,7.159333333333332
564,2019-07-19,19.724444444444444,7.159333333333332
565,2019-07-20,19.724444444444444,7.159333333333332
566,2019-07-21,19.724444444444444,7.159333333333332
567,2019-07-22,19.724444444444444,7.159333333333332
568,2019-07-23,19.724444444444444,7.159333333333332
569,2019-07-24,19.724444444444444,7.159333333333332
570,2019-07-25,19.724444444444444,7.159333333333332
571,2019-07-26,19.724444444444444,7.159333333333332
572,2019-07-27,19.724444444444444,7.159333333333332
573,2019-07-28,19.724444444444444,7.159333333333332
574,2019-07-29,19.724444444444444,7.159333333333332
575,2019-07-30,19.724444444444444,7.159333333333332
576,2019-07-31,19.724444444444444,7.159333333333332
577,2019-01-08,19.724444444444444,7.159333333333332
578,2019-02-08,19.724444444444444,7.159333333333332
579,2019-03-08,19.724444444444444,7.159333333333332
580,2019-04-08,19.724444444444444,7.159333333333332
581,2019-05-08,19.724444444444444,7.159333333333332
582,2019-06-08,19.724444444444444,7.159333333333332
583,2019-07-08,19.724444444444444,7.159333333333332
584,2019-08-08,19.724444444444444,7.159333333333332
585,2019-09-08,19.724444444444444,7.159333333333332
586,2019-10-08,19.724444444444444,7.159333333333332
587,2019-11-08,19.724444444444444,7.159333333333332
588,2019-12-08,19.724444444444444,7.159333333333332
589,2019-08-13,19.724444444444444,7.159333333333332
590,2019-08-14,19.724444444444444,7.159333333333332
591,2019-08-15,19.724444444444444,7.159333333333332
592,2019-08-16,19.724444444444444,7.159333333333332
593,2019-08-17,19.724444444444444,7.159333333333332
594,2019-08-18,19.724444444444444,7.159333333333332
595,2019-08-19,19.724444444444444,7.159333333333332
596,2019-08-20,19.724444444444444,7.159333333333332
597,2019-08-21,19.724444444444444,7.159333333333332
598,2019-08-22,19.724444444444444,7.159333333333332
599,2019-08-23,19.724444444444444,7.159333333333332
600,2019-08-24,19.724444444444444,7.159333333333332
601,2019-08-25,19.724444444444444,7.159333333333332
602,2019-08-26,19.724444444444444,7.159333333333332
603,2019-08-27,19.724444444444444,7.159333333333332
604,2019-08-28,19.724444444444444,7.159333333333332
605,2019-08-29,19.724444444444444,7.159333333333332
606,2019-08-30,19.724444444444444,7.159333333333332
607,2019-08-31,19.724444444444444,7.159333333333332
608,2019-01-09,19.724444444444444,7.159333333333332
609,2019-02-09,19.724444444444444,7.159333333333332
610,2019-03-09,19.724444444444444,7.159333333333332
611,2019-04-09,19.724444444444444,7.159333333333332
612,2019-05-09,19.724444444444444,7.159333333333332
613,2019-06-09,19.724444444444444,7.159333333333332
614,2019-07-09,19.724444444444444,7.159333333333332
615,2019-08-09,19.724444444444444,7.159333333333332
616,2019-09-09,19.724444444444444,7.159333333333332
617,2019-10-09,19.724444444444444,7.159333333333332
618,2019-11-09,19.724444444444444,7.159333333333332
619,2019-12-09,19.724444444444444,7.159333333333332
620,2019-09-13,19.724444444444444,7.159333333333332
621,2019-09-14,19.724444444444444,7.159333333333332
622,2019-09-15,19.724444444444444,7.159333333333332
623,2019-09-16,19.724444444444444,7.159333333333332
624,2019-09-17,19.724444444444444,7.159333333333332
625,2019-09-18,19.724444444444444,7.159333333333332
626,2019-09-19,19.724444444444444,7.159333333333332
627,2019-09-20,19.724444444444444,7.159333333333332
628,2019-09-21,19.724444444444444,7.159333333333332
629,2019-09-22,19.724444444444444,7.159333333333332
630,2019-09-23,19.724444444444444,7.159333333333332
631,2019-09-24,19.724444444444444,7.159333333333332
632,2019-09-25,19.724444444444444,7.159333333333332
633,2019-09-26,19.724444444444444,7.159333333333332
634,2019-09-27,19.724444444444444,7.159333333333332
635,2019-09-28,19.724444444444444,7.159333333333332
636,2019-09-29,19.724444444444444,7.159333333333332
637,2019-09-30,19.724444444444444,7.159333333333332
638,2019-01-10,19.724444444444444,7.159333333333332
639,2019-02-10,19.724444444444444,7.159333333333332
640,2019-03-10,19.724444444444444,7.159333333333332
641,2019-04-10,19.724444444444444,7.159333333333332
642,2019-05-10,19.724444444444444,7.159333333333332
643,2019-06-10,19.724444444444444,7.159333333333332
644,2019-07-10,19.724444444444444,7.159333333333332
645,2019-08-10,19.724444444444444,7.159333333333332
646,2019-09-10,19.724444444444444,7.159333333333332
647,2019-10-10,19.724444444444444,7.159333333333332
648,2019-11-10,19.724444444444444,7.159333333333332
649,2019-12-10,19.724444444444444,7.159333333333332
650,2019-10-13,19.724444444444444,7.159333333333332
651,2019-10-14,19.724444444444444,7.159333333333332
652,2019-10-15,19.724444444444444,7.159333333333332
653,2019-10-16,19.724444444444444,7.159333333333332
654,2019-10-17,19.724444444444444,7.159333333333332
655,2019-10-18,19.724444444444444,7.159333333333332
656,2019-10-19,19.724444444444444,7.159333333333332
657,2019-10-20,19.724444444444444,7.159333333333332
658,2019-10-21,19.724444444444444,7.159333333333332
659,2019-10-22,19.724444444444444,7.159333333333332
660,2019-10-23,19.724444444444444,7.159333333333332
661,2019-10-24,19.724444444444444,7.159333333333332
662,2019-10-25,19.724444444444444,7.159333333333332
663,2019-10-26,19.724444444444444,7.159333333333332
664,2019-10-27,19.724444444444444,7.159333333333332
665,2019-10-28,19.724444444444444,7.159333333333332
666,2019-10-29,19.724444444444444,7.159333333333332
667,2019-10-30,19.724444444444444,7.159333333333332
668,2019-10-31,19.724444444444444,7.159333333333332
669,2019-01-11,19.724444444444444,7.159333333333332
670,2019-02-11,19.724444444444444,7.159333333333332
671,2019-03-11,19.724444444444444,7.159333333333332
672,2019-04-11,19.724444444444444,7.159333333333332
673,2019-05-11,19.724444444444444,7.159333333333332
674,2019-06-11,19.724444444444444,7.159333333333332
675,2019-07-11,19.724444444444444,7.159333333333332
676,2019-08-11,19.724444444444444,7.159333333333332
677,2019-09-11,19.724444444444444,7.159333333333332
678,2019-10-11,19.724444444444444,7.159333333333332
679,2019-11-11,19.724444444444444,7.159333333333332
680,2019-12-11,19.724444444444444,7.159333333333332
681,2019-11-13,19.724444444444444,7.159333333333332
682,2019-11-14,19.724444444444444,7.159333333333332
683,2019-11-15,19.724444444444444,7.159333333333332
684,2019-11-16,19.724444444444444,7.159333333333332
685,2019-11-17,19.724444444444444,7.159333333333332
686,2019-11-18,19.724444444444444,7.159333333333332
687,2019-11-19,19.724444444444444,7.159333333333332
688,2019-11-20,19.724444444444444,7.159333333333332
689,2019-11-21,19.724444444444444,7.159333333333332
690,2019-11-22,19.724444444444444,7.159333333333332
691,2019-11-23,19.724444444444444,7.159333333333332
692,2019-11-24,19.724444444444444,7.159333333333332
693,2019-11-25,19.724444444444444,7.159333333333332
694,2019-11-26,19.724444444444444,7.159333333333332
695,2019-11-27,19.724444444444444,7.159333333333332
696,2019-11-28,19.724444444444444,7.159333333333332
697,2019-11-29,19.724444444444444,7.159333333333332
698,2019-11-30,19.724444444444444,7.159333333333332
699,2019-01-12,19.724444444444444,7.159333333333332
700,2019-02-12,19.724444444444444,7.159333333333332
701,2019-03-12,19.724444444444444,7.159333333333332
702,2019-04-12,19.724444444444444,7.159333333333332
703,2019-05-12,19.724444444444444,7.159333333333332
704,2019-06-12,19.724444444444444,7.159333333333332
705,2019-07-12,19.724444444444444,7.159333333333332
706,2019-08-12,19.724444444444444,7.159333333333332
707,2019-09-12,19.724444444444444,7.159333333333332
708,2019-10-12,19.724444444444444,7.159333333333332
709,2019-11-12,19.724444444444444,7.159333333333332
710,2019-12-12,19.724444444444444,7.159333333333332
711,2019-12-13,19.724444444444444,7.159333333333332
712,2019-12-14,19.724444444444444,7.159333333333332
713,2019-12-15,19.724444444444444,7.159333333333332
714,2019-12-16,19.724444444444444,7.159333333333332
715,2019-12-17,19.724444444444444,7.159333333333332
716,2019-12-18,19.724444444444444,7.159333333333332
717,2019-12-19,19.724444444444444,7.159333333333332
718,2019-12-20,19.724444444444444,7.159333333333332
719,2019-12-21,19.724444444444444,7.159333333333332
720,2019-12-22,19.724444444444444,7.159333333333332
721,2019-12-23,19.724444444444444,7.159333333333332
722,2019-12-24,19.724444444444444,7.159333333333332
723,2019-12-25,19.724444444444444,7.159333333333332
724,2019-12-26,19.724444444444444,7.159333333333332
725,2019-12-27,19.724444444444444,7.159333333333332
726,2019-12-28,19.724444444444444,7.159333333333332
727,2019-12-29,19.724444444444444,7.159333333333332
728,2019-12-30,19.724444444444444,7.159333333333332
729,2019-12-31,19.724444444444444,7.159333333333332
730,2020-01-01,19.724444444444444,7.159333333333332
731,2020-02-01,19.724444444444444,7.159333333333332
732,2020-03-01,19.724444444444444,7.159333333333332
733,2020-04-01,19.724444444444444,7.159333333333332
734,2020-05-01,19.724444444444444,7.159333333333332
735,2020-06-01,19.724444444444444,7.159333333333332
736,2020-07-01,19.724444444444444,7.159333333333332
737,2020-08-01,19.724444444444444,7.159333333333332
738,2020-09-01,19.724444444444444,7.159333333333332
739,2020-10-01,19.724444444444444,7.159333333333332
740,2020-11-01,19.724444444444444,7.159333333333332
741,2020-12-01,19.724444444444444,7.159333333333332
742,2020-01-13,19.724444444444444,7.159333333333332
743,2020-01-14,19.724444444444444,7.159333333333332
744,2020-01-15,19.724444444444444,7.159333333333332
745,2020-01-16,19.724444444444444,7.159333333333332
746,2020-01-17,19.724444444444444,7.159333333333332
747,2020-01-18,19.724444444444444,7.159333333333332
748,2020-01-19,19.724444444444444,7.159333333333332
749,2020-01-20,19.724444444444444,7.159333333333332
750,2020-01-21,19.724444444444444,7.159333333333332
751,2020-01-22,19.724444444444444,7.159333333333332
752,2020-01-23,19.724444444444444,7.159333333333332
753,2020-01-24,19.724444444444444,7.159333333333332
754,2020-01-25,19.724444444444444,7.159333333333332
755,2020-01-26,19.724444444444444,7.159333333333332
756,2020-01-27,19.724444444444444,7.159333333333332
757,2020-01-28,19.724444444444444,7.159333333333332
758,2020-01-29,19.724444444444444,7.159333333333332
759,2020-01-30,19.724444444444444,7.159333333333332
760,2020-01-31,19.724444444444444,7.159333333333332
761,2020-01-02,19.724444444444444,7.159333333333332
762,2020-02-02,19.724444444444444,7.159333333333332
763,2020-03-02,19.724444444444444,7.159333333333332
764,2020-04-02,19.724444444444444,7.159333333333332
765,2020-05-02,19.724444444444444,7.159333333333332
766,2020-06-02,19.724444444444444,7.159333333333332
767,2020-07-02,19.724444444444444,7.159333333333332
768,2020-08-02,19.724444444444444,7.159333333333332
769,2020-09-02,19.724444444444444,7.159333333333332
770,2020-10-02,19.724444444444444,7.159333333333332
771,2020-11-02,19.724444444444444,7.159333333333332
772,2020-12-02,19.724444444444444,7.159333333333332
773,2020-02-13,19.724444444444444,7.159333333333332
774,2020-02-14,19.724444444444444,7.159333333333332
775,2020-02-15,19.724444444444444,7.159333333333332
776,2020-02-16,19.724444444444444,7.159333333333332
777,2020-02-17,19.724444444444444,7.159333333333332
778,2020-02-18,19.724444444444444,7.159333333333332
779,2020-02-19,19.724444444444444,7.159333333333332
780,2020-02-20,19.724444444444444,7.159333333333332
781,2020-02-21,19.724444444444444,7.159333333333332
782,2020-02-22,19.724444444444444,7.159333333333332
783,2020-02-23,19.724444444444444,7.159333333333332
784,2020-02-24,19.724444444444444,7.159333333333332
785,2020-02-25,19.724444444444444,7.159333333333332
786,2020-02-26,19.724444444444444,7.159333333333332
787,2020-02-27,19.724444444444444,7.159333333333332
788,2020-02-28,19.724444444444444,7.159333333333332
789,2020-02-29,19.724444444444444,7.159333333333332
790,2020-01-03,19.724444444444444,7.159333333333332
791,2020-02-03,19.724444444444444,7.159333333333332
792,2020-03-03,19.724444444444444,7.159333333333332
793,2020-04-03,19.724444444444444,7.159333333333332
794,2020-05-03,19.724444444444444,7.159333333333332
795,2020-06-03,19.724444444444444,7.159333333333332
796,2020-07-03,19.724444444444444,7.159333333333332
797,2020-08-03,19.724444444444444,7.159333333333332
798,2020-09-03,19.724444444444444,7.159333333333332
799,2020-10-03,19.724444444444444,7.159333333333332
800,2020-11-03,19.724444444444444,7.159333333333332
801,2020-12-03,19.724444444444444,7.159333333333332
802,2020-03-13,19.724444444444444,7.159333333333332
803,2020-03-14,19.724444444444444,7.159333333333332
804,2020-03-15,19.724444444444444,7.159333333333332
805,2020-03-16,19.724444444444444,7.159333333333332
806,2020-03-17,19.724444444444444,7.159333333333332
807,2020-03-18,19.724444444444444,7.159333333333332
808,2020-03-19,19.724444444444444,7.159333333333332
809,2020-03-20,19.724444444444444,7.159333333333332
810,2020-03-21,19.724444444444444,7.159333333333332
811,2020-03-22,19.724444444444444,7.159333333333332
812,2020-03-23,19.724444444444444,7.159333333333332
813,2020-03-24,19.724444444444444,7.159333333333332
814,2020-03-25,19.724444444444444,7.159333333333332
815,2020-03-26,19.724444444444444,7.159333333333332
816,2020-03-27,19.724444444444444,7.159333333333332
817,2020-03-28,19.724444444444444,7.159333333333332
818,2020-03-29,19.724444444444444,7.159333333333332
819,2020-03-30,19.724444444444444,7.159333333333332
820,2020-03-31,19.724444444444444,7.159333333333332
821,2020-01-04,19.724444444444444,7.159333333333332
822,2020-02-04,19.724444444444444,7.159333333333332
823,2020-03-04,19.724444444444444,7.159333333333332
824,2020-04-04,19.724444444444444,7.159333333333332
825,2020-05-04,19.724444444444444,7.159333333333332
826,2020-06-04,19.724444444444444,7.159333333333332
827,2020-07-04,19.724444444444444,7.159333333333332
828,2020-08-04,19.724444444444444,7.159333333333332
829,2020-09-04,19.724444444444444,7.159333333333332
830,2020-10-04,19.724444444444444,7.159333333333332
831,2020-11-04,19.724444444444444,7.159333333333332
832,2020-12-04,19.724444444444444,7.159333333333332
833,2020-04-13,19.724444444444444,7.159333333333332
834,2020-04-14,19.724444444444444,7.159333333333332
835,2020-04-15,19.724444444444444,7.159333333333332
836,2020-04-16,19.724444444444444,7.159333333333332
837,2020-04-17,19.724444444444444,7.159333333333332
838,2020-04-18,19.724444444444444,7.159333333333332
839,2020-04-19,19.724444444444444,7.159333333333332
840,2020-04-20,19.724444444444444,7.159333333333332
841,2020-04-21,19.724444444444444,7.159333333333332
842,2020-04-22,19.724444444444444,7.159333333333332
843,2020-04-23,19.724444444444444,7.159333333333332
844,2020-04-24,19.724444444444444,7.159333333333332
845,2020-04-25,19.724444444444444,7.159333333333332
846,2020-04-26,19.724444444444444,7.159333333333332
847,2020-04-27,19.724444444444444,7.159333333333332
848,2020-04-28,19.724444444444444,7.159333333333332
849,2020-04-29,19.724444444444444,7.159333333333332
850,2020-04-30,19.724444444444444,7.159333333333332
851,2020-01-05,19.724444444444444,7.159333333333332
852,2020-02-05,19.724444444444444,7.159333333333332
853,2020-03-05,19.724444444444444,7.159333333333332
854,2020-04-05,19.724444444444444,7.159333333333332
855,2020-05-05,19.724444444444444,7.159333333333332
856,2020-06-05,19.724444444444444,7.159333333333332
857,2020-07-05,19.724444444444444,7.159333333333332
858,2020-08-05,19.724444444444444,7.159333333333332
859,2020-09-05,19.724444444444444,7.159333333333332
860,2020-10-05,19.724444444444444,7.159333333333332
861,2020-11-05,19.724444444444444,7.159333333333332
862,2020-12-05,19.724444444444444,7.159333333333332
863,2020-05-13,19.724444444444444,7.159333333333332
864,2020-05-14,19.724444444444444,7.159333333333332
865,2020-05-15,19.724444444444444,7.159333333333332
866,2020-05-16,19.724444444444444,7.159333333333332
867,2020-05-17,19.724444444444444,7.159333333333332
868,2020-05-18,19.724444444444444,7.159333333333332
869,2020-05-19,19.724444444444444,7.159333333333332
870,2020-05-20,19.724444444444444,7.159333333333332
871,2020-05-21,19.724444444444444,7.159333333333332
872,2020-05-22,19.724444444444444,7.159333333333332
873,2020-05-23,19.724444444444444,7.159333333333332
874,2020-05-24,19.724444444444444,7.159333333333332
875,2020-05-25,19.724444444444444,7.159333333333332
876,2020-05-26,19.724444444444444,7.159333333333332
877,2020-05-27,19.724444444444444,7.159333333333332
878,2020-05-28,19.724444444444444,7.159333333333332
879,2020-05-29,19.724444444444444,7.159333333333332
880,2020-05-30,19.724444444444444,7.159333333333332
881,2020-05-31,19.724444444444444,7.159333333333332
882,2020-01-06,19.724444444444444,7.159333333333332
883,2020-02-06,19.724444444444444,7.159333333333332
884,2020-03-06,19.724444444444444,7.159333333333332
885,2020-04-06,19.724444444444444,7.159333333333332
886,2020-05-06,19.724444444444444,7.159333333333332
887,2020-06-06,19.724444444444444,7.159333333333332
888,2020-07-06,19.724444444444444,7.159333333333332
889,2020-08-06,19.724444444444444,7.159333333333332
890,2020-09-06,19.724444444444444,7.159333333333332
891,2020-10-06,19.724444444444444,7.159333333333332
892,2020-11-06,19.724444444444444,7.159333333333332
893,2020-12-06,19.724444444444444,7.159333333333332
894,2020-06-13,19.724444444444444,7.159333333333332
895,2020-06-14,19.724444444444444,7.159333333333332
896,2020-06-15,19.724444444444444,7.159333333333332
897,2020-06-16,19.724444444444444,7.159333333333332
898,2020-06-17,19.724444444444444,7.159333333333332
899,2020-06-18,19.724444444444444,7.159333333333332
900,2020-06-19,19.724444444444444,7.159333333333332
901,2020-06-20,19.724444444444444,7.159333333333332
902,2020-06-21,19.724444444444444,7.159333333333332
903,2020-06-22,19.724444444444444,7.159333333333332
904,2020-06-23,19.724444444444444,7.159333333333332
905,2020-06-24,19.724444444444444,7.159333333333332
906,2020-06-25,19.724444444444444,7.159333333333332
907,2020-06-26,19.724444444444444,7.159333333333332
908,2020-06-27,19.724444444444444,7.159333333333332
909,2020-06-28,19.724444444444444,7.159333333333332
910,2020-06-29,19.724444444444444,7.159333333333332
911,2020-06-30,19.724444444444444,7.159333333333332
912,2020-01-07,19.724444444444444,7.159333333333332
913,2020-02-07,19.724444444444444,7.159333333333332
914,2020-03-07,19.724444444444444,7.159333333333332
915,2020-04-07,19.724444444444444,7.159333333333332
916,2020-05-07,19.724444444444444,7.159333333333332
917,2020-06-07,19.724444444444444,7.159333333333332
918,2020-07-07,19.724444444444444,7.159333333333332
919,2020-08-07,19.724444444444444,7.159333333333332
920,2020-09-07,19.724444444444444,7.159333333333332
921,2020-10-07,19.724444444444444,7.159333333333332
922,2020-11-07,19.724444444444444,7.159333333333332
923,2020-12-07,19.724444444444444,7.159333333333332
924,2020-07-13,19.724444444444444,7.159333333333332
925,2020-07-14,19.724444444444444,7.159333333333332
926,2020-07-15,19.724444444444444,7.159333333333332
927,2020-07-16,19.724444444444444,7.159333333333332
928,2020-07-17,19.724444444444444,7.159333333333332
929,2020-07-18,19.724444444444444,7.159333333333332
930,2020-07-19,19.724444444444444,7.159333333333332
931,2020-07-20,19.724444444444444,7.159333333333332
932,2020-07-21,19.724444444444444,7.159333333333332
933,2020-07-22,19.724444444444444,7.159333333333332
934,2020-07-23,19.724444444444444,7.159333333333332
935,2020-07-24,19.724444444444444,7.159333333333332
936,2020-07-25,19.724444444444444,7.159333333333332
937,2020-07-26,19.724444444444444,7.159333333333332
938,2020-07-27,19.724444444444444,7.159333333333332
939,2020-07-28,19.724444444444444,7.159333333333332
940,2020-07-29,19.724444444444444,7.159333333333332
941,2020-07-30,19.724444444444444,7.159333333333332
942,2020-07-31,19.724444444444444,7.159333333333332
943,2020-01-08,19.724444444444444,7.159333333333332
944,2020-02-08,19.724444444444444,7.159333333333332
945,2020-03-08,19.724444444444444,7.159333333333332
946,2020-04-08,19.724444444444444,7.159333333333332
947,2020-05-08,19.724444444444444,7.159333333333332
948,2020-06-08,19.724444444444444,7.159333333333332
949,2020-07-08,19.724444444444444,7.159333333333332
950,2020-08-08,19.724444444444444,7.159333333333332
951,2020-09-08,19.724444444444444,7.159333333333332
952,2020-10-08,19.724444444444444,7.159333333333332
953,2020-11-08,19.724444444444444,7.159333333333332
954,2020-12-08,19.724444444444444,7.159333333333332
955,2020-08-13,19.724444444444444,7.159333333333332
956,2020-08-14,19.724444444444444,7.159333333333332
957,2020-08-15,19.724444444444444,7.159333333333332
958,2020-08-16,19.724444444444444,7.159333333333332
959,2020-08-17,19.724444444444444,7.159333333333332
960,2020-08-18,19.724444444444444,7.159333333333332
961,2020-08-19,19.724444444444444,7.159333333333332
962,2020-08-20,19.724444444444444,7.159333333333332
963,2020-08-21,19.724444444444444,7.159333333333332
964,2020-08-22,19.724444444444444,7.159333333333332
965,2020-08-23,19.724444444444444,7.159333333333332
966,2020-08-24,19.724444444444444,7.159333333333332
967,2020-08-25,19.724444444444444,7.159333333333332
968,2020-08-26,19.724444444444444,7.159333333333332
969,2020-08-27,19.724444444444444,7.159333333333332
970,2020-08-28,19.724444444444444,7.159333333333332
971,2020-08-29,19.724444444444444,7.159333333333332
972,2020-08-30,19.724444444444444,7.159333333333332
973,2020-08-31,19.724444444444444,7.159333333333332
974,2020-01-09,19.724444444444444,7.159333333333332
975,2020-02-09,19.724444444444444,7.159333333333332
976,2020-03-09,19.724444444444444,7.159333333333332
977,2020-04-09,19.724444444444444,7.159333333333332
978,2020-05-09,19.724444444444444,7.159333333333332
979,2020-06-09,19.724444444444444,7.159333333333332
980,2020-07-09,19.724444444444444,7.159333333333332
981,2020-08-09,19.724444444444444,7.159333333333332
982,2020-09-09,19.724444444444444,7.159333333333332
983,2020-10-09,19.724444444444444,7.159333333333332
984,2020-11-09,19.724444444444444,7.159333333333332
985,2020-12-09,19.724444444444444,7.159333333333332
986,2020-09-13,19.724444444444444,7.159333333333332
987,2020-09-14,19.724444444444444,7.159333333333332
988,2020-09-15,19.724444444444444,7.159333333333332
989,2020-09-16,19.724444444444444,7.159333333333332
990,2020-09-17,19.724444444444444,7.159333333333332
991,2020-09-18,19.724444444444444,7.159333333333332
992,2020-09-19,19.724444444444444,7.159333333333332
993,2020-09-20,19.724444444444444,7.159333333333332
994,2020-09-21,19.724444444444444,7.159333333333332
995,2020-09-22,19.724444444444444,7.159333333333332
996,2020-09-23,19.724444444444444,7.159333333333332
997,2020-09-24,19.724444444444444,7.159333333333332
998,2020-09-25,19.724444444444444,7.159333333333332
999,2020-09-26,19.724444444444444,7.159333333333332
1000,2020-09-27,19.724444444444444,7.159333333333332
1001,2020-09-28,19.724444444444444,7.159333333333332
1002,2020-09-29,19.724444444444444,7.159333333333332
1003,2020-09-30,19.724444444444444,7.159333333333332
1004,2020-01-10,19.724444444444444,7.159333333333332
1005,2020-02-10,19.724444444444444,7.159333333333332
1006,2020-03-10,19.724444444444444,7.159333333333332
1007,2020-04-10,19.724444444444444,7.159333333333332
1008,2020-05-10,19.724444444444444,7.159333333333332
1009,2020-06-10,19.724444444444444,7.159333333333332
1010,2020-07-10,19.724444444444444,7.159333333333332
1011,2020-08-10,19.724444444444444,7.159333333333332
1012,2020-09-10,19.724444444444444,7.159333333333332
1013,2020-10-10,19.724444444444444,7.159333333333332
1014,2020-11-10,19.724444444444444,7.159333333333332
1015,2020-12-10,19.724444444444444,7.159333333333332
1016,2020-10-13,19.724444444444444,7.159333333333332
1017,2020-10-14,19.724444444444444,7.159333333333332
1018,2020-10-15,19.724444444444444,7.159333333333332
1019,2020-10-16,19.724444444444444,7.159333333333332
1020,2020-10-17,19.724444444444444,7.159333333333332
1021,2020-10-18,19.724444444444444,7.159333333333332
1022,2020-10-19,19.724444444444444,7.159333333333332
1023,2020-10-20,19.724444444444444,7.159333333333332
1024,2020-10-21,19.724444444444444,7.159333333333332
1025,2020-10-22,19.724444444444444,7.159333333333332
1026,2020-10-23,19.724444444444444,7.159333333333332
1027,2020-10-24,19.724444444444444,7.159333333333332
1028,2020-10-25,19.724444444444444,7.159333333333332
1029,2020-10-26,19.724444444444444,7.159333333333332
1030,2020-10-27,19.724444444444444,7.159333333333332
1031,2020-10-28,19.724444444444444,7.159333333333332
1032,2020-10-29,19.724444444444444,7.159333333333332
1033,2020-10-30,19.724444444444444,7.159333333333332
1034,2020-10-31,19.724444444444444,7.159333333333332
1035,2020-01-11,19.724444444444444,7.159333333333332
1036,2020-02-11,19.724444444444444,7.159333333333332
1037,2020-03-11,19.724444444444444,7.159333333333332
1038,2020-04-11,19.724444444444444,7.159333333333332
1039,2020-05-11,19.724444444444444,7.159333333333332
1040,2020-06-11,19.724444444444444,7.159333333333332
1041,2020-07-11,19.724444444444444,7.159333333333332
1042,2020-08-11,19.724444444444444,7.159333333333332
1043,2020-09-11,19.724444444444444,7.159333333333332
1044,2020-10-11,19.724444444444444,7.159333333333332
1045,2020-11-11,19.724444444444444,7.159333333333332
1046,2020-12-11,19.724444444444444,7.159333333333332
1047,2020-11-13,19.724444444444444,7.159333333333332
1048,2020-11-14,19.724444444444444,7.159333333333332
1049,2020-11-15,19.724444444444444,7.159333333333332
1050,2020-11-16,19.724444444444444,7.159333333333332
1051,2020-11-17,19.724444444444444,7.159333333333332
1052,2020-11-18,19.724444444444444,7.159333333333332
1053,2020-11-19,19.724444444444444,7.159333333333332
1054,2020-11-20,19.724444444444444,7.159333333333332
1055,2020-11-21,19.724444444444444,7.159333333333332
1056,2020-11-22,19.724444444444444,7.159333333333332
1057,2020-11-23,19.724444444444444,7.159333333333332
1058,2020-11-24,19.724444444444444,7.159333333333332
1059,2020-11-25,19.724444444444444,7.159333333333332
1060,2020-11-26,19.724444444444444,7.159333333333332
1061,2020-11-27,19.724444444444444,7.159333333333332
1062,2020-11-28,19.724444444444444,7.159333333333332
1063,2020-11-29,19.724444444444444,7.159333333333332
1064,2020-11-30,19.724444444444444,7.159333333333332
1065,2020-01-12,19.724444444444444,7.159333333333332
1066,2020-02-12,19.724444444444444,7.159333333333332
1067,2020-03-12,19.724444444444444,7.159333333333332
1068,2020-04-12,19.724444444444444,7.159333333333332
1069,2020-05-12,19.724444444444444,7.159333333333332
1070,2020-06-12,19.724444444444444,7.159333333333332
1071,2020-07-12,19.724444444444444,7.159333333333332
1072,2020-08-12,19.724444444444444,7.159333333333332
1073,2020-09-12,19.724444444444444,7.159333333333332
1074,2020-10-12,19.724444444444444,7.159333333333332
1075,2020-11-12,19.724444444444444,7.159333333333332
1076,2020-12-12,19.724444444444444,7.159333333333332
1077,2020-12-13,19.724444444444444,7.159333333333332
1078,2020-12-14,19.724444444444444,7.159333333333332
1079,2020-12-15,19.724444444444444,7.159333333333332
1080,2020-12-16,19.724444444444444,7.159333333333332
1081,2020-12-17,19.724444444444444,7.159333333333332
1082,2020-12-18,19.724444444444444,7.159333333333332
1083,2020-12-19,19.724444444444444,7.159333333333332
1084,2020-12-20,19.724444444444444,7.159333333333332
1085,2020-12-21,19.724444444444444,7.159333333333332
1086,2020-12-22,19.724444444444444,7.159333333333332
1087,2020-12-23,19.724444444444444,7.159333333333332
1088,2020-12-24,19.724444444444444,7.159333333333332
1089,2020-12-25,19.724444444444444,7.159333333333332
1090,2020-12-26,19.724444444444444,7.159333333333332
1091,2020-12-27,19.724444444444444,7.159333333333332
1092,2020-12-28,19.724444444444444,7.159333333333332
1093,2020-12-29,19.724444444444444,7.159333333333332
1094,2020-12-30,19.724444444444444,7.159333333333332
1095,2020-12-31,19.724444444444444,7.159333333333332
1096,2021-01-01,19.724444444444444,7.159333333333332
1097,2021-02-01,19.724444444444444,7.159333333333332
1098,2021-03-01,19.724444444444444,7.159333333333332
1099,2021-04-01,19.724444444444444,7.159333333333332
1100,2021-05-01,19.724444444444444,7.159333333333332
1101,2021-06-01,19.724444444444444,7.159333333333332
1102,2021-07-01,19.724444444444444,7.159333333333332
1103,2021-08-01,19.724444444444444,7.159333333333332
1104,2021-09-01,19.724444444444444,7.159333333333332
1105,2021-10-01,19.724444444444444,7.159333333333332
1106,2021-11-01,19.724444444444444,7.159333333333332
1107,2021-12-01,19.724444444444444,7.159333333333332
1108,2021-01-13,19.724444444444444,7.159333333333332
1109,2021-01-14,19.724444444444444,7.159333333333332
1110,2021-01-15,19.724444444444444,7.159333333333332
1111,2021-01-16,19.724444444444444,7.159333333333332
1112,2021-01-17,19.724444444444444,7.159333333333332
1113,2021-01-18,19.724444444444444,7.159333333333332
1114,2021-01-19,19.724444444444444,7.159333333333332
1115,2021-01-20,19.724444444444444,7.159333333333332
1116,2021-01-21,19.724444444444444,7.159333333333332
1117,2021-01-22,19.724444444444444,7.159333333333332
1118,2021-01-23,19.724444444444444,7.159333333333332
1119,2021-01-24,19.724444444444444,7.159333333333332
1120,2021-01-25,19.724444444444444,7.159333333333332
1121,2021-01-26,19.724444444444444,7.159333333333332
1122,2021-01-27,19.724444444444444,7.159333333333332
1123,2021-01-28,19.724444444444444,7.159333333333332
1124,2021-01-29,19.724444444444444,7.159333333333332
1125,2021-01-30,19.724444444444444,7.159333333333332
1126,2021-01-31,19.724444444444444,7.159333333333332
1127,2021-01-02,19.724444444444444,7.159333333333332
1128,2021-02-02,19.724444444444444,7.159333333333332
1129,2021-03-02,19.724444444444444,7.159333333333332
1130,2021-04-02,19.724444444444444,7.159333333333332
1131,2021-05-02,19.724444444444444,7.159333333333332
1132,2021-06-02,19.724444444444444,7.159333333333332
1133,2021-07-02,19.724444444444444,7.159333333333332
1134,2021-08-02,19.724444444444444,7.159333333333332
1135,2021-09-02,19.724444444444444,7.159333333333332
1136,2021-10-02,19.724444444444444,7.159333333333332
1137,2021-11-02,19.724444444444444,7.159333333333332
1138,2021-12-02,19.724444444444444,7.159333333333332
1139,2021-02-13,19.724444444444444,7.159333333333332
1140,2021-02-14,19.724444444444444,7.159333333333332
1141,2021-02-15,19.724444444444444,7.159333333333332
1142,2021-02-16,19.724444444444444,7.159333333333332
1143,2021-02-17,19.724444444444444,7.159333333333332
1144,2021-02-18,19.724444444444444,7.159333333333332
1145,2021-02-19,19.724444444444444,7.159333333333332
1146,2021-02-20,19.724444444444444,7.159333333333332
1147,2021-02-21,19.724444444444444,7.159333333333332
1148,2021-02-22,19.724444444444444,7.159333333333332
1149,2021-02-23,19.724444444444444,7.159333333333332
1150,2021-02-24,19.724444444444444,7.159333333333332
1151,2021-02-25,19.724444444444444,7.159333333333332
1152,2021-02-26,19.724444444444444,7.159333333333332
1153,2021-02-27,19.724444444444444,7.159333333333332
1154,2021-02-28,19.724444444444444,7.159333333333332
1155,2021-01-03,19.724444444444444,7.159333333333332
1156,2021-02-03,19.724444444444444,7.159333333333332
1157,2021-03-03,19.724444444444444,7.159333333333332
1158,2021-04-03,19.724444444444444,7.159333333333332
1159,2021-05-03,19.724444444444444,7.159333333333332
1160,2021-06-03,19.724444444444444,7.159333333333332
1161,2021-07-03,19.724444444444444,7.159333333333332
1162,2021-08-03,19.724444444444444,7.159333333333332
1163,2021-09-03,19.724444444444444,7.159333333333332
1164,2021-10-03,19.724444444444444,7.159333333333332
1165,2021-11-03,19.724444444444444,7.159333333333332
1166,2021-12-03,19.724444444444444,7.159333333333332
1167,2021-03-13,19.724444444444444,7.159333333333332
1168,2021-03-14,19.724444444444444,7.159333333333332
1169,2021-03-15,19.724444444444444,7.159333333333332
1170,2021-03-16,19.724444444444444,7.159333333333332
1171,2021-03-17,19.724444444444444,7.159333333333332
1172,2021-03-18,19.724444444444444,7.159333333333332
1173,2021-03-19,19.724444444444444,7.159333333333332
1174,2021-03-20,19.724444444444444,7.159333333333332
1175,2021-03-21,19.724444444444444,7.159333333333332
1176,2021-03-22,19.724444444444444,7.159333333333332
1177,2021-03-23,19.724444444444444,7.159333333333332
1178,2021-03-24,19.724444444444444,7.159333333333332
1179,2021-03-25,19.724444444444444,7.159333333333332
1180,2021-03-26,19.724444444444444,7.159333333333332
1181,2021-03-27,19.724444444444444,7.159333333333332
1182,2021-03-28,19.724444444444444,7.159333333333332
1183,2021-03-29,19.724444444444444,7.159333333333332
1184,2021-03-30,19.724444444444444,7.159333333333332
1185,2021-03-31,19.724444444444444,7.159333333333332
1186,2021-01-04,19.724444444444444,7.159333333333332
1187,2021-02-04,19.724444444444444,7.159333333333332
1188,2021-03-04,19.724444444444444,7.159333333333332
1189,2021-04-04,19.724444444444444,7.159333333333332
1190,2021-05-04,19.724444444444444,7.159333333333332
1191,2021-06-04,19.724444444444444,7.159333333333332
1192,2021-07-04,19.724444444444444,7.159333333333332
1193,2021-08-04,19.724444444444444,7.159333333333332
1194,2021-09-04,19.724444444444444,7.159333333333332
1195,2021-10-04,19.724444444444444,7.159333333333332
1196,2021-11-04,19.724444444444444,7.159333333333332
1197,2021-12-04,19.724444444444444,7.159333333333332
1198,2021-04-13,19.724444444444444,7.159333333333332
1199,2021-04-14,19.724444444444444,7.159333333333332
1200,2021-04-15,19.724444444444444,7.159333333333332
1201,2021-04-16,19.724444444444444,7.159333333333332
1202,2021-04-17,19.724444444444444,7.159333333333332
1203,2021-04-18,19.724444444444444,7.159333333333332
1204,2021-04-19,19.724444444444444,7.159333333333332
1205,2021-04-20,19.724444444444444,7.159333333333332
1206,2021-04-21,19.724444444444444,7.159333333333332
1207,2021-04-22,19.724444444444444,7.159333333333332
1208,2021-04-23,19.724444444444444,7.159333333333332
1209,2021-04-24,19.724444444444444,7.159333333333332
1210,2021-04-25,19.724444444444444,7.159333333333332
1211,2021-04-26,19.724444444444444,7.159333333333332
1212,2021-04-27,19.724444444444444,7.159333333333332
1213,2021-04-28,19.724444444444444,7.159333333333332
1214,2021-04-29,19.724444444444444,7.159333333333332
1215,2021-04-30,19.724444444444444,7.159333333333332
1216,2021-01-05,19.724444444444444,7.159333333333332
1217,2021-02-05,19.724444444444444,7.159333333333332
1218,2021-03-05,19.724444444444444,7.159333333333332
1219,2021-04-05,19.724444444444444,7.159333333333332
1220,2021-05-05,19.724444444444444,7.159333333333332
1221,2021-06-05,19.724444444444444,7.159333333333332
1222,2021-07-05,19.724444444444444,7.159333333333332
1223,2021-08-05,19.724444444444444,7.159333333333332
1224,2021-09-05,19.724444444444444,7.159333333333332
1225,2021-10-05,19.724444444444444,7.159333333333332
1226,2021-11-05,19.724444444444444,7.159333333333332
1227,2021-12-05,19.724444444444444,7.159333333333332
1228,2021-05-13,19.724444444444444,7.159333333333332
1229,2021-05-14,19.724444444444444,7.159333333333332
1230,2021-05-15,19.724444444444444,7.159333333333332
1231,2021-05-16,19.724444444444444,7.159333333333332
1232,2021-05-17,19.724444444444444,7.159333333333332
1233,2021-05-18,19.724444444444444,7.159333333333332
1234,2021-05-19,19.724444444444444,7.159333333333332
1235,2021-05-20,19.724444444444444,7.159333333333332
1236,2021-05-21,19.724444444444444,7.159333333333332
1237,2021-05-22,19.724444444444444,7.159333333333332
1238,2021-05-23,19.724444444444444,7.159333333333332
1239,2021-05-24,19.724444444444444,7.159333333333332
1240,2021-05-25,19.724444444444444,7.159333333333332
1241,2021-05-26,19.724444444444444,7.159333333333332
1242,2021-05-27,19.724444444444444,7.159333333333332
1243,2021-05-28,19.724444444444444,7.159333333333332
1244,2021-05-29,19.724444444444444,7.159333333333332
1245,2021-05-30,19.724444444444444,7.159333333333332
1246,2021-05-31,19.724444444444444,7.159333333333332
1247,2021-01-06,19.724444444444444,7.159333333333332
1248,2021-02-06,19.724444444444444,7.159333333333332
1249,2021-03-06,19.724444444444444,7.159333333333332
1250,2021-04-06,19.724444444444444,7.159333333333332
1251,2021-05-06,19.724444444444444,7.159333333333332
1252,2021-06-06,19.724444444444444,7.159333333333332
1253,2021-07-06,19.724444444444444,7.159333333333332
1254,2021-08-06,19.724444444444444,7.159333333333332
1255,2021-09-06,19.724444444444444,7.159333333333332
1256,2021-10-06,19.724444444444444,7.159333333333332
1257,2021-11-06,19.724444444444444,7.159333333333332
1258,2021-12-06,19.724444444444444,7.159333333333332
1259,2021-06-13,19.724444444444444,7.159333333333332
1260,2021-06-14,19.724444444444444,7.159333333333332
1261,2021-06-15,19.724444444444444,7.159333333333332
1262,2021-06-16,19.724444444444444,7.159333333333332
1263,2021-06-17,19.724444444444444,7.159333333333332
1264,2021-06-18,19.724444444444444,7.159333333333332
1265,2021-06-19,19.724444444444444,7.159333333333332
1266,2021-06-20,19.724444444444444,7.159333333333332
1267,2021-06-21,19.724444444444444,7.159333333333332
1268,2021-06-22,19.724444444444444,7.159333333333332
1269,2021-06-23,19.724444444444444,7.159333333333332
1270,2021-06-24,19.724444444444444,7.159333333333332
1271,2021-06-25,19.724444444444444,7.159333333333332
1272,2021-06-26,19.724444444444444,7.159333333333332
1273,2021-06-27,19.724444444444444,7.159333333333332
1274,2021-06-28,19.724444444444444,7.159333333333332
1275,2021-06-29,19.724444444444444,7.159333333333332
1276,2021-06-30,19.724444444444444,7.159333333333332
1277,2021-01-07,19.724444444444444,7.159333333333332
1278,2021-02-07,19.724444444444444,7.159333333333332
1279,2021-03-07,19.724444444444444,7.159333333333332
1280,2021-04-07,19.724444444444444,7.159333333333332
1281,2021-05-07,19.724444444444444,7.159333333333332
1282,2021-06-07,19.724444444444444,7.159333333333332
1283,2021-07-07,19.724444444444444,7.159333333333332
1284,2021-08-07,19.724444444444444,7.159333333333332
1285,2021-09-07,19.724444444444444,7.159333333333332
1286,2021-10-07,19.724444444444444,7.159333333333332
1287,2021-11-07,19.724444444444444,7.159333333333332
1288,2021-12-07,19.724444444444444,7.159333333333332
1289,2021-07-13,19.724444444444444,7.159333333333332
1290,2021-07-14,19.724444444444444,7.159333333333332
1291,2021-07-15,19.724444444444444,7.159333333333332
1292,2021-07-16,19.724444444444444,7.159333333333332
1293,2021-07-17,19.724444444444444,7.159333333333332
1294,2021-07-18,19.724444444444444,7.159333333333332
1295,2021-07-19,19.724444444444444,7.159333333333332
1296,2021-07-20,19.724444444444444,7.159333333333332
1297,2021-07-21,19.724444444444444,7.159333333333332
1298,2021-07-22,19.724444444444444,7.159333333333332
1299,2021-07-23,19.724444444444444,7.159333333333332
1300,2021-07-24,19.724444444444444,7.159333333333332
1301,2021-07-25,19.724444444444444,7.159333333333332
1302,2021-07-26,19.724444444444444,7.159333333333332
1303,2021-07-27,19.724444444444444,7.159333333333332
1304,2021-07-28,19.724444444444444,7.159333333333332
1305,2021-07-29,19.724444444444444,7.159333333333332
1306,2021-07-30,19.724444444444444,7.159333333333332
1307,2021-07-31,19.724444444444444,7.159333333333332
1308,2021-01-08,19.724444444444444,7.159333333333332
1309,2021-02-08,19.724444444444444,7.159333333333332
1310,2021-03-08,19.724444444444444,7.159333333333332
1311,2021-04-08,19.724444444444444,7.159333333333332
1312,2021-05-08,19.724444444444444,7.159333333333332
1313,2021-06-08,19.724444444444444,7.159333333333332
1314,2021-07-08,19.724444444444444,7.159333333333332
1315,2021-08-08,19.724444444444444,7.159333333333332
1316,2021-09-08,19.724444444444444,7.159333333333332
1317,2021-10-08,19.724444444444444,7.159333333333332
1318,2021-11-08,19.724444444444444,7.159333333333332
1319,2021-12-08,19.724444444444444,7.159333333333332
1320,2021-08-13,19.724444444444444,7.159333333333332
1321,2021-08-14,19.724444444444444,7.159333333333332
1322,2021-08-15,19.724444444444444,7.159333333333332
1323,2021-08-16,19.724444444444444,7.159333333333332
1324,2021-08-17,19.724444444444444,7.159333333333332
1325,2021-08-18,19.724444444444444,7.159333333333332
1326,2021-08-19,19.724444444444444,7.159333333333332
1327,2021-08-20,19.724444444444444,7.159333333333332
1328,2021-08-21,19.724444444444444,7.159333333333332
1329,2021-08-22,19.724444444444444,7.159333333333332
1330,2021-08-23,19.724444444444444,7.159333333333332
1331,2021-08-24,19.724444444444444,7.159333333333332
1332,2021-08-25,19.724444444444444,7.159333333333332
1333,2021-08-26,19.724444444444444,7.159333333333332
1334,2021-08-27,19.724444444444444,7.159333333333332
1335,2021-08-28,19.724444444444444,7.159333333333332
1336,2021-08-29,19.724444444444444,7.159333333333332
1337,2021-08-30,19.724444444444444,7.159333333333332
1338,2021-08-31,19.724444444444444,7.159333333333332
1339,2021-01-09,19.724444444444444,7.159333333333332
1340,2021-02-09,19.724444444444444,7.159333333333332
1341,2021-03-09,19.724444444444444,7.159333333333332
1342,2021-04-09,19.724444444444444,7.159333333333332
1343,2021-05-09,19.724444444444444,7.159333333333332
1344,2021-06-09,19.724444444444444,7.159333333333332
1345,2021-07-09,19.724444444444444,7.159333333333332
1346,2021-08-09,19.724444444444444,7.159333333333332
1347,2021-09-09,19.724444444444444,7.159333333333332
1348,2021-10-09,19.724444444444444,7.159333333333332
1349,2021-11-09,19.724444444444444,7.159333333333332
1350,2021-12-09,19.724444444444444,7.159333333333332
1351,2021-09-13,19.724444444444444,7.159333333333332
1352,2021-09-14,19.724444444444444,7.159333333333332
1353,2021-09-15,19.724444444444444,7.159333333333332
1354,2021-09-16,19.724444444444444,7.159333333333332
1355,2021-09-17,19.724444444444444,7.159333333333332
1356,2021-09-18,19.724444444444444,7.159333333333332
1357,2021-09-19,19.724444444444444,7.159333333333332
1358,2021-09-20,19.724444444444444,7.159333333333332
1359,2021-09-21,19.724444444444444,7.159333333333332
1360,2021-09-22,19.724444444444444,7.159333333333332
1361,2021-09-23,19.724444444444444,7.159333333333332
1362,2021-09-24,19.724444444444444,7.159333333333332
1363,2021-09-25,19.724444444444444,7.159333333333332
1364,2021-09-26,19.724444444444444,7.159333333333332
1365,2021-09-27,19.724444444444444,7.159333333333332
1366,2021-09-28,19.724444444444444,7.159333333333332
1367,2021-09-29,19.724444444444444,7.159333333333332
1368,2021-09-30,19.724444444444444,7.159333333333332
1369,2021-01-10,19.724444444444444,7.159333333333332
1370,2021-02-10,19.724444444444444,7.159333333333332
1371,2021-03-10,19.724444444444444,7.159333333333332
1372,2021-04-10,19.724444444444444,7.159333333333332
1373,2021-05-10,19.724444444444444,7.159333333333332
1374,2021-06-10,19.724444444444444,7.159333333333332
1375,2021-07-10,19.724444444444444,7.159333333333332
1376,2021-08-10,19.724444444444444,7.159333333333332
1377,2021-09-10,19.724444444444444,7.159333333333332
1378,2021-10-10,19.724444444444444,7.159333333333332
1379,2021-11-10,19.724444444444444,7.159333333333332
1380,2021-12-10,19.724444444444444,7.159333333333332
1381,2021-10-13,19.724444444444444,7.159333333333332
1382,2021-10-14,19.724444444444444,7.159333333333332
1383,2021-10-15,19.724444444444444,7.159333333333332
1384,2021-10-16,19.724444444444444,7.159333333333332
1385,2021-10-17,19.724444444444444,7.159333333333332
1386,2021-10-18,19.724444444444444,7.159333333333332
1387,2021-10-19,19.724444444444444,7.159333333333332
1388,2021-10-20,19.724444444444444,7.159333333333332
1389,2021-10-21,19.724444444444444,7.159333333333332
1390,2021-10-22,19.724444444444444,7.159333333333332
1391,2021-10-23,19.724444444444444,7.159333333333332
1392,2021-10-24,19.724444444444444,7.159333333333332
1393,2021-10-25,19.724444444444444,7.159333333333332
1394,2021-10-26,19.724444444444444,7.159333333333332
1395,2021-10-27,19.724444444444444,7.159333333333332
1396,2021-10-28,19.724444444444444,7.159333333333332
1397,2021-10-29,19.724444444444444,7.159333333333332
1398,2021-10-30,19.724444444444444,7.159333333333332
1399,2021-10-31,19.724444444444444,7.159333333333332
1400,2021-01-11,19.724444444444444,7.159333333333332
1401,2021-02-11,19.724444444444444,7.159333333333332
1402,2021-03-11,19.724444444444444,7.159333333333332
1403,2021-04-11,19.724444444444444,7.159333333333332
1404,2021-05-11,19.724444444444444,7.159333333333332
1405,2021-06-11,19.724444444444444,7.159333333333332
1406,2021-07-11,19.724444444444444,7.159333333333332
1407,2021-08-11,19.724444444444444,7.159333333333332
1408,2021-09-11,19.724444444444444,7.159333333333332
1409,2021-10-11,19.724444444444444,7.159333333333332
1410,2021-11-11,19.724444444444444,7.159333333333332
1411,2021-12-11,19.724444444444444,7.159333333333332
1412,2021-11-13,19.724444444444444,7.159333333333332
1413,2021-11-14,19.724444444444444,7.159333333333332
1414,2021-11-15,19.724444444444444,7.159333333333332
1415,2021-11-16,19.724444444444444,7.159333333333332
1416,2021-11-17,19.724444444444444,7.159333333333332
1417,2021-11-18,19.724444444444444,7.159333333333332
1418,2021-11-19,19.724444444444444,7.159333333333332
1419,2021-11-20,19.724444444444444,7.159333333333332
1420,2021-11-21,19.724444444444444,7.159333333333332
1421,2021-11-22,19.724444444444444,7.159333333333332
1422,2021-11-23,19.724444444444444,7.159333333333332
1423,2021-11-24,19.724444444444444,7.159333333333332
1424,2021-11-25,19.724444444444444,7.159333333333332
1425,2021-11-26,19.724444444444444,7.159333333333332
1426,2021-11-27,19.724444444444444,7.159333333333332
1427,2021-11-28,19.724444444444444,7.159333333333332
1428,2021-11-29,19.724444444444444,7.159333333333332
1429,2021-11-30,19.724444444444444,7.159333333333332
1430,2021-01-12,19.724444444444444,7.159333333333332
1431,2021-02-12,19.724444444444444,7.159333333333332
1432,2021-03-12,19.724444444444444,7.159333333333332
1433,2021-04-12,19.724444444444444,7.159333333333332
1434,2021-05-12,19.724444444444444,7.159333333333332
1435,2021-06-12,19.724444444444444,7.159333333333332
1436,2021-07-12,19.724444444444444,7.159333333333332
1437,2021-08-12,19.724444444444444,7.159333333333332
1438,2021-09-12,19.724444444444444,7.159333333333332
1439,2021-10-12,19.724444444444444,7.159333333333332
1440,2021-11-12,19.724444444444444,7.159333333333332
1441,2021-12-12,19.724444444444444,7.159333333333332
1442,2021-12-13,19.724444444444444,7.159333333333332
1443,2021-12-14,19.724444444444444,7.159333333333332
1444,2021-12-15,19.724444444444444,7.159333333333332
1445,2021-12-16,19.724444444444444,7.159333333333332
1446,2021-12-17,19.724444444444444,7.159333333333332
1447,2021-12-18,19.724444444444444,7.159333333333332
1448,2021-12-19,19.724444444444444,7.159333333333332
1449,2021-12-20,19.724444444444444,7.159333333333332
1450,2021-12-21,19.724444444444444,7.159333333333332
1451,2021-12-22,19.724444444444444,7.159333333333332
1452,2021-12-23,19.724444444444444,7.159333333333332
1453,2021-12-24,19.724444444444444,7.159333333333332
1454,2021-12-25,19.724444444444444,7.159333333333332
1455,2021-12-26,19.724444444444444,7.159333333333332
1456,2021-12-27,19.724444444444444,7.159333333333332
1457,2021-12-28,19.724444444444444,7.159333333333332
1458,2021-12-29,19.724444444444444,7.159333333333332
1459,2021-12-30,19.724444444444444,7.159333333333332
1460,2021-12-31,19.724444444444444,7.159333333333332
1461,2022-01-01,19.724444444444444,7.159333333333332
1462,2022-02-01,19.724444444444444,7.159333333333332
1463,2022-03-01,19.724444444444444,7.159333333333332
1464,2022-04-01,19.724444444444444,7.159333333333332
1465,2022-05-01,19.724444444444444,7.159333333333332
1466,2022-06-01,19.724444444444444,7.159333333333332
1467,2022-07-01,19.724444444444444,7.159333333333332
1468,2022-08-01,19.724444444444444,7.159333333333332
1469,2022-09-01,19.724444444444444,7.159333333333332
1470,2022-10-01,19.724444444444444,7.159333333333332
1471,2022-11-01,19.724444444444444,7.159333333333332
1472,2022-12-01,19.724444444444444,7.159333333333332
1473,2022-01-13,19.724444444444444,7.159333333333332
1474,2022-01-14,19.724444444444444,7.159333333333332
1475,2022-01-15,19.724444444444444,7.159333333333332
1476,2022-01-16,19.724444444444444,7.159333333333332
1477,2022-01-17,19.724444444444444,7.159333333333332
1478,2022-01-18,19.724444444444444,7.159333333333332
1479,2022-01-19,19.724444444444444,7.159333333333332
1480,2022-01-20,19.724444444444444,7.159333333333332
1481,2022-01-21,19.724444444444444,7.159333333333332
1482,2022-01-22,19.724444444444444,7.159333333333332
1483,2022-01-23,19.724444444444444,7.159333333333332
1484,2022-01-24,19.724444444444444,7.159333333333332
1485,2022-01-25,19.724444444444444,7.159333333333332
1486,2022-01-26,19.724444444444444,7.159333333333332
1487,2022-01-27,19.724444444444444,7.159333333333332
1488,2022-01-28,19.724444444444444,7.159333333333332
1489,2022-01-29,19.724444444444444,7.159333333333332
1490,2022-01-30,19.724444444444444,7.159333333333332
1491,2022-01-31,19.724444444444444,7.159333333333332
1492,2022-01-02,19.724444444444444,7.159333333333332
1493,2022-02-02,19.724444444444444,7.159333333333332
1494,2022-03-02,19.724444444444444,7.159333333333332
1495,2022-04-02,19.724444444444444,7.159333333333332
1496,2022-05-02,19.724444444444444,7.159333333333332
1497,2022-06-02,19.724444444444444,7.159333333333332
1498,2022-07-02,19.724444444444444,7.159333333333332
1499,2022-08-02,19.724444444444444,7.159333333333332
1500,2022-09-02,19.724444444444444,7.159333333333332
1501,2022-10-02,19.724444444444444,7.159333333333332
1502,2022-11-02,19.724444444444444,7.159333333333332
1503,2022-12-02,19.724444444444444,7.159333333333332
1504,2022-02-13,19.724444444444444,7.159333333333332
1505,2022-02-14,19.724444444444444,7.159333333333332
1506,2022-02-15,19.724444444444444,7.159333333333332
1507,2022-02-16,19.724444444444444,7.159333333333332
1508,2022-02-17,19.724444444444444,7.159333333333332
1509,2022-02-18,19.724444444444444,7.159333333333332
1510,2022-02-19,19.724444444444444,7.159333333333332
1511,2022-02-20,19.724444444444444,7.159333333333332
1512,2022-02-21,19.724444444444444,7.159333333333332
1513,2022-02-22,19.724444444444444,7.159333333333332
1514,2022-02-23,19.724444444444444,7.159333333333332
1515,2022-02-24,19.724444444444444,7.159333333333332
1516,2022-02-25,19.724444444444444,7.159333333333332
1517,2022-02-26,19.724444444444444,7.159333333333332
1518,2022-02-27,19.724444444444444,7.159333333333332
1519,2022-02-28,19.724444444444444,7.159333333333332
1520,2022-01-03,19.724444444444444,7.159333333333332
1521,2022-02-03,19.724444444444444,7.159333333333332
1522,2022-03-03,19.724444444444444,7.159333333333332
1523,2022-04-03,19.724444444444444,7.159333333333332
1524,2022-05-03,19.724444444444444,7.159333333333332
1525,2022-06-03,19.724444444444444,7.159333333333332
1526,2022-07-03,19.724444444444444,7.159333333333332
1527,2022-08-03,19.724444444444444,7.159333333333332
1528,2022-09-03,19.724444444444444,7.159333333333332
1529,2022-10-03,19.724444444444444,7.159333333333332
1530,2022-11-03,19.724444444444444,7.159333333333332
1531,2022-12-03,19.724444444444444,7.159333333333332
1532,2022-03-13,19.724444444444444,7.159333333333332
1533,2022-03-14,19.724444444444444,7.159333333333332
1534,2022-03-15,19.724444444444444,7.159333333333332
1535,2022-03-16,19.724444444444444,7.159333333333332
1536,2022-03-17,19.724444444444444,7.159333333333332
1537,2022-03-18,19.724444444444444,7.159333333333332
1538,2022-03-19,19.724444444444444,7.159333333333332
1539,2022-03-20,19.724444444444444,7.159333333333332
1540,2022-03-21,19.724444444444444,7.159333333333332
1541,2022-03-22,19.724444444444444,7.159333333333332
1542,2022-03-23,19.724444444444444,7.159333333333332
1543,2022-03-24,19.724444444444444,7.159333333333332
1544,2022-03-25,19.724444444444444,7.159333333333332
1545,2022-03-26,19.724444444444444,7.159333333333332
1546,2022-03-27,19.724444444444444,7.159333333333332
1547,2022-03-28,19.724444444444444,7.159333333333332
1548,2022-03-29,19.724444444444444,7.159333333333332
1549,2022-03-30,19.724444444444444,7.159333333333332
1550,2022-03-31,19.724444444444444,7.159333333333332
1551,2022-01-04,19.724444444444444,7.159333333333332
1552,2022-02-04,19.724444444444444,7.159333333333332
1553,2022-03-04,19.724444444444444,7.159333333333332
1554,2022-04-04,19.724444444444444,7.159333333333332
1555,2022-05-04,19.724444444444444,7.159333333333332
1556,2022-06-04,19.724444444444444,7.159333333333332
1557,2022-07-04,19.724444444444444,7.159333333333332
1558,2022-08-04,19.724444444444444,7.159333333333332
1559,2022-09-04,19.724444444444444,7.159333333333332
1560,2022-10-04,19.724444444444444,7.159333333333332
1561,2022-11-04,19.724444444444444,7.159333333333332
1562,2022-12-04,19.724444444444444,7.159333333333332
1563,2022-04-13,19.724444444444444,7.159333333333332
1564,2022-04-14,19.724444444444444,7.159333333333332
1565,2022-04-15,19.724444444444444,7.159333333333332
1566,2022-04-16,19.724444444444444,7.159333333333332
1567,2022-04-17,19.724444444444444,7.159333333333332
1568,2022-04-18,55.2,4.2
1569,2022-04-19,50.83,4.04
1570,2022-04-20,27.39,3.76
1571,2022-04-21,33.99,4.34
1572,2022-04-22,36.69,4.53
1573,2022-04-23,35.21,4.54
1574,2022-04-24,39.88,5.02
1575,2022-04-25,38.71,5.07
1576,2022-04-26,37.67,5.16
1577,2022-04-27,44.16,4.38
1578,2022-04-28,50.38,4.09
1579,2022-04-29,60.54,4.2
1580,2022-04-30,10.52,5.39
1581,2022-01-05,19.724444444444444,7.159333333333332
1582,2022-02-05,32.364,4.59
1583,2022-03-05,27.734,5.94
1584,2022-04-05,25.52,6.36
1585,2022-05-05,24.6,4.16
1586,2022-06-05,29.61,4.05
1587,2022-07-05,23.17,3.99
1588,2022-08-05,36.275999999999996,3.85
1589,2022-09-05,41.82,4.09
1590,2022-10-05,14.39,6.23
1591,2022-11-05,7.78,10.35
1592,2022-12-05,14.23,6.81
1593,2022-05-13,11.77,4.71
1594,2022-05-14,16.93,5.04
1595,2022-05-15,17.57,5.63
1596,2022-05-16,19.93,5.28
1597,2022-05-17,16.81,5.34
1598,2022-05-18,20.92,5.83
1599,2022-05-19,19.9,5.52
1600,2022-05-20,23.94,5.2
1601,2022-05-21,18.96,5.12
1602,2022-05-22,30.14,5.21
1603,2022-05-23,33.63,5.27
1604,2022-05-24,33.12,5.48
1605,2022-05-25,26.94,5.54
1606,2022-05-26,30.81,5.48
1607,2022-05-27,36.54,6.07
1608,2022-05-28,31.84,5.97
1609,2022-05-29,31.03,8.16
1610,2022-05-30,28.49,7.5
1611,2022-05-31,24.34,6.16
1612,2022-01-06,25.03,6.2
1613,2022-02-06,22.98,6.28
1614,2022-03-06,24.51,6.3
1615,2022-04-06,21.29,6.24
1616,2022-05-06,27.84,6.26
1617,2022-06-06,31.3,6.24
1618,2022-07-06,24.13,6.32
1619,2022-08-06,25.14,6.29
1620,2022-09-06,23.42,6.3
1621,2022-10-06,20.86,6.4
1622,2022-11-06,28.87,6.53
1623,2022-12-06,18.79,6.73
1624,2022-06-13,25.35,6.52
1625,2022-06-14,16.95,7.21
1626,2022-06-15,10.17,7.04
1627,2022-06-16,6.61,7.05
1628,2022-06-17,5.33,6.96
1629,2022-06-18,9.04,7.22
1630,2022-06-19,13.03,7.55
1631,2022-06-20,11.24,7.39
1632,2022-06-21,16.17,7.87
1633,2022-06-22,20.63,7.7
1634,2022-06-23,10.12,7.33
1635,2022-06-24,9.27,7.45
1636,2022-06-25,6.73,7.62
1637,2022-06-26,5.67,7.57
1638,2022-06-27,5.42,7.78
1639,2022-06-28,5.9,7.85
1640,2022-06-29,7.64,7.53
1641,2022-06-30,13.66,7.83
1642,2022-01-07,16.55,10.91
1643,2022-02-07,14.89,12.1
1644,2022-03-07,11.85,8.11
1645,2022-04-07,12.49,8.28
1646,2022-05-07,17.14,8.5
1647,2022-06-07,15.06,8.44
1648,2022-07-07,11.37,8.5
1649,2022-08-07,15.72,8.45
1650,2022-09-07,13.46,8.57
1651,2022-10-07,16.89,8.56
1652,2022-11-07,11.72,8.64
1653,2022-12-07,11.23,9.77
1654,2022-07-13,19.724444444444444,7.159333333333332
1655,2022-07-14,19.724444444444444,7.159333333333332
1656,2022-07-15,19.724444444444444,7.159333333333332
1657,2022-07-16,19.724444444444444,7.159333333333332
1658,2022-07-17,19.724444444444444,7.159333333333332
1659,2022-07-18,19.724444444444444,7.159333333333332
1660,2022-07-19,21.85,8.38
1661,2022-07-20,12.2,8.31
1662,2022-07-21,13.08,8.68
1663,2022-07-22,15.03,8.48
1664,2022-07-23,8.66,8.59
1665,2022-07-24,8.54,8.34
1666,2022-07-25,13.1,8.48
1667,2022-07-26,9.46,8.11
1668,2022-07-27,21.09,8.49
1669,2022-07-28,20.76,8.81
1670,2022-07-29,18.95,8.55
1671,2022-07-30,20.3,8.33
1672,2022-07-31,15.3,8.36
1673,2022-01-08,14.42,8.36
1674,2022-02-08,14.6,8.48
1675,2022-03-08,19.15,8.88
1676,2022-04-08,13.37,8.96
1677,2022-05-08,15.09,9.03
1678,2022-06-08,14.82,9.0
1679,2022-07-08,10.65,9.55
1680,2022-08-08,9.63,9.37
1681,2022-09-08,4.03,9.13
1682,2022-10-08,5.99,9.23
1683,2022-11-08,12.43,9.44
1684,2022-12-08,12.1,9.6
1685,2022-08-13,11.37,9.38
1686,2022-08-14,4.58,9.42
1687,2022-08-15,9.67,9.31
1688,2022-08-16,11.83,9.16
1689,2022-08-17,19.77,9.56
1690,2022-08-18,20.22,9.78
1691,2022-08-19,7.91,9.52
1692,2022-08-20,14.57,9.61
1693,2022-08-21,15.45,9.55
1694,2022-08-22,10.43,8.85
