,date,PM2.5,SO2,NO2,CO
0,2018-01-01,155.86,2.93,24.82,1.13
1,2018-02-01,96.06,2.93,25.45,0.89
2,2018-03-01,73.89,2.83,24.19,0.73
3,2018-04-01,116.61,3.32,25.95,1.01
4,2018-05-01,120.9,3.59,25.89,1.09
5,2018-06-01,74.74,1.96,19.34,0.76
6,2018-07-01,68.77,3.86,16.11,0.74
7,2018-08-01,76.01,3.01,15.53,0.74
8,2018-09-01,77.26,4.63,14.1,0.7
9,2018-10-01,85.36,4.46,15.72,0.71
10,2018-11-01,76.98,6.68,17.66,0.87
11,2018-12-01,78.31,7.354000000000001,25.426000000000002,0.84
12,2018-01-13,94.97,6.122,22.728,1.02
13,2018-01-14,91.22,7.214,25.922000000000004,0.93
14,2018-01-15,81.12,9.12,38.74,0.87
15,2018-01-16,82.24,6.06,34.67,1.13
16,2018-01-17,120.36,4.73,26.31,1.06
17,2018-01-18,91.24,3.86,21.16,0.82
18,2018-01-19,57.59,4.55,22.26,0.61
19,2018-01-20,61.78,4.32,23.45,0.85
20,2018-01-21,62.29,4.16,24.69,0.82
21,2018-01-22,114.55,4.98,29.75,1.35
22,2018-01-23,74.14,5.01,27.2,0.82
23,2018-01-24,32.28,4.23,23.52,0.57
24,2018-01-25,38.97,5.1,23.72,0.59
25,2018-01-26,45.27,4.35,22.78,0.59
26,2018-01-27,63.05,3.89,22.33,0.61
27,2018-01-28,38.0,4.7,22.84,0.65
28,2018-01-29,35.9,4.53,21.87,0.72
29,2018-01-30,47.99,3.95,24.1,0.64
30,2018-01-31,57.82,5.34,26.34,0.63
31,2018-01-02,45.83,5.39,26.68,0.59
32,2018-02-02,33.18,4.76,25.58,0.56
33,2018-03-02,44.46,4.14,24.12,0.53
34,2018-04-02,49.22,6.07,31.86,0.54
35,2018-05-02,49.54,5.43,31.87,0.56
36,2018-06-02,43.93,3.85,31.9,0.56
37,2018-07-02,46.78,6.13,31.88,0.6
38,2018-08-02,53.99,5.41,31.9,0.63
39,2018-09-02,52.52,6.26,31.9,0.82
40,2018-10-02,63.14,8.21,31.74,0.88
41,2018-11-02,56.5,6.88,31.68,0.61
42,2018-12-02,32.58,4.15,31.76,0.59
43,2018-02-13,18.32,6.69,31.77,0.42
44,2018-02-14,17.45,6.93,31.74,0.37
45,2018-02-15,32.9,6.75,31.72,0.54
46,2018-02-16,42.4,7.86,31.69,0.51
47,2018-02-17,43.61,7.41,31.68,0.49
48,2018-02-18,44.28,2.6,31.62,0.59
49,2018-02-19,43.25,2.95,31.64,0.67
50,2018-02-20,55.72,8.91,31.62,0.81
51,2018-02-21,57.5,7.9,31.6,0.87
52,2018-02-22,51.17,8.57,31.61,0.77
53,2018-02-23,45.99,9.07,31.64,0.8
54,2018-02-24,25.98,5.37,31.59,0.67
55,2018-02-25,22.89,7.63,31.65,0.54
56,2018-02-26,28.68,7.72,31.56,0.59
57,2018-02-27,35.95,8.72,31.6,0.76
58,2018-02-28,42.94,7.57,31.51,0.76
59,2018-01-03,35.59,8.15,31.54,0.71
60,2018-02-03,24.25,9.52,31.49,0.66
61,2018-03-03,23.61,5.11,31.6,0.53
62,2018-04-03,18.02,6.45,31.67,0.56
63,2018-05-03,23.59,8.72,31.63,0.56
64,2018-06-03,29.18,8.63,31.59,0.55
65,2018-07-03,35.25,9.42,31.67,0.66
66,2018-08-03,42.64,10.02,25.91,0.72
67,2018-09-03,25.07,8.36,20.74,0.67
68,2018-10-03,32.79,9.68,22.07,0.26
69,2018-11-03,37.13,11.34,21.79,0.43800000000000006
70,2018-12-03,40.44,12.37,21.31,0.526
71,2018-03-13,54.14,15.14,21.25,0.6679999999999999
72,2018-03-14,62.85,12.3,21.61,0.842
73,2018-03-15,59.13,9.82,21.61,0.63
74,2018-03-16,33.4,11.62,21.92,0.544
75,2018-03-17,32.19,11.15,21.78,0.5820000000000001
76,2018-03-18,34.51,12.64,21.84,0.7
77,2018-03-19,37.74,11.91,21.34,0.386
78,2018-03-20,57.55,6.35,21.58,0.28
79,2018-03-21,42.55,3.98,10.95,0.29
80,2018-03-22,26.64,4.67,14.66,0.39
81,2018-03-23,49.12,2.55,14.73,0.45
82,2018-03-24,48.65,3.8,14.72,0.39
83,2018-03-25,58.96,4.27,14.73,0.52
84,2018-03-26,77.03,1.42,14.86,0.53
85,2018-03-27,82.89,4.7,14.92,0.64
86,2018-03-28,95.71,3.86,14.95,0.67
87,2018-03-29,57.53,3.51,14.92,0.53
88,2018-03-30,94.58,2.56,14.95,0.77
89,2018-03-31,116.26,5.99,14.97,0.76
90,2018-01-04,81.55,2.09,14.98,1.01
91,2018-02-04,95.85,5.0,15.0,0.37
92,2018-03-04,80.5,5.4,14.82,0.61
93,2018-04-04,70.95,5.75,14.93,0.45
94,2018-05-04,51.01,6.13,14.92,0.98
95,2018-06-04,45.99,9.16,14.94,0.85
96,2018-07-04,34.61,9.88,14.93,0.8
97,2018-08-04,33.35,6.72,14.91,0.74
98,2018-09-04,26.96,5.09,14.94,0.68
99,2018-10-04,48.49,8.5,17.14,0.81
100,2018-11-04,30.94,5.8,20.22,0.83
101,2018-12-04,36.45,4.26,20.25,0.65
102,2018-04-13,24.11,3.1,20.23,0.64
103,2018-04-14,35.78,4.7,20.28,0.66
104,2018-04-15,67.18,6.16,20.23,0.79
105,2018-04-16,50.14,7.57,33.656,0.83
106,2018-04-17,34.48,5.82,20.23,0.58
107,2018-04-18,34.05,5.11,20.25,0.65
108,2018-04-19,52.87,5.04,20.24,0.7
109,2018-04-20,67.59,7.7,20.25,0.61
110,2018-04-21,34.66,3.87,20.24,0.54
111,2018-04-22,30.52,4.01,20.24,0.6
112,2018-04-23,48.07,4.72,20.25,0.74
113,2018-04-24,49.29,6.13,20.26,1.04
114,2018-04-25,71.45,13.7,20.25,0.95
115,2018-04-26,84.18,13.54,20.24,0.8
116,2018-04-27,82.75,10.64,20.26,0.83
117,2018-04-28,69.11,7.78,20.25,0.69
118,2018-04-29,69.92,15.29,20.26,0.7
119,2018-04-30,84.16,8.87,20.25,1.14
120,2018-01-05,64.83,4.92,20.23,0.68
121,2018-02-05,61.04,6.32,20.24,0.77
122,2018-03-05,50.89,8.42,20.25,0.77
123,2018-04-05,56.21,5.8,20.26,0.8
124,2018-05-05,82.07,8.57,20.27,0.81
125,2018-06-05,54.94,9.87,20.07,1.02
126,2018-07-05,52.56,7.41,20.18,0.31
127,2018-08-05,37.63,10.34,20.22,0.27
128,2018-09-05,50.59,11.47,20.22,0.27
129,2018-10-05,90.86,19.79,20.21,0.43
130,2018-11-05,100.0,14.48,20.25,0.84
131,2018-12-05,128.0,28.7,20.23,0.76
132,2018-05-13,75.23,14.0,17.884000000000004,0.57
133,2018-05-14,48.45,12.35,20.19,0.79
134,2018-05-15,130.86,12.16,20.17,0.53
135,2018-05-16,93.05,13.63,20.11,0.64
136,2018-05-17,121.69,16.9,20.07,0.85
137,2018-05-18,109.31,14.38,20.08,0.76
138,2018-05-19,97.69,17.91,20.05,0.71
139,2018-05-20,119.96,13.88,19.96,0.69
140,2018-05-21,89.05,12.09,20.02,0.63
141,2018-05-22,89.89,18.37,19.97,0.64
142,2018-05-23,106.86,12.84,19.93,0.65
143,2018-05-24,65.04,15.91,19.89,0.62
144,2018-05-25,76.88,17.84,11.5,0.64
145,2018-05-26,82.17,31.54,4.53,0.9
146,2018-05-27,112.72,24.29,5.56,0.86
147,2018-05-28,99.0,17.58,8.2,0.54
148,2018-05-29,122.21,21.79,6.07,0.8
149,2018-05-30,90.01,12.43,4.84,0.76
150,2018-05-31,93.23,18.57,5.21,0.76
151,2018-01-06,85.88,17.07,5.3,0.52
152,2018-02-06,57.16,9.37,6.18,0.69
153,2018-03-06,60.6,9.05,7.5,0.62
154,2018-04-06,87.89,13.1,6.49,0.81
155,2018-05-06,65.95,8.81,4.42,0.6
156,2018-06-06,43.78,12.75,7.47,0.62
157,2018-07-06,69.7,17.52,4.35,0.8
158,2018-08-06,69.29,14.19,12.22,0.65
159,2018-09-06,40.7,19.97,21.41,0.57
160,2018-10-06,52.64,18.75,21.02,0.62
161,2018-11-06,53.54,12.12,18.12,0.54
162,2018-12-06,60.24,25.07,12.005999999999998,0.61
163,2018-06-13,126.68,17.53,16.13,0.52
164,2018-06-14,312.27,16.39,17.36,0.57
165,2018-06-15,209.12,27.79,36.09,0.55
166,2018-06-16,124.58,15.27,48.71,1.21
167,2018-06-17,45.49,10.46,117.49,0.64
168,2018-06-18,52.78,13.21,93.14,0.56
169,2018-06-19,50.78,5.38,29.17,0.38
170,2018-06-20,46.39,19.12,1.64,1.14
171,2018-06-21,43.39,11.21,59.91,0.19
172,2018-06-22,48.47,19.18,18.92,0.22
173,2018-06-23,56.25,10.58,15.68,0.14
174,2018-06-24,59.75,7.89,12.89,0.19
175,2018-06-25,57.56,10.69,13.01,0.28
176,2018-06-26,53.83,7.36,12.42,0.29
177,2018-06-27,38.93,7.57,12.83,1.26
178,2018-06-28,31.16,7.01,12.94,0.58
179,2018-06-29,33.02,6.37,12.73,0.61
180,2018-06-30,45.75,6.02,12.51,0.76
181,2018-01-07,49.89,5.42,14.36,0.28
182,2018-02-07,40.87,4.96,13.65,0.57
183,2018-03-07,32.65,6.34,12.44,1.17
184,2018-04-07,28.11,10.3,12.67,0.72
185,2018-05-07,38.65,5.33,12.74,0.35
186,2018-06-07,37.23,6.46,12.58,0.6
187,2018-07-07,35.75,5.56,12.73,0.7
188,2018-08-07,33.09,8.09,11.97,0.57
189,2018-09-07,49.02,6.04,12.74,0.71
190,2018-10-07,40.5,6.02,12.63,0.42
191,2018-11-07,25.82,4.03,12.36,0.49
192,2018-12-07,19.58,7.27,11.56,1.01
193,2018-07-13,16.87,5.57,12.6,0.81
194,2018-07-14,14.36,4.58,12.69,0.69
195,2018-07-15,15.73,10.43,12.1,0.66
196,2018-07-16,21.77,6.07,12.55,0.94
197,2018-07-17,14.71,3.81,12.8,0.68
198,2018-07-18,68.61,2.81,12.8,0.63
199,2018-07-19,43.34,38.6,9.8,1.7
200,2018-07-20,45.63,12.17,4.85,0.94
201,2018-07-21,54.8,9.26,4.89,0.8
202,2018-07-22,17.99,16.9,5.04,0.63
203,2018-07-23,43.87,2.33,8.14,0.72
204,2018-07-24,33.84,3.96,15.339999999999998,0.71
205,2018-07-25,11.98,5.21,12.79,0.72
206,2018-07-26,18.81,5.55,13.17,0.75
207,2018-07-27,23.59,5.12,13.2,0.75
208,2018-07-28,27.45,5.64,13.16,0.87
209,2018-07-29,34.12,4.57,16.48,0.76
210,2018-07-30,23.92,5.58,13.24,0.68
211,2018-07-31,33.76,4.46,13.08,1.1
212,2018-01-08,35.47,4.55,13.1,0.86
213,2018-02-08,36.82,4.18,13.17,0.69
214,2018-03-08,37.15,4.19,13.19,0.72
215,2018-04-08,61.98,3.93,13.21,0.92
216,2018-05-08,41.74,5.72,13.2,0.81
217,2018-06-08,13.39,11.06,13.15,1.17
218,2018-07-08,12.58,8.72,13.48,0.89
219,2018-08-08,16.71,5.69,13.13,0.62
220,2018-09-08,17.1,10.46,13.21,0.69
221,2018-10-08,36.42,15.68,13.19,0.72
222,2018-11-08,18.92,11.37,13.12,0.44
223,2018-12-08,19.85,11.38,13.14,0.57
224,2018-08-13,10.95,10.1,13.11,0.85
225,2018-08-14,15.25,14.7,12.59,1.44
226,2018-08-15,13.34,13.13,12.67,1.09
227,2018-08-16,23.84,10.01,13.03,0.97
228,2018-08-17,17.35,19.1,12.28,1.4
229,2018-08-18,19.81,13.72,12.67,0.95
230,2018-08-19,13.75,12.11,12.95,1.06
231,2018-08-20,16.56,10.27,13.06,0.84
232,2018-08-21,16.5,12.06,13.19,1.05
233,2018-08-22,17.56,11.18,13.19,1.07
234,2018-08-23,16.21,9.99,13.06,0.75
235,2018-08-24,12.93,8.56,12.79,0.83
236,2018-08-25,12.87,4.48,13.03,0.32
237,2018-08-26,14.75,5.81,13.03,0.14
238,2018-08-27,17.03,4.98,13.13,0.26
239,2018-08-28,22.93,5.25,13.14,0.26
240,2018-08-29,17.69,4.56,12.85,0.29
241,2018-08-30,18.7,4.68,12.91,0.77
242,2018-08-31,19.85,4.74,13.03,0.67
243,2018-01-09,20.68,6.42,13.45,0.73
244,2018-02-09,16.27,6.62,12.73,0.68
245,2018-03-09,20.18,8.28,12.66,0.7
246,2018-04-09,19.44,6.37,12.99,0.64
247,2018-05-09,24.74,5.71,12.85,0.7
248,2018-06-09,19.64,5.9,12.7,0.7
249,2018-07-09,13.34,7.77,11.25,0.66
250,2018-08-09,8.0,8.63,12.34,0.73
251,2018-09-09,18.4,8.62,12.75,0.72
252,2018-10-09,15.58,6.49,12.63,0.68
253,2018-11-09,17.6,7.52,20.97,0.62
254,2018-12-09,16.85,8.52,27.2,0.71
255,2018-09-13,14.32,19.47,28.62,0.72
256,2018-09-14,17.41,5.72,24.38,0.69
257,2018-09-15,12.33,3.29,23.42,0.99
258,2018-09-16,15.04,3.53,23.83,0.99
259,2018-09-17,24.26,7.44,22.98,0.95
260,2018-09-18,31.84,4.07,23.5,0.85
261,2018-09-19,47.93,5.48,3.37,0.53
262,2018-09-20,61.21,5.19,25.73,0.84
263,2018-09-21,56.87,5.76,19.992,0.84
264,2018-09-22,45.65400000000001,11.56,34.75,0.47
265,2018-09-23,41.896,4.22,20.169999999999998,0.61
266,2018-09-24,54.01800000000001,5.07,29.429999999999996,0.48
267,2018-09-25,15.87,6.15,19.86,0.63
268,2018-09-26,30.64,3.05,21.98,0.47
269,2018-09-27,48.3,5.86,21.26,0.7
270,2018-09-28,59.94,22.63,22.4,0.86
271,2018-09-29,11.91,31.03,21.05,0.51
272,2018-09-30,16.83,37.47,20.85,0.96
273,2018-01-10,20.36,39.09,20.86,0.87
274,2018-02-10,19.9,45.34,20.78,0.95
275,2018-03-10,21.6,51.21,20.84,1.12
276,2018-04-10,22.52,43.76,20.82,0.96
277,2018-05-10,31.74,26.7,20.84,0.99
278,2018-06-10,46.57,8.09,21.75,0.92
279,2018-07-10,56.5,7.06,27.1,0.8
280,2018-08-10,68.39,8.65,23.31,1.05
281,2018-09-10,65.09,11.82,18.96,0.89
282,2018-10-10,79.1,13.54,11.05,1.64
283,2018-11-10,47.45,10.86,11.65,0.83
284,2018-12-10,56.22,10.88,11.0,0.69
285,2018-10-13,45.48,8.74,11.09,0.62
286,2018-10-14,60.15,8.43,11.11,0.87
287,2018-10-15,53.01,7.88,11.01,0.71
288,2018-10-16,72.69,12.62,11.14,1.13
289,2018-10-17,69.25,18.86,10.93,1.32
290,2018-10-18,88.1,14.51,11.16,1.11
291,2018-10-19,58.39,7.55,11.35,0.82
292,2018-10-20,66.97,8.72,10.99,0.86
293,2018-10-21,59.19,8.22,11.0,0.48
294,2018-10-22,82.12,9.9,10.94,0.72
295,2018-10-23,66.13,17.42,10.66,1.25
296,2018-10-24,74.42,14.93,10.72,1.32
297,2018-10-25,66.65,7.27,10.9,1.33
298,2018-10-26,44.23,13.02,11.2,0.56
299,2018-10-27,64.5,10.41,11.65,0.7
300,2018-10-28,78.91,8.39,11.5,0.83
301,2018-10-29,78.5,9.65,11.39,0.88
302,2018-10-30,80.51,8.56,10.94,0.9
303,2018-10-31,61.19,11.18,11.65,0.87
304,2018-01-11,76.76,11.35,10.98,1.17
305,2018-02-11,44.19,16.8,11.03,0.59
306,2018-03-11,19.87,15.09,10.18,0.64
307,2018-04-11,51.62,11.13,16.67,0.48
308,2018-05-11,51.27,7.61,10.93,0.48
309,2018-06-11,64.33,7.34,10.89,0.53
310,2018-07-11,74.78,13.01,16.95,0.31
311,2018-08-11,91.49,21.94,24.22,0.0
312,2018-09-11,46.03,10.82,10.84,0.0
313,2018-10-11,45.74,11.8,11.08,0.0
314,2018-11-11,46.88,11.25,11.13,0.0
315,2018-12-11,45.68,12.01,10.9,0.0
316,2018-11-13,39.46,6.07,11.03,0.0
317,2018-11-14,47.84,11.812000000000001,10.88,0.0
318,2018-11-15,40.81,11.190000000000001,10.8,0.0
319,2018-11-16,28.62,5.542,14.24,0.0
320,2018-11-17,35.97,7.3260000000000005,10.82,0.0
321,2018-11-18,56.47,7.498,10.95,0.0
322,2018-11-19,52.64,17.144,10.86,0.34199999999999997
323,2018-11-20,47.06,13.228,10.89,0.08399999999999999
324,2018-11-21,39.12,3.67,10.88,0.274
325,2018-11-22,49.95,15.126,11.14,0.41400000000000003
326,2018-11-23,41.74,11.016,11.0,0.0
327,2018-11-24,28.8,6.554,10.82,0.41200000000000003
328,2018-11-25,70.29,7.030000000000001,14.13,0.0
329,2018-11-26,47.84,14.088,10.9,0.0
330,2018-11-27,48.4,13.884,10.8,0.20400000000000001
331,2018-11-28,49.32,11.884,11.33,0.0
332,2018-11-29,39.7,5.74,10.69,0.246
333,2018-11-30,40.0,9.746,10.85,0.186
334,2018-01-12,35.5,6.6,10.85,0.0
335,2018-02-12,48.67,10.9,10.83,0.068
336,2018-03-12,36.03,8.07,10.79,0.2
337,2018-04-12,43.17,6.595999999999999,10.93,0.372
338,2018-05-12,40.82,14.51,10.8,0.186
339,2018-06-12,51.66,4.19,10.84,0.59
340,2018-07-12,43.39,6.396,10.75,0.372
341,2018-08-12,36.48,7.728,10.76,0.126
342,2018-09-12,42.21,10.792,10.8,0.178
343,2018-10-12,46.81,10.448,10.79,0.0
344,2018-11-12,34.68,7.952000000000001,10.94,0.706
345,2018-12-12,29.49,6.76,10.79,0.26999999999999996
346,2018-12-13,25.41,6.402000000000001,10.79,0.46799999999999997
347,2018-12-14,22.22,8.19,10.82,0.41200000000000003
348,2018-12-15,22.94,8.796000000000001,10.81,0.492
349,2018-12-16,26.09,5.25,11.11,0.466
350,2018-12-17,35.75,6.772,10.88,0.0
351,2018-12-18,16.6,4.21,10.96,0.01
352,2018-12-19,38.67,4.31,10.98,0.01
353,2018-12-20,55.63,8.218,11.87,0.0
354,2018-12-21,56.93,7.498,10.97,0.01
355,2018-12-22,74.1,9.956,10.96,0.0
356,2018-12-23,99.65,10.008,10.98,0.0
357,2018-12-24,61.16,6.986,11.02,0.0
358,2018-12-25,59.79,11.67,10.96,0.0
359,2018-12-26,66.64,7.330000000000001,12.3,0.0
360,2018-12-27,79.88,7.5600000000000005,11.46,0.0
361,2018-12-28,60.85,10.758,10.97,0.0
362,2018-12-29,65.27,7.720000000000001,10.97,0.0
363,2018-12-30,75.66,12.666,10.96,0.0
364,2018-12-31,76.94,8.902000000000001,10.96,0.0
365,2019-01-01,76.45,5.82,11.07,0.01
366,2019-02-01,81.59,7.862,10.99,0.0
367,2019-03-01,63.55,6.28,10.97,0.0
368,2019-04-01,11.65,6.14,11.45,0.0
369,2019-05-01,55.41,7.7,10.97,0.0
370,2019-06-01,29.23,7.022000000000001,11.04,0.0
371,2019-07-01,23.57,9.298,11.49,0.0
372,2019-08-01,32.32,7.828,11.56,0.0
373,2019-09-01,31.85,7.014,11.16,0.0
374,2019-10-01,39.07,9.356,10.95,0.0
375,2019-11-01,65.19,7.720000000000001,10.98,0.0
376,2019-12-01,55.51,7.7,10.95,0.0
377,2019-01-13,26.57,5.938,10.96,0.0
378,2019-01-14,23.08,9.402000000000001,10.98,0.0
379,2019-01-15,30.3,8.254000000000001,8.58,0.0
380,2019-01-16,71.09,9.43,9.87,0.0
381,2019-01-17,78.51,8.000000000000002,14.23,0.0
382,2019-01-18,54.37,6.529999999999999,13.59,0.0
383,2019-01-19,54.04,10.646,14.79,0.0
384,2019-01-20,99.35,6.548,15.02,0.0
385,2019-01-21,21.51,7.65,14.42,0.0
386,2019-01-22,26.92,7.178,24.43,0.0
387,2019-01-23,15.94,6.174,19.16,0.0
388,2019-01-24,18.69,5.5760000000000005,14.61,0.0
389,2019-01-25,25.04,7.598000000000001,14.16,0.0
390,2019-01-26,14.05,6.634,14.19,0.0
391,2019-01-27,21.3,8.776,13.76,0.0
392,2019-01-28,22.6,6.1659999999999995,13.77,0.0
393,2019-01-29,3.94,5.98,13.38,0.0
394,2019-01-30,36.09,2.85,13.93,0.0
395,2019-01-31,48.87,4.29,14.06,0.0
396,2019-01-02,44.12,4.06,20.25,0.0
397,2019-02-02,17.3,7.15,33.21,0.0
398,2019-03-02,32.42,7.97,39.35,0.0
399,2019-04-02,32.47,7.85,43.55,0.0
400,2019-05-02,68.58,14.08,81.25,0.0
401,2019-06-02,64.98,13.31,80.72,0.0
402,2019-07-02,28.67,8.13,98.07,0.0
403,2019-08-02,15.94,6.71,19.98,0.0
404,2019-09-02,25.02,8.01,37.02,0.0
405,2019-10-02,28.69,7.86,46.13,0.0
406,2019-11-02,26.95,7.37,42.01,0.0
407,2019-12-02,37.66,7.1,31.31,0.0
408,2019-02-13,45.38,7.05,31.82,0.0
409,2019-02-14,43.28,8.42,19.93,0.0
410,2019-02-15,32.05,8.44,16.64,0.0
411,2019-02-16,33.47,6.94,8.62,0.0
412,2019-02-17,24.09,7.27,3.73,0.0
413,2019-02-18,55.6,7.53,3.79,0.0
414,2019-02-19,26.5,8.72,3.73,0.0
415,2019-02-20,46.96,10.81,3.72,0.0
416,2019-02-21,42.97,8.24,3.79,0.0
417,2019-02-22,14.33,6.99,3.57,0.0
418,2019-02-23,36.95,6.29,3.58,0.0
419,2019-02-24,37.69,6.72,3.44,0.0
420,2019-02-25,98.16,10.2,3.59,0.0
421,2019-02-26,96.41,9.31,3.3,0.0
422,2019-02-27,39.14,6.95,3.36,0.0
423,2019-02-28,45.54,7.02,7.65,0.0
424,2019-01-03,54.19,6.84,3.79,0.0
425,2019-02-03,36.9,9.98,8.24,0.0
426,2019-03-03,43.85,10.89,2.48,0.0
427,2019-04-03,114.93,10.44,2.25,0.0
428,2019-05-03,50.56,12.67,2.31,0.0
429,2019-06-03,79.24,15.85,3.78,0.0
430,2019-07-03,77.55,14.17,9.83,0.0
431,2019-08-03,61.96,9.91,17.25,0.0
432,2019-09-03,38.17,9.32,12.1,0.0
433,2019-10-03,51.99,10.22,14.93,0.0
434,2019-11-03,69.19,11.61,20.42,0.0
435,2019-12-03,41.36,11.69,14.07,0.0
436,2019-03-13,64.04,13.98,13.94,0.0
437,2019-03-14,35.5,11.43,13.59,0.0
438,2019-03-15,29.99,11.57,10.18,0.0
439,2019-03-16,36.93,12.13,10.75,0.0
440,2019-03-17,34.66,10.31,13.53,0.0
441,2019-03-18,35.88,9.83,14.02,0.0
442,2019-03-19,41.58,12.08,12.4,0.0
443,2019-03-20,72.22,12.65,6.93,0.0
444,2019-03-21,23.63,8.89,1.13,0.0
445,2019-03-22,27.32,9.14,1.31,0.0
446,2019-03-23,34.38,9.63,1.21,0.0
447,2019-03-24,32.61,9.19,1.19,0.0
448,2019-03-25,48.84,9.88,1.15,0.0
449,2019-03-26,50.7,10.11,1.18,0.0
450,2019-03-27,56.11,10.59,1.3,0.0
451,2019-03-28,28.69,9.62,9.46,0.0
452,2019-03-29,47.54,19.67,10.34,0.0
453,2019-03-30,52.13,37.93,10.78,0.0
454,2019-03-31,36.57,35.21,8.72,0.0
455,2019-01-04,39.39,34.3,7.48,0.0
456,2019-02-04,55.96,15.03,7.81,0.0
457,2019-03-04,48.56,11.35,7.06,0.0
458,2019-04-04,75.7,13.07,7.24,0.0
459,2019-05-04,65.08,11.4,5.63,0.0
460,2019-06-04,82.42,11.53,5.82,0.0
461,2019-07-04,44.83,14.04,5.64,0.0
462,2019-08-04,73.82,13.82,6.46,0.0
463,2019-09-04,71.94,16.64,5.51,0.0
464,2019-10-04,48.55,12.71,4.58,0.0
465,2019-11-04,39.82,12.28,5.13,0.0
466,2019-12-04,42.88,13.34,4.47,0.0
467,2019-04-13,39.63,14.75,4.06,0.0
468,2019-04-14,38.21,11.56,3.97,0.0
469,2019-04-15,40.3,12.98,3.56,0.0
470,2019-04-16,13.65,11.84,4.52,0.0
471,2019-04-17,32.95,10.0,4.27,0.0
472,2019-04-18,23.13,10.19,3.88,0.0
473,2019-04-19,29.36,10.52,4.49,0.0
474,2019-04-20,36.01,11.24,3.53,0.0
475,2019-04-21,41.22,11.06,3.29,0.0
476,2019-04-22,45.2,12.83,3.23,0.0
477,2019-04-23,47.38,12.39,2.96,0.0
478,2019-04-24,58.13,16.61,3.18,0.0
479,2019-04-25,50.19,20.12,2.95,0.0
480,2019-04-26,39.8,13.82,8.89,0.0
481,2019-04-27,41.26,24.35,8.97,0.0
482,2019-04-28,50.07,31.51,8.86,0.0
483,2019-04-29,49.57,32.9,10.591999999999999,0.0
484,2019-04-30,41.73,27.49,10.866000000000001,0.0
485,2019-01-05,37.23,32.41,10.888,0.0
486,2019-02-05,40.7,11.88,12.23,0.0
487,2019-03-05,34.37,10.74,10.08,0.0
488,2019-04-05,41.01,14.53,13.07,0.0
489,2019-05-05,49.76,12.58,14.39,0.0
490,2019-06-05,43.23,17.76,13.44,0.0
491,2019-07-05,49.19,19.24,13.82,0.0
492,2019-08-05,48.26,16.45,11.61,0.0
493,2019-09-05,78.0,15.0,10.96,0.0
494,2019-10-05,72.82,12.48,11.96,0.0
495,2019-11-05,53.25,15.44,11.78,0.0
496,2019-12-05,71.4,13.68,11.27,0.0
497,2019-05-13,101.89,19.4,12.26,0.0
498,2019-05-14,39.65,11.31,8.3,0.0
499,2019-05-15,57.8,13.58,4.48,0.01
500,2019-05-16,46.39,12.56,4.46,0.0
501,2019-05-17,41.54,12.03,4.17,0.0
502,2019-05-18,33.87,10.86,4.26,0.0
503,2019-05-19,50.02,12.4,4.36,0.0
504,2019-05-20,55.53,12.18,4.37,0.0
505,2019-05-21,51.85,15.82,4.36,0.0
506,2019-05-22,76.55,19.18,4.48,0.0
507,2019-05-23,56.89,19.44,4.58,0.0
508,2019-05-24,37.65,15.45,4.74,0.0
509,2019-05-25,27.72,10.26,5.04,0.0
510,2019-05-26,43.3,13.14,5.9,0.0
511,2019-05-27,40.93,14.18,5.78,0.0
512,2019-05-28,51.54,17.94,5.24,0.0
513,2019-05-29,61.78,23.53,4.68,0.0
514,2019-05-30,65.5,19.81,4.81,0.01
515,2019-05-31,66.94,17.68,4.6,0.0
516,2019-01-06,111.96,21.1,4.57,0.0
517,2019-02-06,77.69,12.46,4.81,0.01
518,2019-03-06,65.2,11.83,6.24,0.02
519,2019-04-06,46.22,17.36,7.71,0.0
520,2019-05-06,66.62,25.78,7.57,0.01
521,2019-06-06,52.13,19.09,7.58,0.01
522,2019-07-06,38.26,18.11,7.67,0.0
523,2019-08-06,999.99,9.73,7.69,0.0
524,2019-09-06,243.45400000000004,10.64,7.66,0.0
525,2019-10-06,46.17,10.53,7.57,0.02
526,2019-11-06,51.13,11.39,7.7,0.178
527,2019-12-06,46.66,7.53,7.8,0.592
528,2019-06-13,37.03,5.58,15.4,0.4800000000000001
529,2019-06-14,42.41,5.58,14.15,0.596
530,2019-06-15,52.97,7.29,12.39,0.438
531,2019-06-16,34.78,3.91,10.94,0.522
532,2019-06-17,44.23,2.98,10.67,0.5959999999999999
533,2019-06-18,39.21,4.66,10.11,0.21999999999999997
534,2019-06-19,58.48,4.32,11.27,0.5199999999999999
535,2019-06-20,61.85,5.24,11.02,0.38599999999999995
536,2019-06-21,35.6,4.56,10.19,0.29799999999999993
537,2019-06-22,37.52,4.48,9.2,0.5820000000000001
538,2019-06-23,43.5,4.13,10.46,0.548
539,2019-06-24,25.16,3.05,82.35,0.376
540,2019-06-25,23.96,5.72,36.42,0.35
541,2019-06-26,34.18,5.88,9.62,0.3
542,2019-06-27,47.78,5.88,12.44,0.304
543,2019-06-28,46.15,10.53,20.67,0.752
544,2019-06-29,58.79,8.83,22.95,0.534
545,2019-06-30,58.48,16.2,30.27,0.868
546,2019-01-07,59.71,7.63,26.73,0.5700000000000001
547,2019-02-07,53.73,6.49,23.75,0.524
548,2019-03-07,66.76,5.05,15.89,0.658
549,2019-04-07,31.91,7.01,11.45,0.504
550,2019-05-07,24.73,6.45,16.53,0.28200000000000003
551,2019-06-07,35.21,2.66,17.98,0.344
552,2019-07-07,29.05,3.75,10.11,0.378
553,2019-08-07,40.38,7.02,5.67,0.414
554,2019-09-07,29.47,6.42,5.71,0.7979999999999998
555,2019-10-07,43.8,3.6,4.4,0.6639999999999999
556,2019-11-07,63.56,3.21,10.23,0.348
557,2019-12-07,65.35,3.96,14.38,0.45
558,2019-07-13,52.51,4.86,13.58,0.59
559,2019-07-14,45.14,4.77,5.02,0.626
560,2019-07-15,51.06,5.42,3.26,0.49000000000000005
561,2019-07-16,27.18,5.37,3.22,0.25799999999999995
562,2019-07-17,24.74,5.92,4.24,0.27999999999999997
563,2019-07-18,42.14,4.07,8.51,0.54
564,2019-07-19,33.27,7.34,9.82,0.5820000000000001
565,2019-07-20,37.09,6.87,11.41,0.46799999999999997
566,2019-07-21,33.19,6.18,10.63,0.466
567,2019-07-22,33.34,4.49,13.79,0.65
568,2019-07-23,49.41,3.57,13.81,0.434
569,2019-07-24,30.1,5.9,12.31,0.544
570,2019-07-25,20.91,3.8,9.67,0.572
571,2019-07-26,23.89,4.33,8.17,0.43200000000000005
572,2019-07-27,24.53,4.59,7.9,0.43200000000000005
573,2019-07-28,20.59,4.52,20.34,0.496
574,2019-07-29,25.9,5.23,21.8,0.374
575,2019-07-30,32.05,4.21,12.78,0.5780000000000001
576,2019-07-31,26.37,7.71,22.44,0.72
577,2019-01-08,36.08,8.23,19.22,0.46399999999999997
578,2019-02-08,24.26,9.7,29.91,0.644
579,2019-03-08,30.67,5.93,15.88,0.506
580,2019-04-08,37.63,4.37,4.08,0.42799999999999994
581,2019-05-08,41.18,3.83,4.36,0.21799999999999997
582,2019-06-08,34.74,4.04,5.52,0.57
583,2019-07-08,29.21,4.0,12.6,0.45999999999999996
584,2019-08-08,27.88,4.31,21.73,0.386
585,2019-09-08,36.48,5.21,16.0,0.45
586,2019-10-08,26.57,8.06,9.33,0.42800000000000005
587,2019-11-08,24.1,6.72,9.35,0.41400000000000003
588,2019-12-08,33.39,7.15,17.59,0.496
589,2019-08-13,37.69,6.67,22.92,0.5
590,2019-08-14,24.54,9.79,10.52,0.346
591,2019-08-15,19.2,4.47,9.0,0.5660000000000001
592,2019-08-16,27.46,5.37,8.97,0.622
593,2019-08-17,22.93,5.25,39.11,0.35
594,2019-08-18,10.04,4.83,40.5,0.362
595,2019-08-19,16.92,3.36,37.11,0.348
596,2019-08-20,29.97,5.86,19.57,0.44399999999999995
597,2019-08-21,32.41,6.27,20.42,0.6759999999999999
598,2019-08-22,22.73,5.4,43.74,0.33599999999999997
599,2019-08-23,37.62,5.02,32.36,0.328
600,2019-08-24,155.19,4.82,33.59,0.7699999999999999
601,2019-08-25,26.82,6.4,43.89,0.25799999999999995
602,2019-08-26,28.49,7.77,33.6,0.42600000000000005
603,2019-08-27,18.04,6.5,21.07,0.388
604,2019-08-28,22.06,3.68,17.36,0.0
605,2019-08-29,27.95,6.84,31.9,0.5
606,2019-08-30,37.44,11.0,32.97,0.514
607,2019-08-31,32.27,9.15,22.14,0.5
608,2019-01-09,19.43,8.99,23.93,0.5780000000000001
609,2019-02-09,17.44,8.2,9.92,0.578
610,2019-03-09,30.93,6.96,7.11,0.5439999999999999
611,2019-04-09,33.67,7.71,22.99,0.45999999999999996
612,2019-05-09,19.69,3.86,21.52,0.38
613,2019-06-09,22.16,5.78,27.29,0.4119999999999999
614,2019-07-09,36.06,2.79,20.8,0.5780000000000001
615,2019-08-09,45.13,3.13,6.85,0.626
616,2019-09-09,33.04,2.75,10.12,0.38599999999999995
617,2019-10-09,52.51,7.07,18.23,0.422
618,2019-11-09,46.89,6.59,18.48,0.734
619,2019-12-09,52.43,7.07,19.18,0.48
620,2019-09-13,33.64,6.32,18.69,0.564
621,2019-09-14,45.02,6.96,22.14,0.638
622,2019-09-15,34.93,6.53,17.7,0.496
623,2019-09-16,33.09,7.13,16.1,0.512
624,2019-09-17,39.19,6.74,19.06,0.518
625,2019-09-18,39.23,6.78,23.84,0.5439999999999999
626,2019-09-19,27.1,9.4,25.18,0.4600000000000001
627,2019-09-20,41.78,14.43,24.86,0.442
628,2019-09-21,36.09,10.78,23.17,0.53
629,2019-09-22,40.82,8.01,29.23,0.568
630,2019-09-23,39.52,9.19,18.63,0.502
631,2019-09-24,55.13,13.83,28.7,0.556
632,2019-09-25,52.14,6.78,34.9,0.706
633,2019-09-26,40.64,10.52,42.7,0.374
634,2019-09-27,25.54,5.66,29.67,0.45999999999999996
635,2019-09-28,30.68,5.15,21.62,0.572
636,2019-09-29,19.09,4.62,22.71,0.476
637,2019-09-30,26.45,6.93,27.56,0.6380000000000001
638,2019-01-10,37.76,12.13,25.8,0.316
639,2019-02-10,42.99,15.75,31.18,0.466
640,2019-03-10,39.19,8.61,25.94,0.5359999999999999
641,2019-04-10,19.98,8.04,24.51,0.596
642,2019-05-10,27.87,6.17,27.6,0.618
643,2019-06-10,45.06,6.84,39.65,0.6
644,2019-07-10,40.44,7.39,28.76,0.522
645,2019-08-10,28.98,7.02,41.83,0.13599999999999998
646,2019-09-10,44.32,7.09,42.25,0.568
647,2019-10-10,40.17,10.29,44.52,0.356
648,2019-11-10,49.34,8.24,46.69,0.5599999999999999
649,2019-12-10,62.6,7.43,41.13,0.636
650,2019-10-13,58.04,3.66,40.95,0.582
651,2019-10-14,63.48,3.48,44.36,0.688
652,2019-10-15,87.76,6.58,48.3,0.69
653,2019-10-16,97.98,6.67,44.16,0.8379999999999999
654,2019-10-17,96.51,9.4,35.49,1.412
655,2019-10-18,63.98,9.62,29.57,0.79
656,2019-10-19,46.89,5.7,29.4,0.56
657,2019-10-20,57.39,2.87,31.88,0.576
658,2019-10-21,78.41,4.88,23.68,0.6759999999999999
659,2019-10-22,84.3,7.62,26.51,1.1960000000000002
660,2019-10-23,92.27,7.44,29.6,0.742
661,2019-10-24,92.7,12.24,39.19,1.494
662,2019-10-25,97.69,10.23,62.34,0.748
663,2019-10-26,102.82,12.77,42.18,1.1219999999999999
664,2019-10-27,147.25,22.53,37.93,2.1719999999999997
665,2019-10-28,220.19,29.62,40.26,0.678
666,2019-10-29,107.02,8.78,45.21,0.7859999999999999
667,2019-10-30,121.71,7.61,39.36,1.0879999999999999
668,2019-10-31,125.76,6.35,40.24,1.4200000000000002
669,2019-01-11,141.68,4.74,34.48,1.014
670,2019-02-11,133.28,3.04,21.97,0.732
671,2019-03-11,186.53,4.12,27.15,0.818
672,2019-04-11,81.91,5.15,23.62,0.0
673,2019-05-11,92.52,4.89,36.42,1.242
674,2019-06-11,148.2,9.95,42.81,1.0579999999999998
675,2019-07-11,37.86,8.95,29.11,0.512
676,2019-08-11,28.64,8.49,20.53,0.534
677,2019-09-11,48.56,4.58,20.36,0.7140000000000001
678,2019-10-11,83.72,4.57,21.58,0.388
679,2019-11-11,116.2,4.87,17.52,0.69
680,2019-12-11,119.98,4.68,16.02,0.584
681,2019-11-13,107.78,5.07,15.57,0.658
682,2019-11-14,119.04,4.66,16.42,0.584
683,2019-11-15,94.58,4.99,16.34,0.63
684,2019-11-16,54.96,4.44,13.15,0.32999999999999996
685,2019-11-17,38.9,3.28,21.9,0.49399999999999994
686,2019-11-18,53.12,4.13,23.44,0.516
687,2019-11-19,97.01,4.28,22.44,0.764
688,2019-11-20,92.3,7.97,28.25,0.652
689,2019-11-21,95.06,6.44,42.4,0.766
690,2019-11-22,69.06,3.96,42.18,0.5740000000000001
691,2019-11-23,41.48,4.33,42.86,0.552
692,2019-11-24,45.32,4.27,46.45,0.5960000000000001
693,2019-11-25,55.91,3.85,51.24,0.688
694,2019-11-26,54.37,11.87,54.81,0.538
695,2019-11-27,35.27,6.33,57.43,0.45599999999999996
696,2019-11-28,34.32,5.05,51.73,0.488
697,2019-11-29,28.06,3.86,46.85,0.32
698,2019-11-30,28.79,3.78,39.12,0.32799999999999996
699,2019-01-12,47.32,4.27,36.62,0.5319999999999999
700,2019-02-12,55.57,3.88,33.8,0.6419999999999999
701,2019-03-12,67.78,6.47,26.98,1.52
702,2019-04-12,123.12,13.91,36.93,2.13
703,2019-05-12,121.35,6.1,30.98,0.8
704,2019-06-12,71.22,4.98,18.85,0.78
705,2019-07-12,61.74,4.05,22.98,1.26
706,2019-08-12,62.27,2.96,23.04,1.08
707,2019-09-12,97.43,10.42,19.47,1.14
708,2019-10-12,105.1,5.99,20.05,1.37
709,2019-11-12,136.01,17.51,37.86,2.65
710,2019-12-12,73.87,8.78,23.64,0.91
711,2019-12-13,27.97,4.72,18.45,0.3
712,2019-12-14,42.84,5.17,19.24,0.41
713,2019-12-15,25.12,4.74,15.25,0.37
714,2019-12-16,36.52,5.33,11.37,0.3
715,2019-12-17,43.03,6.47,11.24,0.26
716,2019-12-18,41.32,6.18,12.27,0.3
717,2019-12-19,69.06,10.96,16.09,0.29
718,2019-12-20,80.81,7.04,14.32,0.33
719,2019-12-21,48.78,6.95,14.66,0.34
720,2019-12-22,38.74,6.53,13.75,0.33
721,2019-12-23,70.41,8.55,13.63,0.36
722,2019-12-24,101.09,9.79,12.85,0.34
723,2019-12-25,42.64,6.98,10.83,0.34
724,2019-12-26,56.37,6.77,9.31,0.33
725,2019-12-27,65.28,7.71,9.71,0.33
726,2019-12-28,54.13,8.05,17.44,0.23
727,2019-12-29,61.6,5.61,25.06,0.29
728,2019-12-30,85.24,8.83,33.25,0.36
729,2019-12-31,66.57,7.55,32.18,0.4
730,2020-01-01,116.19,18.33,60.54,0.56
731,2020-02-01,71.55,6.64,45.48,0.41
732,2020-03-01,42.43,5.7,24.16,0.38
733,2020-04-01,53.2,6.37,28.16,0.45
734,2020-05-01,41.39,4.94,18.32,0.37
735,2020-06-01,29.52,4.04,24.23,0.38
736,2020-07-01,34.76,3.92,36.27,0.43
737,2020-08-01,21.07,3.03,16.99,0.27
738,2020-09-01,23.92,5.43,21.04,0.22
739,2020-10-01,31.46,7.07,21.13,0.25
740,2020-11-01,38.29,6.1,22.13,0.3
741,2020-12-01,59.65,7.79,33.45,0.45
742,2020-01-13,84.56,7.34,42.12,0.52
743,2020-01-14,26.93,5.42,20.89,0.31
744,2020-01-15,33.23,6.9,23.29,0.35
745,2020-01-16,29.48,5.41,23.7,0.32
746,2020-01-17,54.02,6.37,27.93,0.29
747,2020-01-18,57.33,6.23,26.72,0.3
748,2020-01-19,29.34,5.35,20.29,0.23
749,2020-01-20,50.95,6.89,25.16,0.32
750,2020-01-21,28.26,10.29,22.15,0.27
751,2020-01-22,25.99,6.07,16.44,0.29
752,2020-01-23,36.0,9.31,15.42,0.38
753,2020-01-24,41.92,9.75,15.94,0.34
754,2020-01-25,62.86,6.46,22.3,0.34
755,2020-01-26,59.45,5.64,31.62,0.3
756,2020-01-27,61.41,8.55,39.14,0.35
757,2020-01-28,39.31,7.81,31.99,0.28
758,2020-01-29,29.07,6.97,19.33,0.33
759,2020-01-30,24.75,9.58,14.82,0.41
760,2020-01-31,32.46,9.62,20.99,0.46
761,2020-01-02,49.73,8.96,25.48,0.51
762,2020-02-02,35.34,9.34,18.21,0.47
763,2020-03-02,46.37,8.44,25.12,0.54
764,2020-04-02,68.22,12.87,30.49,0.58
765,2020-05-02,41.94,10.16,18.12,0.36
766,2020-06-02,36.58,8.69,23.88,0.55
767,2020-07-02,51.37,8.84,28.35,0.79
768,2020-08-02,47.96,8.67,21.51,0.63
769,2020-09-02,44.55,6.56,21.24,0.6
770,2020-10-02,44.76,6.69,24.93,0.76
771,2020-11-02,47.44,5.11,27.52,0.67
772,2020-12-02,46.27,6.49,26.13,0.44
773,2020-02-13,30.03,7.08,26.88,0.51
774,2020-02-14,30.17,5.94,29.0,0.63
775,2020-02-15,36.85,8.32,31.04,0.7
776,2020-02-16,52.19,7.61,29.8,0.65
777,2020-02-17,50.34,6.88,26.75,0.54
778,2020-02-18,55.32,17.07,32.84,0.73
779,2020-02-19,92.05,18.18,47.32,0.89
780,2020-02-20,54.45,11.6,36.69,0.6
781,2020-02-21,22.44,8.27,35.15,0.48
782,2020-02-22,23.47,8.73,30.24,0.4
783,2020-02-23,34.02,8.66,32.81,0.47
784,2020-02-24,42.74,12.49,31.26,0.47
785,2020-02-25,51.8,15.21,29.5,0.51
786,2020-02-26,66.77,13.53,36.73,0.66
787,2020-02-27,88.9,15.05,42.88,0.81
788,2020-02-28,73.32,15.17,38.68,0.54
789,2020-02-29,42.66,17.46,34.85,0.41
790,2020-01-03,23.69,15.71,33.9,0.35
791,2020-02-03,25.69,14.72,28.04,0.31
792,2020-03-03,35.92,10.26,26.99,0.4
793,2020-04-03,52.56,15.17,36.39,0.62
794,2020-05-03,34.71,5.99,34.98,0.43
795,2020-06-03,16.54,4.44,32.19,0.26
796,2020-07-03,24.74,7.42,53.53,0.48
797,2020-08-03,45.91,10.91,51.79,0.54
798,2020-09-03,24.3,11.01,32.7,0.39
799,2020-10-03,35.68,12.45,59.91,0.6
800,2020-11-03,41.78,11.19,67.56,0.71
801,2020-12-03,22.39,9.08,50.21,0.47
802,2020-03-13,31.77,13.43,45.52,0.55
803,2020-03-14,38.99,21.18,13.008,0.52
804,2020-03-15,34.43,16.09,13.047999999999998,0.5
805,2020-03-16,32.83,10.23,247.49,0.43
806,2020-03-17,35.06,6.42,27.21,0.42
807,2020-03-18,42.21,6.61,24.46,0.46
808,2020-03-19,42.76,7.44,19.07,0.47
809,2020-03-20,50.61,13.71,15.6,0.62
810,2020-03-21,45.79,16.76,16.58,0.67
811,2020-03-22,26.6,5.92,17.53,0.43
812,2020-03-23,16.53,5.86,17.96,0.26
813,2020-03-24,17.77,5.84,19.91,0.21
814,2020-03-25,11.26,4.62,18.68,0.22
815,2020-03-26,13.22,4.53,19.03,0.22
816,2020-03-27,15.53,4.06,18.53,0.24
817,2020-03-28,8.6,3.82,18.71,0.18
818,2020-03-29,9.69,3.76,18.71,0.17
819,2020-03-30,12.59,3.66,20.27,0.18
820,2020-03-31,16.69,4.23,20.04,0.22
821,2020-01-04,9.01,3.03,19.95,0.14
822,2020-02-04,14.89,4.55,20.13,0.16
823,2020-03-04,12.49,3.71,17.18,0.15
824,2020-04-04,17.85,4.84,15.21,0.23
825,2020-05-04,24.46,6.1,15.2,0.23
826,2020-06-04,15.38,4.16,15.21,0.16
827,2020-07-04,16.3,4.28,15.27,0.17
828,2020-08-04,16.09,5.55,15.38,0.15
829,2020-09-04,18.53,5.19,15.42,0.18
830,2020-10-04,20.04,4.89,15.44,0.17
831,2020-11-04,16.28,6.39,15.48,0.16
832,2020-12-04,18.79,5.54,15.47,0.18
833,2020-04-13,23.49,4.9,15.5,0.2
834,2020-04-14,22.95,5.93,16.43,0.23
835,2020-04-15,30.33,8.09,15.57,0.16
836,2020-04-16,23.22,6.13,15.61,0.15
837,2020-04-17,20.14,5.26,15.61,0.16
838,2020-04-18,15.49,5.48,15.63,0.27
839,2020-04-19,12.92,21.72,15.24,0.36
840,2020-04-20,17.63,18.1,15.63,0.42
841,2020-04-21,15.0,19.74,15.72,0.32
842,2020-04-22,20.73,4.6,16.18,0.29
843,2020-04-23,23.47,4.43,26.4,0.32
844,2020-04-24,27.76,4.3,16.85,0.34
845,2020-04-25,27.72,4.2,20.1,0.33
846,2020-04-26,22.19,3.91,32.12,0.29
847,2020-04-27,11.52,3.76,27.74,0.26
848,2020-04-28,14.83,3.69,73.68,0.27
849,2020-04-29,23.97,3.72,18.586000000000002,0.31
850,2020-04-30,37.07,4.32,11.203999999999999,0.32
851,2020-01-05,33.52,5.79,52.4,0.32
852,2020-02-05,30.67,4.77,19.81,0.34
853,2020-03-05,15.72,3.47,15.816000000000003,0.16
854,2020-04-05,13.39,4.15,16.342000000000002,0.18
855,2020-05-05,28.8,3.87,18.509999999999998,0.2
856,2020-06-05,32.96,4.17,17.67,0.21
857,2020-07-05,21.15,4.14,31.35,0.2
858,2020-08-05,38.64,4.81,16.04,0.31
859,2020-09-05,51.71,8.01,15.73,0.41
860,2020-10-05,41.86,6.52,15.68,0.34
861,2020-11-05,27.89,8.15,15.55,0.3
862,2020-12-05,23.49,10.49,15.7,0.26
863,2020-05-13,40.53,9.51,20.779999999999998,0.43
864,2020-05-14,48.01,15.07,13.768,0.34
865,2020-05-15,14.61,6.52,19.413999999999998,0.22
866,2020-05-16,36.93,8.79,25.906,0.33
867,2020-05-17,43.42,11.42,19.628,0.38
868,2020-05-18,38.59,12.27,14.618,0.35
869,2020-05-19,50.39,18.77,8.896,0.45
870,2020-05-20,50.94,12.19,11.532,0.42
871,2020-05-21,46.72,13.54,19.214,0.42
872,2020-05-22,52.83,20.28,16.06,0.52
873,2020-05-23,75.54,26.88,17.826,0.57
874,2020-05-24,30.76,16.66,18.232,0.33
875,2020-05-25,44.65,18.9,14.422,0.42
876,2020-05-26,47.4,27.72,14.93,0.45
877,2020-05-27,39.57,12.93,14.99,0.39
878,2020-05-28,35.2,9.06,14.81,0.3
879,2020-05-29,27.76,6.89,15.12,0.35
880,2020-05-30,32.21,9.52,14.72,0.32
881,2020-05-31,18.19,2.73,14.63,0.31
882,2020-01-06,25.78,7.96,14.71,0.3
883,2020-02-06,25.18,3.82,14.72,0.35
884,2020-03-06,34.38,4.01,14.59,0.43
885,2020-04-06,33.13,4.56,21.08,0.33
886,2020-05-06,25.05,2.01,24.61,0.37
887,2020-06-06,17.82,3.39,20.47,0.32
888,2020-07-06,19.1,3.3,17.64,0.3
889,2020-08-06,28.08,3.13,17.8,0.34
890,2020-09-06,28.99,3.04,17.86,0.35
891,2020-10-06,30.17,5.09,17.01,0.37
892,2020-11-06,50.17,8.24,18.39,0.39
893,2020-12-06,44.39,4.01,17.79,0.43
894,2020-06-13,39.55,3.26,17.88,0.4
895,2020-06-14,30.99,2.89,17.96,0.33
896,2020-06-15,35.85,4.08,17.92,0.37
897,2020-06-16,29.34,7.09,18.07,0.4
898,2020-06-17,35.89,9.95,17.97,0.44
899,2020-06-18,42.84,8.36,17.48,0.38
900,2020-06-19,43.64,9.64,18.05,0.21
901,2020-06-20,48.33,9.88,18.04,0.23
902,2020-06-21,39.44,5.2,18.13,0.17
903,2020-06-22,27.9,1.66,18.22,0.24
904,2020-06-23,34.68,3.43,17.44,0.24
905,2020-06-24,27.26,6.14,16.16,0.22
906,2020-06-25,35.15,3.95,16.54,0.18
907,2020-06-26,28.9,3.49,16.44,0.21
908,2020-06-27,31.57,3.3,16.33,0.19
909,2020-06-28,39.18,3.69,16.36,0.18
910,2020-06-29,29.35,4.43,19.34,0.19
911,2020-06-30,33.48,4.12,18.4,0.22
912,2020-01-07,55.7,2.5,18.02,0.25
913,2020-02-07,58.2,2.7,17.52,0.22
914,2020-03-07,58.39,3.15,17.81,0.26
915,2020-04-07,96.67,3.59,17.97,0.26
916,2020-05-07,21.37,3.98,17.92,0.18
917,2020-06-07,35.19,3.97,27.06,0.28
918,2020-07-07,29.0,3.29,27.5,0.23
919,2020-08-07,20.92,5.32,34.21,0.25
920,2020-09-07,25.95,3.41,21.59,0.25
921,2020-10-07,33.87,2.75,15.29,0.2
922,2020-11-07,24.31,3.75,28.11,0.27
923,2020-12-07,13.36,3.33,24.11,0.18
924,2020-07-13,19.26,3.26,16.78,0.16
925,2020-07-14,38.96,4.0,17.22,0.19
926,2020-07-15,39.6,6.8,35.93,0.24
927,2020-07-16,31.26,5.82,25.31,0.23
928,2020-07-17,36.18,5.6,26.9,0.25
929,2020-07-18,52.63,5.39,27.65,0.32
930,2020-07-19,35.55,4.06,26.51,0.21
931,2020-07-20,16.97,5.78,38.99,0.21
932,2020-07-21,9.92,6.98,35.4,0.19
933,2020-07-22,32.58,5.68,34.01,0.23
934,2020-07-23,32.55,3.85,30.49,0.18
935,2020-07-24,30.4,4.1,31.85,0.23
936,2020-07-25,23.52,4.43,30.67,0.21
937,2020-07-26,26.33,4.69,25.15,0.18
938,2020-07-27,31.96,3.17,15.41,0.2
939,2020-07-28,26.45,4.15,13.83,0.2
940,2020-07-29,35.7,5.02,20.61,0.23
941,2020-07-30,16.73,4.5,29.75,0.23
942,2020-07-31,23.97,3.7,16.46,0.22
943,2020-01-08,18.0,3.81,14.38,0.21
944,2020-02-08,15.99,4.32,17.33,0.21
945,2020-03-08,16.08,3.29,11.87,0.2
946,2020-04-08,23.58,5.18,9.62,0.26
947,2020-05-08,39.9,5.85,12.71,0.29
948,2020-06-08,21.67,9.14,14.38,0.26
949,2020-07-08,14.19,5.03,14.47,0.22
950,2020-08-08,30.87,5.91,14.51,0.2
951,2020-09-08,29.23,3.76,14.45,0.19
952,2020-10-08,40.09,4.32,14.46,0.3
953,2020-11-08,101.97,3.83,14.35,0.21
954,2020-12-08,26.85,4.24,14.31,0.3
955,2020-08-13,22.27,4.91,14.43,0.2
956,2020-08-14,27.38,4.44,14.48,0.25
957,2020-08-15,32.08,4.82,14.52,0.23
958,2020-08-16,17.26,15.56,68.1,0.65
959,2020-08-17,22.09,8.85,21.39,0.4
960,2020-08-18,21.61,7.57,14.37,0.32
961,2020-08-19,22.69,4.04,14.31,0.25
962,2020-08-20,14.56,4.99,14.32,0.21
963,2020-08-21,11.46,6.28,14.32,0.19
964,2020-08-22,15.26,3.22,14.31,0.17
965,2020-08-23,17.55,2.43,14.31,0.14
966,2020-08-24,11.76,3.12,14.31,0.24
967,2020-08-25,16.52,2.35,14.3,0.21
968,2020-08-26,16.5,2.28,14.27,0.2
969,2020-08-27,12.12,1.99,23.83,0.22
970,2020-08-28,19.04,4.71,14.185999999999998,0.28
971,2020-08-29,33.37,3.71,14.15,0.35
972,2020-08-30,36.52,5.63,14.29,0.39
973,2020-08-31,15.02,3.12,14.3,0.31
974,2020-01-09,19.04,2.48,16.72,0.35
975,2020-02-09,35.31,7.1,18.44,0.39
976,2020-03-09,27.5,7.26,18.49,0.36
977,2020-04-09,21.57,5.46,18.54,0.44
978,2020-05-09,17.32,6.36,10.84,0.44
979,2020-06-09,12.95,2.79,10.81,0.38
980,2020-07-09,21.03,3.57,11.11,0.38
981,2020-08-09,31.21,3.71,15.43,0.42
982,2020-09-09,32.53,5.63,17.89,0.42
983,2020-10-09,29.5,4.96,18.04,0.41
984,2020-11-09,32.36,5.36,18.4,0.44
985,2020-12-09,34.75,7.84,18.32,0.45
986,2020-09-13,28.8,3.71,18.26,0.41
987,2020-09-14,36.65,5.92,17.79,0.46
988,2020-09-15,38.56,4.28,17.63,0.49
989,2020-09-16,39.51,4.63,17.64,0.51
990,2020-09-17,37.31,7.37,17.1,0.46
991,2020-09-18,32.87,5.15,16.72,0.43
992,2020-09-19,39.92,4.53,16.67,0.5
993,2020-09-20,36.9,4.2,16.38,0.45
994,2020-09-21,39.1,4.8,16.34,0.47
995,2020-09-22,43.42,5.25,16.75,0.62
996,2020-09-23,49.41,4.74,16.27,0.57
997,2020-09-24,43.03,4.6,16.01,0.54
998,2020-09-25,45.93,4.79,13.82,0.52
999,2020-09-26,44.76,11.18,8.72,0.51
1000,2020-09-27,29.93,3.76,8.66,0.41
1001,2020-09-28,40.4,4.52,13.5,0.44
1002,2020-09-29,48.13,6.29,17.94,0.47
1003,2020-09-30,45.55,4.05,17.75,0.46
1004,2020-01-10,39.64,3.78,16.95,0.45
1005,2020-02-10,47.4,6.44,16.29,0.43
1006,2020-03-10,56.74,5.98,15.67,0.4
1007,2020-04-10,51.86,6.22,15.12,0.43
1008,2020-05-10,59.68,6.63,14.44,0.4
1009,2020-06-10,59.22,11.32,14.2,0.57
1010,2020-07-10,68.82,14.19,14.7,0.42
1011,2020-08-10,55.92,9.36,13.47,0.33
1012,2020-09-10,61.8,6.18,12.77,0.24
1013,2020-10-10,53.46,4.59,9.09,0.23
1014,2020-11-10,65.22,4.07,12.19,0.24
1015,2020-12-10,83.68,4.75,20.34,0.27
1016,2020-10-13,102.3,6.56,22.94,0.31
1017,2020-10-14,85.49,9.57,18.16,0.25
1018,2020-10-15,93.14,7.76,22.87,0.23
1019,2020-10-16,60.21,6.16,21.53,0.26
1020,2020-10-17,58.15,8.69,19.32,0.24
1021,2020-10-18,79.78,5.88,19.94,0.26
1022,2020-10-19,87.9,6.81,21.3,0.26
1023,2020-10-20,83.93,8.3,20.4,0.55
1024,2020-10-21,77.64,9.54,24.34,0.83
1025,2020-10-22,71.66,15.16,27.42,0.81
1026,2020-10-23,109.86,5.82,28.45,1.01
1027,2020-10-24,112.61,4.51,28.57,0.98
1028,2020-10-25,133.58,4.66,29.83,1.03
1029,2020-10-26,76.99,5.35,27.01,0.64
1030,2020-10-27,86.35,7.9,28.28,0.78
1031,2020-10-28,96.89,6.47,22.03,0.82
1032,2020-10-29,107.11,15.82,21.49,1.01
1033,2020-10-30,77.99,9.11,27.39,0.55
1034,2020-10-31,66.99,8.99,27.87,0.5
1035,2020-01-11,89.48,10.49,28.37,0.6
1036,2020-02-11,106.82,10.09,31.08,0.65
1037,2020-03-11,129.05,12.4,32.87,0.85
1038,2020-04-11,126.73,15.69,32.25,0.7
1039,2020-05-11,110.69,10.81,32.25,0.69
1040,2020-06-11,91.27,6.26,25.63,0.6
1041,2020-07-11,103.35,8.08,20.15,0.62
1042,2020-08-11,160.04,7.12,30.4,1.16
1043,2020-09-11,142.58,10.09,31.95,1.2
1044,2020-10-11,107.92,11.37,27.77,0.92
1045,2020-11-11,129.68,9.45,30.6,1.01
1046,2020-12-11,115.45,9.94,28.38,0.71
1047,2020-11-13,91.14,8.25,28.85,0.65
1048,2020-11-14,189.64,21.95,41.53,1.28
1049,2020-11-15,163.91,15.11,28.32,0.68
1050,2020-11-16,21.09,6.61,26.33,0.38
1051,2020-11-17,28.25,5.29,27.45,0.41
1052,2020-11-18,51.02,6.17,30.46,0.56
1053,2020-11-19,52.86,5.21,22.79,0.55
1054,2020-11-20,52.15,4.97,24.61,0.51
1055,2020-11-21,48.01,7.26,38.66,0.5
1056,2020-11-22,53.6,5.8,40.96,0.52
1057,2020-11-23,99.15,10.14,38.12,0.72
1058,2020-11-24,92.72,8.69,22.77,0.79
1059,2020-11-25,107.61,13.43,28.85,0.95
1060,2020-11-26,30.29,7.75,17.26,0.49
1061,2020-11-27,45.89,3.21,21.2,0.49
1062,2020-11-28,48.04,3.95,30.7,0.52
1063,2020-11-29,69.56,4.17,39.82,0.7
1064,2020-11-30,108.92,3.82,40.01,0.76
1065,2020-01-12,101.74,5.36,41.23,0.79
1066,2020-02-12,85.32,5.74,37.64,0.6
1067,2020-03-12,107.99,7.74,69.02,1.03
1068,2020-04-12,159.23,8.51,57.46,0.94
1069,2020-05-12,105.66,8.79,52.43,0.72
1070,2020-06-12,106.75,8.19,49.04,0.7
1071,2020-07-12,71.14,4.05,27.05,0.56
1072,2020-08-12,56.64,4.43,13.65,0.56
1073,2020-09-12,35.73,3.46,9.05,0.4
1074,2020-10-12,25.97,3.01,11.88,0.35
1075,2020-11-12,56.53,3.6,14.32,0.63
1076,2020-12-12,31.12,3.8,14.99,0.4
1077,2020-12-13,26.76,1.97,14.19,0.37
1078,2020-12-14,34.77,6.63,11.23,0.31
1079,2020-12-15,29.35,8.16,17.28,0.33
1080,2020-12-16,36.31,8.68,17.5,0.37
1081,2020-12-17,54.57,7.58,17.31,0.44
1082,2020-12-18,74.15,5.87,23.35,0.6
1083,2020-12-19,78.99,7.04,21.57,0.56
1084,2020-12-20,83.29,4.3,19.49,0.58
1085,2020-12-21,89.55,4.66,25.29,0.7
1086,2020-12-22,116.3,8.21,28.76,0.93
1087,2020-12-23,116.64,6.37,26.73,1.02
1088,2020-12-24,79.42,3.83,22.39,0.69
1089,2020-12-25,65.99,2.85,20.44,0.7
1090,2020-12-26,67.7,6.16,17.66,0.69
1091,2020-12-27,65.4,9.43,21.07,0.76
1092,2020-12-28,63.27,7.77,17.61,0.59
1093,2020-12-29,40.23,6.5,15.63,0.49
1094,2020-12-30,43.34,6.09,16.89,0.65
1095,2020-12-31,43.55,6.6,16.31,0.58
1096,2021-01-01,95.63,12.4,25.0,0.95
1097,2021-02-01,59.97,9.73,15.47,0.77
1098,2021-03-01,72.37,8.29,11.86,0.82
1099,2021-04-01,52.55,8.41,16.1,0.74
1100,2021-05-01,27.6,8.8,18.16,0.49
1101,2021-06-01,20.36,8.94,16.45,0.43
1102,2021-07-01,21.97,6.27,12.82,0.35
1103,2021-08-01,35.02,6.97,15.62,0.44
1104,2021-09-01,30.31,12.95,18.23,0.39
1105,2021-10-01,22.17,18.4,18.08,0.33
1106,2021-11-01,35.68,8.8,18.66,0.36
1107,2021-12-01,42.24,6.73,29.44,0.45
1108,2021-01-13,60.56,16.58,44.54,0.61
1109,2021-01-14,68.34,16.98,46.18,0.69
1110,2021-01-15,54.48,12.59,50.7,0.72
1111,2021-01-16,22.86,4.59,30.96,0.53
1112,2021-01-17,45.33,5.29,43.19,0.7
1113,2021-01-18,57.09,16.14,47.71,0.75
1114,2021-01-19,40.66,9.09,36.81,0.63
1115,2021-01-20,44.46,9.44,24.97,0.56
1116,2021-01-21,55.89,4.53,24.31,0.75
1117,2021-01-22,82.27,8.83,49.71,0.94
1118,2021-01-23,57.04,4.2,33.46,0.65
1119,2021-01-24,59.46,1.92,26.02,0.63
1120,2021-01-25,43.49,8.21,38.03,0.79
1121,2021-01-26,59.92,9.03,42.92,0.89
1122,2021-01-27,58.11,5.71,26.35,0.72
1123,2021-01-28,61.35,7.15,51.48,0.78
1124,2021-01-29,56.91,4.37,57.98,0.78
1125,2021-01-30,62.35,7.33,56.1,0.72
1126,2021-01-31,68.23,5.13,81.92,1.07
1127,2021-01-02,84.74,5.74,69.36,1.11
1128,2021-02-02,61.55,6.09,66.43,1.05
1129,2021-03-02,68.74,22.88,95.77,1.01
1130,2021-04-02,24.27,7.84,65.83,0.64
1131,2021-05-02,47.18,8.88,52.86,0.65
1132,2021-06-02,35.04,6.56,40.5,0.61
1133,2021-07-02,50.31,2.34,46.97,0.74
1134,2021-08-02,57.68,3.02,52.34,0.8
1135,2021-09-02,67.05,5.9,55.36,1.16
1136,2021-10-02,90.58,8.8,56.9,1.16
1137,2021-11-02,50.62,8.45,50.46,1.01
1138,2021-12-02,52.14,7.97,59.57,1.24
1139,2021-02-13,54.97,9.37,68.21,1.29
1140,2021-02-14,45.39,3.79,61.93,1.18
1141,2021-02-15,53.54,8.31,65.8,1.19
1142,2021-02-16,35.25,10.06,55.71,1.09
1143,2021-02-17,32.25,8.48,34.89,1.06
1144,2021-02-18,41.92,10.62,20.03,1.09
1145,2021-02-19,32.52,8.88,19.61,1.15
1146,2021-02-20,47.14,8.27,19.71,1.02
1147,2021-02-21,48.12,13.93,18.49,1.01
1148,2021-02-22,48.82,7.28,25.52,0.72
1149,2021-02-23,52.86,5.74,58.82,0.81
1150,2021-02-24,55.45,10.49,50.94,0.64
1151,2021-02-25,48.6,9.09,45.84,0.58
1152,2021-02-26,39.93,10.29,60.02,0.79
1153,2021-02-27,30.99,5.23,58.78,0.47
1154,2021-02-28,47.02,3.91,54.37,0.5
1155,2021-01-03,44.84,3.31,34.09,0.48
1156,2021-02-03,44.03,4.76,31.04,0.47
1157,2021-03-03,47.62,4.15,35.89,0.56
1158,2021-04-03,63.35,9.15,43.98,0.62
1159,2021-05-03,59.76,8.04,35.41,0.52
1160,2021-06-03,51.93,6.91,44.63,0.51
1161,2021-07-03,41.68,9.38,46.31,0.45
1162,2021-08-03,52.21,10.2,26.09,0.73
1163,2021-09-03,73.65,18.87,49.22,0.73
1164,2021-10-03,62.74,6.46,95.8,0.53
1165,2021-11-03,64.58,4.83,109.82,0.62
1166,2021-12-03,50.86,7.24,61.54,0.48
1167,2021-03-13,35.65,5.91,59.93,0.44
1168,2021-03-14,39.77,11.6,56.24,0.43
1169,2021-03-15,53.96,9.49,48.28,0.4
1170,2021-03-16,65.22,8.14,65.33,0.4
1171,2021-03-17,74.72,10.76,86.32,0.46
1172,2021-03-18,60.37,7.96,59.04,0.42
1173,2021-03-19,49.19,9.16,55.91,0.44
1174,2021-03-20,49.85,10.35,50.83,0.49
1175,2021-03-21,57.23,11.56,45.78,0.45
1176,2021-03-22,36.1,19.65,44.1,0.63
1177,2021-03-23,36.31,10.93,50.22,0.53
1178,2021-03-24,48.01,8.95,45.27,0.43
1179,2021-03-25,37.74,6.68,48.74,0.39
1180,2021-03-26,49.8,4.59,54.67,0.4
1181,2021-03-27,49.94,3.86,53.51,0.44
1182,2021-03-28,73.75,3.62,66.34,0.8
1183,2021-03-29,78.53,3.5,51.28,0.54
1184,2021-03-30,56.23,6.89,40.68,0.37
1185,2021-03-31,36.65,6.17,30.24,0.23
1186,2021-01-04,48.33,6.43,27.4,0.38
1187,2021-02-04,47.05,4.8,38.99,0.53
1188,2021-03-04,54.42,6.79,51.22,0.71
1189,2021-04-04,38.83,5.28,42.18,0.54
1190,2021-05-04,46.05,13.27,37.0,0.57
1191,2021-06-04,64.35,20.4,36.4,0.89
1192,2021-07-04,25.6,4.44,34.24,0.37
1193,2021-08-04,26.18,6.86,34.01,0.36
1194,2021-09-04,34.59,13.59,33.05,0.38
1195,2021-10-04,41.29,14.98,32.73,0.45
1196,2021-11-04,45.91,8.83,34.09,0.48
1197,2021-12-04,37.84,9.33,35.77,0.43
1198,2021-04-13,37.5,9.61,44.43,0.44
1199,2021-04-14,41.6,8.7,44.74,0.43
1200,2021-04-15,48.23,9.96,36.16,0.35
1201,2021-04-16,68.79,10.85,43.85,0.53
1202,2021-04-17,46.5,9.32,43.31,0.44
1203,2021-04-18,36.62,11.37,42.36,0.43
1204,2021-04-19,25.55,6.94,37.17,0.35
1205,2021-04-20,37.64,10.59,43.13,0.54
1206,2021-04-21,13.61,6.0,42.16,0.35
1207,2021-04-22,37.09,9.51,43.86,0.43
1208,2021-04-23,15.0,7.22,38.9,0.4
1209,2021-04-24,29.29,5.48,33.95,0.3
1210,2021-04-25,46.17,8.91,33.86,0.34
1211,2021-04-26,48.08,6.82,48.68,0.45
1212,2021-04-27,70.29,7.85,54.35,0.43
1213,2021-04-28,76.8,8.67,51.59,0.45
1214,2021-04-29,75.28,18.93,60.23,0.56
1215,2021-04-30,77.07,12.13,49.11,0.36
1216,2021-01-05,84.52,13.34,45.28,0.39
1217,2021-02-05,71.82,13.28,42.85,0.42
1218,2021-03-05,88.93,9.42,45.13,0.49
1219,2021-04-05,68.5,16.25,46.23,0.48
1220,2021-05-05,28.63,16.23,48.82,0.34
1221,2021-06-05,47.03,10.79,34.31,0.5
1222,2021-07-05,30.7,7.75,24.53,0.37
1223,2021-08-05,51.66,15.88,23.76,0.42
1224,2021-09-05,59.26,9.04,23.57,0.55
1225,2021-10-05,43.69,10.36,26.81,0.47
1226,2021-11-05,49.3,15.88,24.38,0.46
1227,2021-12-05,59.24,10.63,26.61,0.46
1228,2021-05-13,36.18,8.27,24.35,0.44
1229,2021-05-14,48.26,10.25,24.54,0.42
1230,2021-05-15,31.08,5.67,19.89,0.34
1231,2021-05-16,76.77,10.05,21.16,0.5
1232,2021-05-17,59.48,6.59,18.3,0.45
1233,2021-05-18,81.0,17.4,21.91,0.57
1234,2021-05-19,37.05,5.95,21.22,0.43
1235,2021-05-20,27.85,7.71,20.63,0.34
1236,2021-05-21,34.57,8.21,23.95,0.39
1237,2021-05-22,47.64,9.73,25.52,0.32
1238,2021-05-23,61.54,6.23,21.71,0.26
1239,2021-05-24,44.96,7.38,19.84,0.25
1240,2021-05-25,44.02,8.92,18.52,0.35
1241,2021-05-26,52.54,11.81,18.2,0.42
1242,2021-05-27,56.03,20.28,19.2,0.54
1243,2021-05-28,44.37,13.18,33.0,0.5
1244,2021-05-29,44.21,9.48,22.17,0.37
1245,2021-05-30,31.91,8.1,22.04,0.38
1246,2021-05-31,64.18,6.72,24.64,0.33
1247,2021-01-06,26.3,6.81,31.94,0.33
1248,2021-02-06,36.48,10.65,24.74,0.36
1249,2021-03-06,24.99,9.44,17.19,0.28
1250,2021-04-06,29.33,14.51,19.32,0.35
1251,2021-05-06,43.93,13.7,18.47,0.41
1252,2021-06-06,36.59,10.43,21.04,0.29
1253,2021-07-06,68.08,19.71,24.49,0.53
1254,2021-08-06,54.04,12.65,34.8,0.42
1255,2021-09-06,75.96,8.39,23.19,0.34
1256,2021-10-06,90.2,8.31,27.55,0.48
1257,2021-11-06,42.11,10.4,33.36,0.96
1258,2021-12-06,41.95,7.66,36.7,0.48
1259,2021-06-13,29.87,10.67,26.47,0.34
1260,2021-06-14,32.28,7.12,17.3,0.46
1261,2021-06-15,45.8,13.28,10.45,0.4
1262,2021-06-16,31.03,5.6,10.05,0.43
1263,2021-06-17,35.79,4.27,12.86,0.39
1264,2021-06-18,46.63,6.29,27.35,0.53
1265,2021-06-19,30.9,7.82,24.59,0.38
1266,2021-06-20,23.54,5.5,20.76,0.32
1267,2021-06-21,35.4,6.11,19.91,0.36
1268,2021-06-22,48.31,7.93,19.34,0.34
1269,2021-06-23,55.79,11.9,24.76,0.41
1270,2021-06-24,42.92,4.35,23.41,0.35
1271,2021-06-25,71.03,9.53,20.72,0.44
1272,2021-06-26,40.77,5.32,16.76,0.39
1273,2021-06-27,45.3,4.65,13.5,0.35
1274,2021-06-28,67.24,6.32,11.95,0.43
1275,2021-06-29,67.64,9.48,12.89,0.38
1276,2021-06-30,77.41,8.06,15.07,0.44
1277,2021-01-07,115.04,4.63,15.85,0.33
1278,2021-02-07,100.45,8.06,16.39,0.41
1279,2021-03-07,48.32,3.93,14.72,0.23
1280,2021-04-07,45.48,3.68,13.01,0.27
1281,2021-05-07,71.96,4.29,14.45,0.34
1282,2021-06-07,60.81,7.87,11.48,0.32
1283,2021-07-07,48.02,7.69,11.57,0.33
1284,2021-08-07,43.18,10.88,14.07,0.48
1285,2021-09-07,36.74,7.8,18.65,0.52
1286,2021-10-07,44.21,7.27,16.42,0.51
1287,2021-11-07,34.41,7.69,16.26,0.46
1288,2021-12-07,22.99,6.77,16.93,0.51
1289,2021-07-13,27.91,7.5,21.5,0.85
1290,2021-07-14,28.04,9.77,21.46,0.88
1291,2021-07-15,34.42,10.38,23.0,0.92
1292,2021-07-16,38.07,6.62,17.04,0.65
1293,2021-07-17,34.51,3.83,12.09,0.58
1294,2021-07-18,51.92,1.59,16.69,0.8
1295,2021-07-19,19.14,3.32,17.39,0.71
1296,2021-07-20,20.47,5.27,18.16,0.67
1297,2021-07-21,34.66,3.83,16.01,0.73
1298,2021-07-22,24.08,3.43,16.64,0.69
1299,2021-07-23,34.01,4.66,17.58,0.77
1300,2021-07-24,39.69,2.68,14.9,0.73
1301,2021-07-25,49.54,3.19,14.73,0.72
1302,2021-07-26,34.11,4.74,16.06,0.81
1303,2021-07-27,71.14,5.61,12.33,0.77
1304,2021-07-28,21.04,5.34,13.9,0.78
1305,2021-07-29,20.42,3.35,13.82,0.88
1306,2021-07-30,18.5,4.96,14.05,0.87
1307,2021-07-31,26.41,5.83,11.56,0.65
1308,2021-01-08,21.6,3.5,10.84,0.77
1309,2021-02-08,32.23,6.9,14.99,0.9
1310,2021-03-08,48.0,7.88,18.18,1.04
1311,2021-04-08,32.71,5.7,18.63,0.99
1312,2021-05-08,36.89,6.05,20.28,0.93
1313,2021-06-08,23.45,10.32,22.66,0.74
1314,2021-07-08,30.55,13.9,20.72,0.88
1315,2021-08-08,30.34,3.67,5.08,0.9
1316,2021-09-08,32.34,5.36,6.55,0.63
1317,2021-10-08,35.34,2.56,11.06,0.61
1318,2021-11-08,34.27,4.73,11.84,0.71
1319,2021-12-08,46.6,7.09,9.17,0.67
1320,2021-08-13,31.56,5.25,7.92,0.56
1321,2021-08-14,38.65,8.16,7.24,0.57
1322,2021-08-15,30.5,9.24,7.01,0.52
1323,2021-08-16,32.32,7.41,12.16,0.5
1324,2021-08-17,36.32,9.12,13.25,0.6
1325,2021-08-18,49.93,5.67,11.38,0.79
1326,2021-08-19,44.93,8.4,23.38,0.86
1327,2021-08-20,40.89,8.8,28.36,0.77
1328,2021-08-21,23.88,16.64,14.31,0.69
1329,2021-08-22,21.06,6.69,18.72,0.66
1330,2021-08-23,29.43,3.4,18.6,0.62
1331,2021-08-24,28.0,3.45,14.46,0.57
1332,2021-08-25,40.11,4.58,14.11,0.63
1333,2021-08-26,49.48,5.34,14.29,0.49
1334,2021-08-27,41.86,6.14,30.62,0.68
1335,2021-08-28,47.88,8.32,16.51,0.56
1336,2021-08-29,41.71,7.5,15.02,0.57
1337,2021-08-30,28.83,7.73,10.85,0.62
1338,2021-08-31,23.18,8.13,10.79,0.63
1339,2021-01-09,33.49,10.92,12.3,0.73
1340,2021-02-09,36.0,7.23,12.3,0.67
1341,2021-03-09,43.69,8.99,16.63,0.7
1342,2021-04-09,31.06,7.57,19.64,0.79
1343,2021-05-09,33.72,6.67,13.97,0.68
1344,2021-06-09,38.9,5.35,11.04,0.75
1345,2021-07-09,31.95,7.21,10.37,0.85
1346,2021-08-09,28.36,10.54,11.74,0.71
1347,2021-09-09,30.54,11.46,11.65,0.79
1348,2021-10-09,23.33,16.53,11.64,0.75
1349,2021-11-09,15.4,12.8,11.5,0.82
1350,2021-12-09,13.22,10.71,11.56,0.51
1351,2021-09-13,22.45,8.78,13.0,0.64
1352,2021-09-14,21.54,10.54,13.27,0.62
1353,2021-09-15,18.24,5.77,13.08,0.58
1354,2021-09-16,24.7,5.36,11.38,0.5
1355,2021-09-17,14.29,5.3,9.62,0.61
1356,2021-09-18,29.87,5.9,9.64,0.58
1357,2021-09-19,49.21,4.75,9.75,0.82
1358,2021-09-20,37.78,4.9,8.27,0.87
1359,2021-09-21,20.68,9.32,10.71,0.77
1360,2021-09-22,34.84,10.57,10.88,0.92
1361,2021-09-23,15.55,6.19,9.76,0.69
1362,2021-09-24,12.07,7.06,11.07,0.52
1363,2021-09-25,18.53,4.6,11.7,0.53
1364,2021-09-26,37.11,5.84,11.69,0.77
1365,2021-09-27,30.74,5.36,11.63,0.64
1366,2021-09-28,42.02,9.04,11.76,1.55
1367,2021-09-29,57.07,14.47,13.45,1.07
1368,2021-09-30,46.29,13.53,14.34,0.99
1369,2021-01-10,41.78,8.48,13.44,0.68
1370,2021-02-10,24.3,8.37,12.21,0.53
1371,2021-03-10,22.17,7.66,12.23,0.66
1372,2021-04-10,36.17,9.35,12.47,0.63
1373,2021-05-10,23.4,4.75,8.31,0.5
1374,2021-06-10,32.52,3.97,7.9,0.45
1375,2021-07-10,51.01,5.23,7.84,0.65
1376,2021-08-10,44.85,3.84,7.95,0.66
1377,2021-09-10,48.69,5.44,8.58,0.73
1378,2021-10-10,65.29,6.84,7.93,0.94
1379,2021-11-10,66.09,12.26,8.09,0.83
1380,2021-12-10,100.06,15.25,7.82,1.08
1381,2021-10-13,77.71,5.27,8.04,0.76
1382,2021-10-14,61.34,4.54,15.12,0.54
1383,2021-10-15,57.36,3.0,39.59,0.61
1384,2021-10-16,73.69,3.8,40.56,0.67
1385,2021-10-17,45.18,10.56,36.74,0.72
1386,2021-10-18,26.7,5.17,23.8,0.67
1387,2021-10-19,45.04,5.96,22.69,0.56
1388,2021-10-20,77.27,4.96,24.73,0.76
1389,2021-10-21,88.52,6.22,26.57,0.95
1390,2021-10-22,64.91,5.81,33.59,1.32
1391,2021-10-23,85.08,11.97,33.02,0.94
1392,2021-10-24,24.54,9.22,27.17,1.06
1393,2021-10-25,26.97,5.64,27.02,1.06
1394,2021-10-26,31.12,5.79,26.36,1.12
1395,2021-10-27,56.34,8.39,28.38,1.33
1396,2021-10-28,61.21,8.64,30.64,1.36
1397,2021-10-29,69.73,8.77,33.93,1.44
1398,2021-10-30,82.88,10.27,35.07,1.23
1399,2021-10-31,120.83,12.58,52.73,1.64
1400,2021-01-11,126.13,16.21,65.25,2.29
1401,2021-02-11,78.19,21.63,47.95,1.33
1402,2021-03-11,71.21,19.92,47.07,1.09
1403,2021-04-11,133.72,23.33,57.31,1.33
1404,2021-05-11,172.27,16.97,43.32,1.25
1405,2021-06-11,77.03,8.78,33.39,1.12
1406,2021-07-11,109.11,8.51,30.93,1.46
1407,2021-08-11,115.67,9.05,26.51,1.49
1408,2021-09-11,131.37,26.12,34.52,1.99
1409,2021-10-11,113.39,14.21,40.51,2.17
1410,2021-11-11,122.22,11.67,39.67,2.22
1411,2021-12-11,109.71,13.15,38.33,1.5
1412,2021-11-13,88.38,7.96,39.69,1.26
1413,2021-11-14,104.25,8.82,51.22,1.56
1414,2021-11-15,104.53,15.76,39.02,1.45
1415,2021-11-16,102.83,16.98,26.84,1.34
1416,2021-11-17,111.26,22.35,37.45,1.57
1417,2021-11-18,108.47,15.57,40.7,1.74
1418,2021-11-19,101.22,10.73,36.91,1.68
1419,2021-11-20,91.26,10.33,31.36,1.17
1420,2021-11-21,84.46,9.15,20.17,0.92
1421,2021-11-22,85.61,9.07,23.63,1.0
1422,2021-11-23,121.15,7.32,36.93,1.66
1423,2021-11-24,113.75,12.35,40.09,1.65
1424,2021-11-25,77.51,28.61,30.19,1.47
1425,2021-11-26,84.34,10.31,28.84,2.47
1426,2021-11-27,90.53,10.1,36.0,3.17
1427,2021-11-28,79.33,9.71,27.28,0.94
1428,2021-11-29,65.38,12.38,25.82,0.71
1429,2021-11-30,99.87,12.65,41.91,1.29
1430,2021-01-12,136.98,19.04,60.19,2.64
1431,2021-02-12,87.35,30.9,39.39,1.65
1432,2021-03-12,89.33,27.7,71.18,2.03
1433,2021-04-12,61.62,16.66,17.46,1.89
1434,2021-05-12,71.14,19.61,18.95,1.76
1435,2021-06-12,64.39,12.38,21.14,0.89
1436,2021-07-12,54.59,18.54,19.21,0.75
1437,2021-08-12,67.49,33.51,19.53,0.76
1438,2021-09-12,74.31,23.93,22.43,0.93
1439,2021-10-12,79.21,19.77,26.68,0.82
1440,2021-11-12,89.87,15.86,30.03,1.07
1441,2021-12-12,139.53,15.67,34.41,1.75
1442,2021-12-13,105.45,28.83,34.62,2.63
1443,2021-12-14,88.21,32.0,35.26,1.99
1444,2021-12-15,67.57,21.52,30.64,1.29
1445,2021-12-16,65.91,28.72,32.82,1.51
1446,2021-12-17,49.16,28.45,28.63,0.88
1447,2021-12-18,69.31,30.25,29.82,1.1
1448,2021-12-19,69.98,31.63,30.87,1.17
1449,2021-12-20,116.6,24.12,32.7,1.58
1450,2021-12-21,163.66,15.9,29.16,2.6
1451,2021-12-22,106.94,28.52,26.37,1.61
1452,2021-12-23,109.31,27.72,31.81,1.96
1453,2021-12-24,121.24,19.91,34.35,2.33
1454,2021-12-25,136.98,17.13,33.15,2.73
1455,2021-12-26,148.8,15.76,31.8,2.53
1456,2021-12-27,68.25,26.02,24.49,1.42
1457,2021-12-28,41.9,25.05,19.1,1.39
1458,2021-12-29,57.18,21.77,24.15,1.36
1459,2021-12-30,90.57,18.05,35.95,1.18
1460,2021-12-31,60.17,15.81,31.37,1.18
1461,2022-01-01,70.99,14.99,30.88,1.19
1462,2022-02-01,65.28,13.43,30.02,1.07
1463,2022-03-01,62.51,16.24,29.53,1.1
1464,2022-04-01,62.68,18.59,31.06,1.61
1465,2022-05-01,46.41,23.7,35.86,1.64
1466,2022-06-01,35.62,25.06,33.82,1.89
1467,2022-07-01,35.19,14.07,33.26,0.91
1468,2022-08-01,15.08,6.36,27.38,0.34
1469,2022-09-01,15.11,5.08,21.19,0.6
1470,2022-10-01,32.32,6.42,20.88,0.97
1471,2022-11-01,29.0,8.85,17.49,0.75
1472,2022-12-01,61.35,9.19,18.9,0.78
1473,2022-01-13,62.14,9.14,18.02,0.78
1474,2022-01-14,60.15,10.57,16.22,0.61
1475,2022-01-15,53.62,9.76,16.93,0.67
1476,2022-01-16,74.16,4.63,16.44,0.78
1477,2022-01-17,90.01,15.52,18.91,0.88
1478,2022-01-18,52.53,12.1,15.98,0.71
1479,2022-01-19,61.64,11.24,17.58,0.88
1480,2022-01-20,54.97,8.76,17.63,0.8
1481,2022-01-21,48.09,12.59,19.3,0.95
1482,2022-01-22,52.35,12.12,21.35,1.05
1483,2022-01-23,32.02,6.86,17.59,0.69
1484,2022-01-24,29.3,6.88,11.72,0.53
1485,2022-01-25,29.13,4.99,15.39,0.58
1486,2022-01-26,40.25,3.61,15.86,0.61
1487,2022-01-27,38.07,6.41,15.94,0.76
1488,2022-01-28,56.59,6.78,17.54,0.77
1489,2022-01-29,58.45,6.19,18.03,0.76
1490,2022-01-30,66.27,6.53,17.08,0.77
1491,2022-01-31,72.7,7.17,22.84,1.13
1492,2022-01-02,50.42,9.2,17.9,1.17
1493,2022-02-02,62.15,8.94,21.83,1.05
1494,2022-03-02,48.6,5.7,18.46,0.7
1495,2022-04-02,17.65,9.2,21.4,0.8
1496,2022-05-02,33.13,12.7,19.54,0.8
1497,2022-06-02,32.25,4.39,17.87,0.71
1498,2022-07-02,61.66,21.21,23.86,1.23
1499,2022-08-02,43.1,19.42,19.51,0.85
1500,2022-09-02,41.54,11.82,19.89,0.72
1501,2022-10-02,47.58,7.01,19.43,0.73
1502,2022-11-02,41.13,7.78,16.6,0.58
1503,2022-12-02,48.76,6.74,18.61,0.73
1504,2022-02-13,84.57,7.81,26.7,1.25
1505,2022-02-14,91.1,13.1,33.48,1.88
1506,2022-02-15,83.81,19.31,30.11,1.62
1507,2022-02-16,35.62,7.12,18.55,0.72
1508,2022-02-17,41.84,4.47,18.2,0.69
1509,2022-02-18,41.31,6.39,18.53,0.64
1510,2022-02-19,38.49,9.01,16.36,0.64
1511,2022-02-20,59.07,8.12,16.66,0.74
1512,2022-02-21,42.59,6.63,22.74,0.83
1513,2022-02-22,60.46,14.91,19.98,0.85
1514,2022-02-23,61.84,7.49,21.43,0.83
1515,2022-02-24,60.13,11.95,24.0,0.84
1516,2022-02-25,54.4,20.71,26.05,0.89
1517,2022-02-26,28.52,12.03,23.87,0.63
1518,2022-02-27,13.7,6.52,22.29,0.47
1519,2022-02-28,24.38,8.79,21.96,0.56
1520,2022-01-03,38.46,9.97,21.04,0.55
1521,2022-02-03,41.13,8.11,22.94,0.63
1522,2022-03-03,39.01,8.87,23.25,0.6
1523,2022-04-03,26.11,8.15,20.36,0.57
1524,2022-05-03,38.88,9.18,22.43,0.58
1525,2022-06-03,50.72,6.51,24.71,0.76
1526,2022-07-03,76.63,16.38,26.38,0.97
1527,2022-08-03,39.02,7.44,22.18,0.6
1528,2022-09-03,35.55,10.65,22.69,0.61
1529,2022-10-03,38.08,8.66,22.67,0.52
1530,2022-11-03,45.38,12.2,23.19,0.61
1531,2022-12-03,51.09,11.8,23.07,0.69
1532,2022-03-13,52.16,8.86,22.77,0.76
1533,2022-03-14,69.14,8.25,22.65,1.04
1534,2022-03-15,70.06,10.61,20.54,0.98
1535,2022-03-16,70.33,8.89,21.06,0.94
1536,2022-03-17,77.27,6.66,27.09,1.32
1537,2022-03-18,112.32,7.11,23.28,1.27
1538,2022-03-19,91.53,7.37,22.61,1.2
1539,2022-03-20,89.41,9.23,22.63,1.06
1540,2022-03-21,69.0,9.79,19.82,0.75
1541,2022-03-22,50.9,9.96,20.18,0.69
1542,2022-03-23,55.58,11.17,23.79,0.88
1543,2022-03-24,55.72,11.09,23.45,0.67
1544,2022-03-25,53.75,4.49,23.97,0.43
1545,2022-03-26,58.22,7.28,25.61,0.53
1546,2022-03-27,58.35,6.81,26.59,0.53
1547,2022-03-28,84.13,13.1,40.85,1.47
1548,2022-03-29,58.64,5.6,25.07,0.77
1549,2022-03-30,59.65,15.27,28.35,0.66
1550,2022-03-31,53.21,16.38,21.69,0.34
1551,2022-01-04,51.77,10.38,22.29,0.69
1552,2022-02-04,75.52,14.34,26.74,0.91
1553,2022-03-04,73.35,24.78,26.06,0.87
1554,2022-04-04,51.22,7.05,24.09,0.65
1555,2022-05-04,47.46,8.18,23.24,0.68
1556,2022-06-04,55.27,8.56,24.94,0.72
1557,2022-07-04,63.02,7.73,26.65,0.74
1558,2022-08-04,62.72,14.1,26.19,0.66
1559,2022-09-04,74.91,15.36,27.53,0.91
1560,2022-10-04,67.68,11.03,25.84,0.78
1561,2022-11-04,77.64,19.53,27.37,1.01
1562,2022-12-04,84.0,21.72,29.95,1.38
1563,2022-04-13,74.46,11.5,26.7,0.87
1564,2022-04-14,59.64,18.79,27.29,0.67
1565,2022-04-15,40.3,17.93,10.886000000000001,0.5
1566,2022-04-16,48.22,14.59,25.43,0.57
1567,2022-04-17,42.79,19.7,26.49,0.55
1568,2022-04-18,46.31,13.02,23.05,0.83
1569,2022-04-19,62.99,12.59,18.38,0.91
1570,2022-04-20,53.25,10.8,20.07,0.64
1571,2022-04-21,53.69,13.57,21.93,0.64
1572,2022-04-22,46.57,7.82,20.57,0.39
1573,2022-04-23,48.52,11.45,17.98,0.66
1574,2022-04-24,41.05,7.28,17.31,0.62
1575,2022-04-25,52.62,14.58,17.85,0.81
1576,2022-04-26,43.77,13.14,16.84,1.01
1577,2022-04-27,57.59,8.37,10.28,0.86
1578,2022-04-28,84.55,16.43,9.83,0.77
1579,2022-04-29,80.52,21.7,9.49,0.97
1580,2022-04-30,67.15,12.21,10.14,1.19
1581,2022-01-05,91.85,11.57,10.08,1.09
1582,2022-02-05,69.84,9.2,12.82,1.16
1583,2022-03-05,93.03,14.5,18.09,1.13
1584,2022-04-05,68.28,19.78,18.58,0.71
1585,2022-05-05,70.28,8.76,17.04,0.68
1586,2022-06-05,81.16,7.6,16.84,0.86
1587,2022-07-05,64.33,11.8,16.94,0.97
1588,2022-08-05,93.33,14.65,17.3,1.28
1589,2022-09-05,82.77,14.04,16.33,1.21
1590,2022-10-05,69.59,13.56,14.35,1.03
1591,2022-11-05,67.1,13.32,13.22,1.08
1592,2022-12-05,71.89,14.08,12.52,1.04
1593,2022-05-13,57.39,13.57,11.79,0.91
1594,2022-05-14,50.93,10.72,11.71,0.75
1595,2022-05-15,67.82,18.76,13.19,0.98
1596,2022-05-16,80.07,16.92,15.76,0.94
1597,2022-05-17,52.68,12.61,20.12,0.89
1598,2022-05-18,63.88,14.85,18.96,0.78
1599,2022-05-19,64.92,17.13,18.09,0.97
1600,2022-05-20,85.45,22.5,18.52,0.9
1601,2022-05-21,86.98,12.5,18.52,0.62
1602,2022-05-22,87.53,9.45,18.5,0.68
1603,2022-05-23,34.89,14.09,19.41,0.7
1604,2022-05-24,20.32,7.37,17.92,0.66
1605,2022-05-25,28.84,11.48,18.99,0.78
1606,2022-05-26,45.87,9.54,19.02,0.98
1607,2022-05-27,55.99,12.08,18.33,1.06
1608,2022-05-28,62.12,13.43,17.79,1.12
1609,2022-05-29,34.66,9.02,18.1,0.87
1610,2022-05-30,40.07,10.04,17.13,0.81
1611,2022-05-31,50.19,26.06,18.28,0.99
1612,2022-01-06,38.6,15.4,18.14,0.81
1613,2022-02-06,41.23,16.34,17.94,0.7
1614,2022-03-06,27.75,8.17,17.61,0.59
1615,2022-04-06,38.92,14.99,18.12,0.9
1616,2022-05-06,41.86,15.23,18.04,0.84
1617,2022-06-06,59.4,13.85,17.46,0.73
1618,2022-07-06,68.52,17.41,15.08,0.76
1619,2022-08-06,59.37,10.64,13.2,0.54
1620,2022-09-06,78.49,14.52,13.39,0.68
1621,2022-10-06,102.56,19.44,13.23,0.75
1622,2022-11-06,88.37,9.68,13.2,0.71
1623,2022-12-06,114.03,11.51,13.61,0.74
1624,2022-06-13,90.16,16.86,13.09,0.76
1625,2022-06-14,89.83,8.12,13.18,0.6
1626,2022-06-15,70.62,6.34,13.26,0.72
1627,2022-06-16,41.95,11.33,13.34,0.76
1628,2022-06-17,31.91,5.45,13.33,0.7
1629,2022-06-18,28.31,4.94,13.1,0.82
1630,2022-06-19,52.44,4.84,13.36,0.71
1631,2022-06-20,50.99,5.51,12.95,0.72
1632,2022-06-21,67.84,15.28,13.21,0.99
1633,2022-06-22,48.0,10.54,11.55,0.68
1634,2022-06-23,51.8,3.64,7.83,0.52
1635,2022-06-24,57.83,6.76,8.08,0.56
1636,2022-06-25,83.08,10.39,7.92,0.73
1637,2022-06-26,96.45,5.96,8.06,0.99
1638,2022-06-27,58.25,2.9,8.29,0.94
1639,2022-06-28,64.63,2.55,8.49,1.13
1640,2022-06-29,52.13,1.77,8.54,1.01
1641,2022-06-30,21.14,5.94,8.14,0.9
1642,2022-01-07,29.86,5.12,8.23,1.01
1643,2022-02-07,30.79,5.56,8.36,0.97
1644,2022-03-07,20.01,5.14,8.35,0.86
1645,2022-04-07,34.22,9.17,10.4,1.19
1646,2022-05-07,56.56,3.42,12.45,1.5
1647,2022-06-07,38.67,4.83,12.45,1.1
1648,2022-07-07,25.89,9.78,12.58,1.12
1649,2022-08-07,44.97,5.69,12.97,1.27
1650,2022-09-07,26.84,4.54,12.71,0.98
1651,2022-10-07,17.0,8.08,12.44,0.84
1652,2022-11-07,25.56,8.02,12.17,0.84
1653,2022-12-07,49.7,4.86,12.34,0.84
1654,2022-07-13,41.96,6.64,12.66,0.79
1655,2022-07-14,43.02,4.27,12.45,0.7
1656,2022-07-15,18.82,5.21,12.41,0.56
1657,2022-07-16,34.04,5.0,12.22,0.64
1658,2022-07-17,20.26,5.41,12.16,0.59
1659,2022-07-18,23.86,9.61,11.99,0.57
1660,2022-07-19,36.94,5.34,12.37,0.6
1661,2022-07-20,42.61,5.66,12.84,0.78
1662,2022-07-21,45.93,7.1,12.63,0.77
1663,2022-07-22,34.86,4.6,12.75,0.75
1664,2022-07-23,38.85,5.62,12.76,0.83
1665,2022-07-24,21.78,5.79,12.31,0.61
1666,2022-07-25,22.88,6.01,11.88,0.64
1667,2022-07-26,30.99,7.81,10.03,0.62
1668,2022-07-27,39.04,10.39,8.92,0.76
1669,2022-07-28,29.25,5.59,9.66,0.69
1670,2022-07-29,19.69,7.71,9.62,0.6
1671,2022-07-30,28.07,5.18,9.66,0.67
1672,2022-07-31,21.25,5.64,9.35,0.61
1673,2022-01-08,21.4,5.47,9.12,0.49
1674,2022-02-08,17.93,5.33,9.27,0.47
1675,2022-03-08,43.8,3.48,9.45,0.66
1676,2022-04-08,41.3,5.09,9.12,0.66
1677,2022-05-08,26.21,5.63,9.24,0.68
1678,2022-06-08,45.15,5.8,9.19,0.71
1679,2022-07-08,41.97,16.14,8.66,0.6
1680,2022-08-08,44.52,8.21,17.97,0.67
1681,2022-09-08,37.0,5.54,6.08,0.73
1682,2022-10-08,26.88,4.88,8.3,0.59
1683,2022-11-08,22.2,5.41,10.41,0.53
1684,2022-12-08,18.92,6.93,8.69,0.5
1685,2022-08-13,37.62,6.45,8.02,0.68
1686,2022-08-14,31.49,5.39,7.96,0.56
1687,2022-08-15,9.2,6.82,9.02,0.41
1688,2022-08-16,18.66,5.34,8.14,0.6
1689,2022-08-17,17.24,8.07,8.69,0.51
1690,2022-08-18,22.96,5.72,11.64,0.55
1691,2022-08-19,14.16,4.17,11.35,0.43
1692,2022-08-20,33.16,8.4,9.71,0.56
1693,2022-08-21,30.16,6.42,13.44,0.49
1694,2022-08-22,38.62,4.97,8.26,0.63
1695,2022-08-23,46.18,7.03,6.16,0.85
1696,2022-08-24,38.49,8.6,6.06,0.59
