From_Date,To_Date,PM2.5,NO2,SO2,CO
01-01-2018 00:00,02-01-2018 00:00,260.565,64.20333333333333,18.65,1.3725
02-01-2018 00:00,03-01-2018 00:00,298.615,64.49,23.32,0.985
03-01-2018 00:00,04-01-2018 00:00,203.9725,56.06,14.41,1.0525
04-01-2018 00:00,05-01-2018 00:00,240.465,65.71,15.32,1.0375
05-01-2018 00:00,06-01-2018 00:00,238.3525,59.93333333333334,15.54,1.11
06-01-2018 00:00,07-01-2018 00:00,249.405,62.36666666666667,16.75,1.1825
07-01-2018 00:00,08-01-2018 00:00,180.41000000000005,55.873333333333335,26.16,0.905
08-01-2018 00:00,09-01-2018 00:00,156.7925,56.59333333333333,38.0,1.07
09-01-2018 00:00,10-01-2018 00:00,220.6625,59.135,45.83,0.9175
10-01-2018 00:00,11-01-2018 00:00,171.8225,51.7225,48.31,0.8300000000000001
11-01-2018 00:00,12-01-2018 00:00,149.13,49.087500000000006,55.17,0.8175
12-01-2018 00:00,13-01-2018 00:00,171.465,54.05,62.76,1.1075
13-01-2018 00:00,14-01-2018 00:00,217.955,54.105,30.79,1.22
14-01-2018 00:00,15-01-2018 00:00,158.825,50.9475,40.85,1.0225
15-01-2018 00:00,16-01-2018 00:00,144.875,47.032500000000006,44.27,0.935
16-01-2018 00:00,17-01-2018 00:00,134.7475,47.7975,48.99,0.7675
17-01-2018 00:00,18-01-2018 00:00,228.75,50.0825,16.35,1.1575
18-01-2018 00:00,19-01-2018 00:00,304.5725,50.285,34.31,1.1025
19-01-2018 00:00,20-01-2018 00:00,201.6975,49.24,27.93,1.0975
20-01-2018 00:00,21-01-2018 00:00,136.89,42.620000000000005,41.57,0.8474999999999999
21-01-2018 00:00,22-01-2018 00:00,150.8175,49.5175,46.68,0.8299999999999998
22-01-2018 00:00,23-01-2018 00:00,181.51,52.4625,39.63,1.105
23-01-2018 00:00,24-01-2018 00:00,140.335,49.485,9.19,1.1675
24-01-2018 00:00,25-01-2018 00:00,122.195,37.6475,11.19,1.1575
25-01-2018 00:00,26-01-2018 00:00,104.88,34.2425,5.36,1.1425
26-01-2018 00:00,27-01-2018 00:00,128.4125,37.0975,4.66,1.1825
27-01-2018 00:00,28-01-2018 00:00,169.4125,44.8275,8.9,1.3025
28-01-2018 00:00,29-01-2018 00:00,149.8425,40.045,14.22,1.3
29-01-2018 00:00,30-01-2018 00:00,159.18,40.965,20.71,1.3025
30-01-2018 00:00,31-01-2018 00:00,120.7975,36.6025,29.72,1.375
31-01-2018 00:00,01-02-2018 00:00,116.835,33.4275,28.37,1.3724999999999998
01-02-2018 00:00,02-02-2018 00:00,145.88,99.09,23.18,2.65
02-02-2018 00:00,03-02-2018 00:00,156.87,78.58,16.77,1.71
03-02-2018 00:00,04-02-2018 00:00,115.57,76.45,20.49,1.31
04-02-2018 00:00,05-02-2018 00:00,146.8,69.23,17.79,1.43
05-02-2018 00:00,06-02-2018 00:00,183.44,99.02,20.76,2.15
06-02-2018 00:00,07-02-2018 00:00,147.61,90.21,20.4,1.63
07-02-2018 00:00,08-02-2018 00:00,137.08,74.48,21.53,1.71
08-02-2018 00:00,09-02-2018 00:00,181.62,95.13,18.15,3.07
09-02-2018 00:00,10-02-2018 00:00,223.1,86.65,18.22,3.21
10-02-2018 00:00,11-02-2018 00:00,207.79,89.08,15.21,4.54
11-02-2018 00:00,12-02-2018 00:00,162.51,78.81,18.43,2.66
12-02-2018 00:00,13-02-2018 00:00,76.39,43.63,15.4,0.79
13-02-2018 00:00,14-02-2018 00:00,111.73,70.78,18.16,1.35
14-02-2018 00:00,15-02-2018 00:00,68.2,44.68,15.66,0.66
15-02-2018 00:00,16-02-2018 00:00,84.13,50.96,18.71,0.88
16-02-2018 00:00,17-02-2018 00:00,152.32,71.92,20.73,1.31
17-02-2018 00:00,18-02-2018 00:00,143.14,72.06,23.66,1.36
18-02-2018 00:00,19-02-2018 00:00,132.4,78.02,18.72,1.71
19-02-2018 00:00,20-02-2018 00:00,154.47,92.06,21.95,2.73
20-02-2018 00:00,21-02-2018 00:00,174.04,83.9,19.65,2.88
21-02-2018 00:00,22-02-2018 00:00,159.74,102.68,15.47,4.32
22-02-2018 00:00,23-02-2018 00:00,151.08,88.11,19.8,2.6
23-02-2018 00:00,24-02-2018 00:00,152.68,97.35,23.55,2.86
24-02-2018 00:00,25-02-2018 00:00,177.09,84.52,21.29,2.14
25-02-2018 00:00,26-02-2018 00:00,103.17,55.89,22.46,0.97
26-02-2018 00:00,27-02-2018 00:00,57.91,40.03,15.46,0.54
27-02-2018 00:00,28-02-2018 00:00,77.04,62.53,18.17,1.2
28-02-2018 00:00,01-03-2018 00:00,126.1,73.18,20.18,1.95
01-03-2018 00:00,02-03-2018 00:00,104.87,76.86,21.2,2.05
02-03-2018 00:00,03-03-2018 00:00,111.61,84.37,17.15,2.24
03-03-2018 00:00,04-03-2018 00:00,91.8,67.63,22.86,1.42
04-03-2018 00:00,05-03-2018 00:00,76.92,57.46,20.8,1.01
05-03-2018 00:00,06-03-2018 00:00,62.36,53.8,20.26,0.97
06-03-2018 00:00,07-03-2018 00:00,65.19,52.66,19.68,0.78
07-03-2018 00:00,08-03-2018 00:00,87.39,71.46,19.91,1.4
08-03-2018 00:00,09-03-2018 00:00,113.2,104.85,24.27,3.3
09-03-2018 00:00,10-03-2018 00:00,122.0,82.36,24.31,2.61
10-03-2018 00:00,11-03-2018 00:00,69.25,54.17,22.63,0.75
11-03-2018 00:00,12-03-2018 00:00,90.76,66.18,23.59,1.27
12-03-2018 00:00,13-03-2018 00:00,101.94,79.5,22.53,1.53
13-03-2018 00:00,14-03-2018 00:00,101.37,85.27,21.59,2.28
14-03-2018 00:00,15-03-2018 00:00,109.61,80.55,18.7,2.24
15-03-2018 00:00,16-03-2018 00:00,102.3,75.82,22.36,1.18
16-03-2018 00:00,17-03-2018 00:00,109.82,66.24,22.75,1.2
17-03-2018 00:00,18-03-2018 00:00,113.21,55.48,28.49,0.86
18-03-2018 00:00,19-03-2018 00:00,55.61,48.76,21.9,0.74
19-03-2018 00:00,20-03-2018 00:00,84.26,84.79,23.1,1.56
20-03-2018 00:00,21-03-2018 00:00,111.37,101.36,29.42,2.15
21-03-2018 00:00,22-03-2018 00:00,142.01,67.45,33.6,1.6
22-03-2018 00:00,23-03-2018 00:00,77.88,47.4,29.01,0.85
23-03-2018 00:00,24-03-2018 00:00,62.85,53.81,17.49,0.85
24-03-2018 00:00,25-03-2018 00:00,70.39,60.27,20.46,0.79
25-03-2018 00:00,26-03-2018 00:00,75.35,60.31,23.77,0.88
26-03-2018 00:00,27-03-2018 00:00,69.3,60.76,21.35,1.08
27-03-2018 00:00,28-03-2018 00:00,86.79,79.72,21.06,1.92
28-03-2018 00:00,29-03-2018 00:00,90.15,73.87,20.97,2.27
29-03-2018 00:00,30-03-2018 00:00,94.29,61.88,31.11,1.02
30-03-2018 00:00,31-03-2018 00:00,101.74,80.26,26.85,1.35
31-03-2018 00:00,01-04-2018 00:00,114.96,69.65,26.69,1.35
01-04-2018 00:00,02-04-2018 00:00,78.32,65.45,23.99,1.01
02-04-2018 00:00,03-04-2018 00:00,92.71,86.08,27.52,1.57
03-04-2018 00:00,04-04-2018 00:00,104.79,93.39,24.07,1.56
04-04-2018 00:00,05-04-2018 00:00,101.81,90.47,20.73,2.22
05-04-2018 00:00,06-04-2018 00:00,138.89,91.99,25.3,2.66
06-04-2018 00:00,07-04-2018 00:00,98.76,70.96,30.71,1.19
07-04-2018 00:00,08-04-2018 00:00,46.6,53.08,18.39,0.84
08-04-2018 00:00,09-04-2018 00:00,46.55,46.58,20.91,0.75
09-04-2018 00:00,10-04-2018 00:00,44.5,61.02,21.38,1.19
10-04-2018 00:00,11-04-2018 00:00,93.18,67.04,21.67,1.4
11-04-2018 00:00,12-04-2018 00:00,51.85,47.4,17.04,0.67
12-04-2018 00:00,13-04-2018 00:00,40.19,61.08,14.72,0.97
13-04-2018 00:00,14-04-2018 00:00,66.18,74.99,12.55,1.67
14-04-2018 00:00,15-04-2018 00:00,86.52,86.43,19.17,2.03
15-04-2018 00:00,16-04-2018 00:00,108.25,109.88,21.36,2.34
16-04-2018 00:00,17-04-2018 00:00,127.17,97.1,24.48,2.28
17-04-2018 00:00,18-04-2018 00:00,87.19,83.58,16.86,1.27
18-04-2018 00:00,19-04-2018 00:00,76.39,57.45,16.23,0.68
19-04-2018 00:00,20-04-2018 00:00,84.16,82.82,17.58,1.31
20-04-2018 00:00,21-04-2018 00:00,83.35,27.06,4.58,0.86
21-04-2018 00:00,22-04-2018 00:00,93.94,27.91,3.66,0.8
22-04-2018 00:00,23-04-2018 00:00,40.51,26.66,4.86,0.79
23-04-2018 00:00,24-04-2018 00:00,53.47,48.21,3.38,1.14
24-04-2018 00:00,25-04-2018 00:00,84.06,77.2,3.95,1.7
25-04-2018 00:00,26-04-2018 00:00,86.82,144.2,2.8,2.15
26-04-2018 00:00,27-04-2018 00:00,133.67,82.83,4.99,1.74
27-04-2018 00:00,28-04-2018 00:00,91.56,28.05,4.82,0.98
28-04-2018 00:00,29-04-2018 00:00,77.38,21.56,5.29,0.87
29-04-2018 00:00,30-04-2018 00:00,82.73,24.98,5.49,0.93
30-04-2018 00:00,01-05-2018 00:00,81.6,28.64,4.16,0.95
01-05-2018 00:00,02-05-2018 00:00,48.23,16.27,2.97,0.71
02-05-2018 00:00,03-05-2018 00:00,51.31,16.95,1.82,0.73
03-05-2018 00:00,04-05-2018 00:00,41.99,21.9,1.38,0.74
04-05-2018 00:00,05-05-2018 00:00,43.85,25.15,1.64,0.85
05-05-2018 00:00,06-05-2018 00:00,71.57,46.21,3.15,1.41
06-05-2018 00:00,07-05-2018 00:00,99.16,64.59,3.41,1.22
07-05-2018 00:00,08-05-2018 00:00,99.02,94.52,3.06,1.6
08-05-2018 00:00,09-05-2018 00:00,48.79,16.51,2.04,0.73
09-05-2018 00:00,10-05-2018 00:00,67.02,16.53,3.66,1.13
10-05-2018 00:00,11-05-2018 00:00,91.91,23.27,3.71,1.34
11-05-2018 00:00,12-05-2018 00:00,138.37,25.16,4.32,1.57
12-05-2018 00:00,13-05-2018 00:00,159.03,26.43,8.11,1.6
13-05-2018 00:00,14-05-2018 00:00,75.46,23.91,7.42,0.92
14-05-2018 00:00,15-05-2018 00:00,54.12,37.14,8.87,0.92
15-05-2018 00:00,16-05-2018 00:00,71.92,40.78,1.27,1.12
16-05-2018 00:00,17-05-2018 00:00,74.71,34.05,2.33,1.21
17-05-2018 00:00,18-05-2018 00:00,96.21,29.23,8.04,1.13
18-05-2018 00:00,19-05-2018 00:00,94.0,29.27,8.78,1.28
19-05-2018 00:00,20-05-2018 00:00,99.11,43.83,7.07,1.42
20-05-2018 00:00,21-05-2018 00:00,70.92,24.73,8.11,1.09
21-05-2018 00:00,22-05-2018 00:00,56.12,19.35,7.75,1.16
22-05-2018 00:00,23-05-2018 00:00,81.12,17.73,4.19,1.59
23-05-2018 00:00,24-05-2018 00:00,115.92,31.48,4.27,1.99
24-05-2018 00:00,25-05-2018 00:00,113.18,18.38,7.75,1.99
25-05-2018 00:00,26-05-2018 00:00,82.67,25.17,4.74,1.75
26-05-2018 00:00,27-05-2018 00:00,86.5,25.06,4.73,1.59
27-05-2018 00:00,28-05-2018 00:00,85.17,23.49,0.76,1.29
28-05-2018 00:00,29-05-2018 00:00,97.75,13.97,2.35,1.52
29-05-2018 00:00,30-05-2018 00:00,103.08,25.67,1.32,1.27
30-05-2018 00:00,31-05-2018 00:00,56.04,20.45,0.35,1.0
31-05-2018 00:00,01-06-2018 00:00,75.62,14.87,0.51,1.08
01-06-2018 00:00,02-06-2018 00:00,68.62,15.76,0.89,0.91
02-06-2018 00:00,03-06-2018 00:00,42.96,11.56,3.17,0.81
03-06-2018 00:00,04-06-2018 00:00,82.3,12.56,2.64,0.87
04-06-2018 00:00,05-06-2018 00:00,57.52,12.65,7.49,0.94
05-06-2018 00:00,06-06-2018 00:00,48.0,12.15,5.45,0.92
06-06-2018 00:00,07-06-2018 00:00,56.79,15.45,6.9,0.97
07-06-2018 00:00,08-06-2018 00:00,68.35,13.94,5.06,2.28
08-06-2018 00:00,09-06-2018 00:00,75.13,29.9,4.51,0.4
09-06-2018 00:00,10-06-2018 00:00,48.14,15.63,3.79,2.03
10-06-2018 00:00,11-06-2018 00:00,59.08,15.09,4.68,0.99
11-06-2018 00:00,12-06-2018 00:00,65.71,16.78,4.78,1.13
12-06-2018 00:00,13-06-2018 00:00,119.84,14.91,4.52,0.95
13-06-2018 00:00,14-06-2018 00:00,211.97,15.05,2.31,0.84
14-06-2018 00:00,15-06-2018 00:00,154.12,15.3,2.16,0.77
15-06-2018 00:00,16-06-2018 00:00,107.16,15.74,1.58,0.83
16-06-2018 00:00,17-06-2018 00:00,95.75,12.45,2.11,0.87
17-06-2018 00:00,18-06-2018 00:00,77.04,11.78,1.48,0.86
18-06-2018 00:00,19-06-2018 00:00,54.92,13.48,3.71,0.93
19-06-2018 00:00,20-06-2018 00:00,48.88,13.24,3.65,0.9
20-06-2018 00:00,21-06-2018 00:00,64.49,16.44,5.46,1.13
21-06-2018 00:00,22-06-2018 00:00,69.56,17.36,5.07,1.06
22-06-2018 00:00,23-06-2018 00:00,85.2,32.48,6.46,1.33
23-06-2018 00:00,24-06-2018 00:00,76.19,21.26,5.66,1.19
24-06-2018 00:00,25-06-2018 00:00,34.61,21.92,12.13,1.06
25-06-2018 00:00,26-06-2018 00:00,49.21333333333334,30.64,10.89,1.08
26-06-2018 00:00,27-06-2018 00:00,13.96,30.39,13.24,1.18
27-06-2018 00:00,28-06-2018 00:00,44.57,21.37,11.6,1.25
28-06-2018 00:00,29-06-2018 00:00,15.71,15.67,7.79,1.07
29-06-2018 00:00,30-06-2018 00:00,30.52,18.93,10.59,1.33
30-06-2018 00:00,01-07-2018 00:00,32.23,19.78,7.93,1.26
01-07-2018 00:00,02-07-2018 00:00,26.06,15.94,8.22,1.12
02-07-2018 00:00,03-07-2018 00:00,22.17,15.53,8.6,1.04
03-07-2018 00:00,04-07-2018 00:00,38.42,18.35,10.31,1.18
04-07-2018 00:00,05-07-2018 00:00,36.0,16.19,10.5,1.14
05-07-2018 00:00,06-07-2018 00:00,43.62,20.23,10.14,1.65
06-07-2018 00:00,07-07-2018 00:00,45.69,25.46,8.52,1.49
07-07-2018 00:00,08-07-2018 00:00,58.83,23.06,10.12,1.33
08-07-2018 00:00,09-07-2018 00:00,75.42,20.07,10.81,1.45
09-07-2018 00:00,10-07-2018 00:00,59.66,13.78,10.13,1.2
10-07-2018 00:00,11-07-2018 00:00,35.9,11.95,14.4,1.09
11-07-2018 00:00,12-07-2018 00:00,33.3,15.54,10.11,1.26
12-07-2018 00:00,13-07-2018 00:00,37.88,20.82,10.12,1.2
13-07-2018 00:00,14-07-2018 00:00,19.54,18.46,14.4,1.19
14-07-2018 00:00,15-07-2018 00:00,22.54,14.92,9.74,1.1
15-07-2018 00:00,16-07-2018 00:00,25.82,16.16,13.06,1.11
16-07-2018 00:00,17-07-2018 00:00,32.7,20.02,10.64,1.34
17-07-2018 00:00,18-07-2018 00:00,21.26,16.19,10.75,1.12
18-07-2018 00:00,19-07-2018 00:00,26.78,17.1,11.09,1.11
19-07-2018 00:00,20-07-2018 00:00,23.42,14.92,9.02,1.1
20-07-2018 00:00,21-07-2018 00:00,32.41,23.83,7.93,1.12
21-07-2018 00:00,22-07-2018 00:00,42.43,22.17,8.84,0.88
22-07-2018 00:00,23-07-2018 00:00,14.56,16.55,8.01,0.66
23-07-2018 00:00,24-07-2018 00:00,28.09,16.51,8.79,0.78
24-07-2018 00:00,25-07-2018 00:00,19.47,15.35,7.89,0.62
25-07-2018 00:00,26-07-2018 00:00,19.99,17.23,7.17,0.82
26-07-2018 00:00,27-07-2018 00:00,21.94,17.39,6.12,0.8
27-07-2018 00:00,28-07-2018 00:00,14.51,18.73,6.48,0.88
28-07-2018 00:00,29-07-2018 00:00,29.23,19.01,7.68,0.99
29-07-2018 00:00,30-07-2018 00:00,34.21,17.58,7.69,0.83
30-07-2018 00:00,31-07-2018 00:00,29.52,18.53,7.74,0.87
31-07-2018 00:00,01-08-2018 00:00,38.73,21.15,7.1,0.87
01-08-2018 00:00,02-08-2018 00:00,43.58,18.69,8.23,0.88
02-08-2018 00:00,03-08-2018 00:00,54.77,17.35,8.04,0.83
03-08-2018 00:00,04-08-2018 00:00,48.67,17.78,7.96,0.79
04-08-2018 00:00,05-08-2018 00:00,52.25,18.01,7.89,0.59
05-08-2018 00:00,06-08-2018 00:00,48.12,13.04,7.93,0.58
06-08-2018 00:00,07-08-2018 00:00,49.23,14.75,8.35,0.76
07-08-2018 00:00,08-08-2018 00:00,36.27,14.77,8.06,0.96
08-08-2018 00:00,09-08-2018 00:00,28.04,14.32,7.91,0.76
09-08-2018 00:00,10-08-2018 00:00,29.43,15.62,7.78,0.63
10-08-2018 00:00,11-08-2018 00:00,51.61,38.98,10.56,2.13
11-08-2018 00:00,12-08-2018 00:00,34.67,29.86,7.1,0.84
12-08-2018 00:00,13-08-2018 00:00,28.0,20.575,9.135,0.7
13-08-2018 00:00,14-08-2018 00:00,30.65,18.98,8.95,0.71
14-08-2018 00:00,15-08-2018 00:00,45.31,19.76,8.98,0.84
15-08-2018 00:00,16-08-2018 00:00,36.46,11.38,7.45,0.54
16-08-2018 00:00,17-08-2018 00:00,29.79,16.28,10.04,0.88
17-08-2018 00:00,18-08-2018 00:00,27.56,12.57,10.15,0.68
18-08-2018 00:00,19-08-2018 00:00,28.56,13.12,10.59,0.59
19-08-2018 00:00,20-08-2018 00:00,35.67,15.56,9.8,1.01
20-08-2018 00:00,21-08-2018 00:00,47.36,16.46,16.3,1.33
21-08-2018 00:00,22-08-2018 00:00,22.52,13.82,14.62,1.07
22-08-2018 00:00,23-08-2018 00:00,27.04,14.0,10.43,0.99
23-08-2018 00:00,24-08-2018 00:00,22.73,12.51,9.26,0.89
24-08-2018 00:00,25-08-2018 00:00,16.19,11.56,9.09,0.92
25-08-2018 00:00,26-08-2018 00:00,12.18,9.83,9.69,0.95
26-08-2018 00:00,27-08-2018 00:00,17.58,8.86,9.62,0.38
27-08-2018 00:00,28-08-2018 00:00,25.2,11.02,11.67,0.86
28-08-2018 00:00,29-08-2018 00:00,27.29,10.07,10.91,0.43
29-08-2018 00:00,30-08-2018 00:00,24.09,9.76,10.2,0.9
30-08-2018 00:00,31-08-2018 00:00,46.83,21.43,11.33,0.0
31-08-2018 00:00,01-09-2018 00:00,51.29,14.57,9.84,0.0
01-09-2018 00:00,02-09-2018 00:00,53.04,18.2,12.03,3.52
02-09-2018 00:00,03-09-2018 00:00,40.08,13.35,9.33,0.89
03-09-2018 00:00,04-09-2018 00:00,45.92,25.0,10.4,0.67
04-09-2018 00:00,05-09-2018 00:00,56.67,67.95,10.59,0.98
05-09-2018 00:00,06-09-2018 00:00,42.82,41.26,10.0,3.92
06-09-2018 00:00,07-09-2018 00:00,40.85,58.64,10.43,1.01
07-09-2018 00:00,08-09-2018 00:00,47.94,89.35,8.55,0.89
08-09-2018 00:00,09-09-2018 00:00,32.56,21.24,12.57,0.5
09-09-2018 00:00,10-09-2018 00:00,22.98,18.23,12.43,0.37
10-09-2018 00:00,11-09-2018 00:00,32.45,36.33,13.25,0.5
11-09-2018 00:00,12-09-2018 00:00,29.61,27.09,9.53,1.83
12-09-2018 00:00,13-09-2018 00:00,28.83,19.1,11.69,0.86
13-09-2018 00:00,14-09-2018 00:00,29.62,17.06,9.81,0.45
14-09-2018 00:00,15-09-2018 00:00,32.25,18.75,10.45,0.45
15-09-2018 00:00,16-09-2018 00:00,37.46,19.04,9.67,0.49
16-09-2018 00:00,17-09-2018 00:00,41.39,16.39,10.29,0.34
17-09-2018 00:00,18-09-2018 00:00,55.74,19.05,9.71,0.43
18-09-2018 00:00,19-09-2018 00:00,55.17,18.55,10.18,0.35
19-09-2018 00:00,20-09-2018 00:00,61.73,20.13,11.11,0.62
20-09-2018 00:00,21-09-2018 00:00,82.82,17.31,11.71,0.61
21-09-2018 00:00,22-09-2018 00:00,39.32,9.89,11.09,0.23
22-09-2018 00:00,23-09-2018 00:00,23.92,6.99,10.16,0.34
23-09-2018 00:00,24-09-2018 00:00,30.02,5.61,9.7,0.49
24-09-2018 00:00,25-09-2018 00:00,21.92,7.87,9.12,0.7
25-09-2018 00:00,26-09-2018 00:00,26.92,8.89,9.18,0.92
26-09-2018 00:00,27-09-2018 00:00,44.33,10.86,11.11,1.31
27-09-2018 00:00,28-09-2018 00:00,77.33,12.77,9.93,1.92
28-09-2018 00:00,29-09-2018 00:00,95.24,16.06,12.15,2.41
29-09-2018 00:00,30-09-2018 00:00,91.35,14.8,10.46,1.82
30-09-2018 00:00,01-10-2018 00:00,57.92,11.89,10.76,0.94
01-10-2018 00:00,02-10-2018 00:00,68.04,15.33,10.47,1.37
02-10-2018 00:00,03-10-2018 00:00,71.94,11.35,10.58,1.13
03-10-2018 00:00,04-10-2018 00:00,57.4,13.52,11.02,1.18
04-10-2018 00:00,05-10-2018 00:00,99.71,12.86,11.97,1.55
05-10-2018 00:00,06-10-2018 00:00,135.02,16.66,15.0,2.04
06-10-2018 00:00,07-10-2018 00:00,83.48,14.64,10.2,1.4
07-10-2018 00:00,08-10-2018 00:00,82.69,13.98,10.93,1.31
08-10-2018 00:00,09-10-2018 00:00,135.17,16.93,12.37,1.49
09-10-2018 00:00,10-10-2018 00:00,118.67,13.58,15.58,1.45
10-10-2018 00:00,11-10-2018 00:00,92.04,10.62,12.54,0.92
11-10-2018 00:00,12-10-2018 00:00,69.77,9.53,11.4,0.71
12-10-2018 00:00,13-10-2018 00:00,63.83,12.22,17.7,0.92
13-10-2018 00:00,14-10-2018 00:00,131.47,15.07,13.81,1.33
14-10-2018 00:00,15-10-2018 00:00,89.27,14.59,11.35,1.2
15-10-2018 00:00,16-10-2018 00:00,116.27,17.65,14.67,1.56
16-10-2018 00:00,17-10-2018 00:00,158.62,19.2,17.0,1.72
17-10-2018 00:00,18-10-2018 00:00,158.79,15.06,15.49,2.47
18-10-2018 00:00,19-10-2018 00:00,163.31,12.63,13.89,2.21
19-10-2018 00:00,20-10-2018 00:00,137.7,12.33,15.51,1.35
20-10-2018 00:00,21-10-2018 00:00,149.0,31.19,13.81,1.7
21-10-2018 00:00,22-10-2018 00:00,136.42,39.38,16.12,1.99
22-10-2018 00:00,23-10-2018 00:00,102.5,39.66,12.59,1.98
23-10-2018 00:00,24-10-2018 00:00,99.08,44.58,13.71,2.32
24-10-2018 00:00,25-10-2018 00:00,174.45,60.89,17.9,2.64
25-10-2018 00:00,26-10-2018 00:00,176.61,35.86,17.98,2.88
26-10-2018 00:00,27-10-2018 00:00,148.53,41.87,17.94,4.57
27-10-2018 00:00,28-10-2018 00:00,207.58,35.87,13.05,4.18
28-10-2018 00:00,29-10-2018 00:00,204.02,23.81,13.47,4.31
29-10-2018 00:00,30-10-2018 00:00,221.12,18.7,13.31,3.89
30-10-2018 00:00,31-10-2018 00:00,248.99,12.67,15.22,3.79
31-10-2018 00:00,01-11-2018 00:00,213.82,9.43,17.07,3.63
01-11-2018 00:00,02-11-2018 00:00,229.98,5.72,18.09,3.52
02-11-2018 00:00,03-11-2018 00:00,213.4,1.75,17.25,2.75
03-11-2018 00:00,04-11-2018 00:00,155.14,9.65,12.55,1.54
04-11-2018 00:00,05-11-2018 00:00,95.54,8.97,12.77,1.09
05-11-2018 00:00,06-11-2018 00:00,387.42,9.28,14.25,2.08
06-11-2018 00:00,07-11-2018 00:00,176.85,9.32,14.31,1.49
07-11-2018 00:00,08-11-2018 00:00,238.6,8.59,34.21,1.65
08-11-2018 00:00,09-11-2018 00:00,485.02,3.72,23.14,3.05
09-11-2018 00:00,10-11-2018 00:00,312.42,3.83,16.07,3.31
10-11-2018 00:00,11-11-2018 00:00,316.65,9.39,17.01,3.43
11-11-2018 00:00,12-11-2018 00:00,276.21,1.48,14.65,2.57
12-11-2018 00:00,13-11-2018 00:00,297.78,1.07,16.36,3.33
13-11-2018 00:00,14-11-2018 00:00,243.19,0.75,12.49,2.12
14-11-2018 00:00,15-11-2018 00:00,136.56,0.57,12.76,1.82
15-11-2018 00:00,16-11-2018 00:00,103.03,0.55,12.74,1.46
16-11-2018 00:00,17-11-2018 00:00,144.65,0.59,11.14,1.33
17-11-2018 00:00,18-11-2018 00:00,139.74,57.62,11.03,1.98
18-11-2018 00:00,19-11-2018 00:00,175.83,53.16,12.41,1.61
19-11-2018 00:00,20-11-2018 00:00,193.25,47.78,11.8,1.86
20-11-2018 00:00,21-11-2018 00:00,220.4,57.15,12.38,2.33
21-11-2018 00:00,22-11-2018 00:00,200.83,52.36,11.92,1.88
22-11-2018 00:00,23-11-2018 00:00,136.25,66.27,13.67,2.65
23-11-2018 00:00,24-11-2018 00:00,176.4,62.02,11.92,2.0
24-11-2018 00:00,25-11-2018 00:00,95.19,49.95,11.91,1.41
25-11-2018 00:00,26-11-2018 00:00,114.96,55.84,13.19,1.77
26-11-2018 00:00,27-11-2018 00:00,193.81,67.91,14.95,3.05
27-11-2018 00:00,28-11-2018 00:00,222.6,62.65,14.91,2.74
28-11-2018 00:00,29-11-2018 00:00,202.16,49.55,15.25,3.2
29-11-2018 00:00,30-11-2018 00:00,181.69,52.12,10.64,2.57
30-11-2018 00:00,01-12-2018 00:00,177.08,52.64,11.85,2.08
01-12-2018 00:00,02-12-2018 00:00,143.71,53.39,11.77,2.16
02-12-2018 00:00,03-12-2018 00:00,163.65,56.27,12.68,3.23
03-12-2018 00:00,04-12-2018 00:00,183.04,59.77,12.25,3.12
04-12-2018 00:00,05-12-2018 00:00,210.15,64.19,14.06,3.35
05-12-2018 00:00,06-12-2018 00:00,184.96,58.61,12.34,3.27
06-12-2018 00:00,07-12-2018 00:00,245.92,67.07,12.5,3.84
07-12-2018 00:00,08-12-2018 00:00,205.02,65.2,11.22,2.57
08-12-2018 00:00,09-12-2018 00:00,220.02,70.98,11.76,2.45
09-12-2018 00:00,10-12-2018 00:00,247.38,77.43,13.81,3.28
10-12-2018 00:00,11-12-2018 00:00,306.92,67.51,12.36,2.99
11-12-2018 00:00,12-12-2018 00:00,300.04,57.91,10.79,2.53
12-12-2018 00:00,13-12-2018 00:00,180.21,46.87,10.12,1.83
13-12-2018 00:00,14-12-2018 00:00,102.5,47.37,9.05,1.53
14-12-2018 00:00,15-12-2018 00:00,119.73,46.0,10.01,1.56
15-12-2018 00:00,16-12-2018 00:00,124.88,47.75,9.8,1.49
16-12-2018 00:00,17-12-2018 00:00,131.27,51.23,10.95,1.7
17-12-2018 00:00,18-12-2018 00:00,184.79,57.97,11.42,2.39
18-12-2018 00:00,19-12-2018 00:00,185.42,64.41,13.0,1.78
19-12-2018 00:00,20-12-2018 00:00,183.62,63.83,12.2,2.11
20-12-2018 00:00,21-12-2018 00:00,230.17,71.39,14.32,2.92
21-12-2018 00:00,22-12-2018 00:00,239.16,67.07,12.89,2.71
22-12-2018 00:00,23-12-2018 00:00,319.9,71.72,14.17,2.65
23-12-2018 00:00,24-12-2018 00:00,382.73,64.54,13.13,3.47
24-12-2018 00:00,25-12-2018 00:00,355.83,75.36,12.43,3.88
25-12-2018 00:00,26-12-2018 00:00,251.68,59.2,10.21,1.94
26-12-2018 00:00,27-12-2018 00:00,191.18,60.77,12.51,2.24
27-12-2018 00:00,28-12-2018 00:00,250.98,64.16,15.01,2.63
28-12-2018 00:00,29-12-2018 00:00,217.15,58.77,12.1,1.95
29-12-2018 00:00,30-12-2018 00:00,238.65,59.8,14.9,2.76
30-12-2018 00:00,31-12-2018 00:00,363.2,67.5,15.93,3.58
31-12-2018 00:00,01-01-2019 00:00,329.31,72.46,12.61,3.34
01-01-2019 00:00,02-01-2019 00:00,334.57,66.66,13.99,2.83
02-01-2019 00:00,03-01-2019 00:00,357.48,62.88,12.89,2.96
03-01-2019 00:00,04-01-2019 00:00,371.11,70.08,12.15,2.44
04-01-2019 00:00,05-01-2019 00:00,314.3,65.09,11.52,2.89
05-01-2019 00:00,06-01-2019 00:00,310.04,50.13,10.75,2.19
06-01-2019 00:00,07-01-2019 00:00,202.98,49.7,9.42,1.72
07-01-2019 00:00,08-01-2019 00:00,209.46,51.27,11.91,2.02
08-01-2019 00:00,09-01-2019 00:00,179.9,48.14,9.09,1.57
09-01-2019 00:00,10-01-2019 00:00,150.28,48.45,10.98,1.45
10-01-2019 00:00,11-01-2019 00:00,169.67,57.37,12.88,2.07
11-01-2019 00:00,12-01-2019 00:00,347.21,71.1,15.33,3.42
12-01-2019 00:00,13-01-2019 00:00,350.31,72.57,12.86,3.11
13-01-2019 00:00,14-01-2019 00:00,299.41,62.59,11.25,2.01
14-01-2019 00:00,15-01-2019 00:00,92.77,46.24,10.55,0.92
15-01-2019 00:00,16-01-2019 00:00,136.94,51.31,11.5,1.4
16-01-2019 00:00,17-01-2019 00:00,304.23,61.55,15.43,2.52
17-01-2019 00:00,18-01-2019 00:00,408.35,75.24,14.62,3.25
18-01-2019 00:00,19-01-2019 00:00,238.02,63.86,11.23,2.05
19-01-2019 00:00,20-01-2019 00:00,258.46,61.98,14.89,2.76
20-01-2019 00:00,21-01-2019 00:00,322.73,67.94,14.55,3.18
21-01-2019 00:00,22-01-2019 00:00,148.35,40.82,8.87,1.11
22-01-2019 00:00,23-01-2019 00:00,58.64,27.49,8.59,0.9
23-01-2019 00:00,24-01-2019 00:00,127.38,35.78,11.0,1.75
24-01-2019 00:00,25-01-2019 00:00,129.77,33.19,11.68,1.21
25-01-2019 00:00,26-01-2019 00:00,73.34,40.0,10.09,0.92
26-01-2019 00:00,27-01-2019 00:00,94.31,36.55,10.32,0.85
27-01-2019 00:00,28-01-2019 00:00,127.41,40.67,10.27,1.03
28-01-2019 00:00,29-01-2019 00:00,114.21,43.68,10.8,1.09
29-01-2019 00:00,30-01-2019 00:00,132.98,46.94,12.47,1.35
30-01-2019 00:00,31-01-2019 00:00,187.67,52.58,15.62,1.97
31-01-2019 00:00,01-02-2019 00:00,168.15,43.86,12.24,1.49
01-02-2019 00:00,02-02-2019 00:00,157.26,41.89,9.53,1.19
02-02-2019 00:00,03-02-2019 00:00,179.18,39.05,8.24,1.26
03-02-2019 00:00,04-02-2019 00:00,129.62,36.12,8.46,1.31
04-02-2019 00:00,05-02-2019 00:00,120.7,48.97,10.12,2.2
05-02-2019 00:00,06-02-2019 00:00,213.77,54.89,11.53,2.85
06-02-2019 00:00,07-02-2019 00:00,152.6,35.18,11.93,1.54
07-02-2019 00:00,08-02-2019 00:00,54.75,21.9,9.05,1.05
08-02-2019 00:00,09-02-2019 00:00,66.19,36.67,9.27,1.12
09-02-2019 00:00,10-02-2019 00:00,67.56,38.43,9.84,1.2
10-02-2019 00:00,11-02-2019 00:00,122.27,42.32,13.02,1.54
11-02-2019 00:00,12-02-2019 00:00,152.75,54.56,13.21,2.29
12-02-2019 00:00,13-02-2019 00:00,189.79,61.26,13.82,2.58
13-02-2019 00:00,14-02-2019 00:00,201.17,51.06,16.33,2.15
14-02-2019 00:00,15-02-2019 00:00,128.31,38.33,10.37,1.26
15-02-2019 00:00,16-02-2019 00:00,96.4,38.59,9.86,1.31
16-02-2019 00:00,17-02-2019 00:00,101.49,29.41,8.51,1.17
17-02-2019 00:00,18-02-2019 00:00,93.4,28.57,9.12,1.17
18-02-2019 00:00,19-02-2019 00:00,104.04,32.87,8.97,1.33
19-02-2019 00:00,20-02-2019 00:00,119.17,33.49,10.04,1.56
20-02-2019 00:00,21-02-2019 00:00,83.58,30.18,10.49,1.28
21-02-2019 00:00,22-02-2019 00:00,83.77,34.59,14.39,1.62
22-02-2019 00:00,23-02-2019 00:00,68.3,32.1,9.26,1.0
23-02-2019 00:00,24-02-2019 00:00,51.65,35.94,11.41,0.95
24-02-2019 00:00,25-02-2019 00:00,91.0,43.23,12.53,1.09
25-02-2019 00:00,26-02-2019 00:00,95.71,44.23,13.13,1.17
26-02-2019 00:00,27-02-2019 00:00,57.6,37.39,13.64,0.93
27-02-2019 00:00,28-02-2019 00:00,54.45,35.59,10.6,1.08
28-02-2019 00:00,01-03-2019 00:00,95.0,39.98,11.77,1.39
01-03-2019 00:00,02-03-2019 00:00,90.26,42.44,12.68,1.35
02-03-2019 00:00,03-03-2019 00:00,105.84,46.63,11.7,1.45
03-03-2019 00:00,04-03-2019 00:00,68.23,29.23,8.89,1.25
04-03-2019 00:00,05-03-2019 00:00,105.5,34.56,9.95,1.73
05-03-2019 00:00,06-03-2019 00:00,72.12,36.86,9.76,1.27
06-03-2019 00:00,07-03-2019 00:00,77.25,44.35,9.48,1.43
07-03-2019 00:00,08-03-2019 00:00,100.08,52.71,11.66,1.65
08-03-2019 00:00,09-03-2019 00:00,90.15,51.5,13.73,1.46
09-03-2019 00:00,10-03-2019 00:00,65.6,45.53,13.7,1.03
10-03-2019 00:00,11-03-2019 00:00,73.2,46.97,12.98,1.12
11-03-2019 00:00,12-03-2019 00:00,77.96,43.12,11.17,1.33
12-03-2019 00:00,13-03-2019 00:00,52.67,37.86,9.96,0.94
13-03-2019 00:00,14-03-2019 00:00,98.02,61.89,17.48,1.68
14-03-2019 00:00,15-03-2019 00:00,118.73,47.35,13.81,1.6
15-03-2019 00:00,16-03-2019 00:00,74.66,40.57,13.24,1.13
16-03-2019 00:00,17-03-2019 00:00,64.61,46.43,11.66,1.1
17-03-2019 00:00,18-03-2019 00:00,85.61,46.98,14.97,1.18
18-03-2019 00:00,19-03-2019 00:00,96.91,51.21,15.81,1.34
19-03-2019 00:00,20-03-2019 00:00,98.67,50.29,15.91,1.4
20-03-2019 00:00,21-03-2019 00:00,88.77,43.66,14.79,1.2
21-03-2019 00:00,22-03-2019 00:00,117.04,31.15,16.14,1.31
22-03-2019 00:00,23-03-2019 00:00,31.96,36.08,11.55,0.8
23-03-2019 00:00,24-03-2019 00:00,45.03,36.82,11.21,0.87
24-03-2019 00:00,25-03-2019 00:00,49.92,33.0,15.55,0.84
25-03-2019 00:00,26-03-2019 00:00,61.19,36.49,16.23,0.98
26-03-2019 00:00,27-03-2019 00:00,63.23,42.83,13.43,1.09
27-03-2019 00:00,28-03-2019 00:00,67.66,52.16,13.36,1.46
28-03-2019 00:00,29-03-2019 00:00,94.29,57.54,16.16,1.94
29-03-2019 00:00,30-03-2019 00:00,121.31,52.79,14.16,2.0
30-03-2019 00:00,31-03-2019 00:00,97.25,44.86,17.52,1.69
31-03-2019 00:00,01-04-2019 00:00,47.31,39.44,13.46,0.98
01-04-2019 00:00,02-04-2019 00:00,52.75,45.97,15.46,0.91
02-04-2019 00:00,03-04-2019 00:00,84.81,59.8,17.62,1.26
03-04-2019 00:00,04-04-2019 00:00,83.35,59.66,15.19,1.68
04-04-2019 00:00,05-04-2019 00:00,128.48,64.8,25.78,2.03
05-04-2019 00:00,06-04-2019 00:00,176.82,59.86,21.08,3.51
06-04-2019 00:00,07-04-2019 00:00,88.6,42.84,19.96,2.15
07-04-2019 00:00,08-04-2019 00:00,120.6,30.23,12.14,2.08
08-04-2019 00:00,09-04-2019 00:00,73.46,34.26,13.4,1.67
09-04-2019 00:00,10-04-2019 00:00,78.15,40.41,18.24,0.84
10-04-2019 00:00,11-04-2019 00:00,91.47,51.25,15.64,1.6
11-04-2019 00:00,12-04-2019 00:00,69.29,44.97,16.7,1.09
12-04-2019 00:00,13-04-2019 00:00,57.05,38.61,17.12,1.45
13-04-2019 00:00,14-04-2019 00:00,46.52,35.32,16.63,0.8
14-04-2019 00:00,15-04-2019 00:00,42.96,36.58,15.63,0.71
15-04-2019 00:00,16-04-2019 00:00,43.38,41.5,15.86,1.15
16-04-2019 00:00,17-04-2019 00:00,44.79,24.75,9.96,0.68
17-04-2019 00:00,18-04-2019 00:00,20.29,22.41,10.46,0.72
18-04-2019 00:00,19-04-2019 00:00,32.77,31.24,13.52,0.8
19-04-2019 00:00,20-04-2019 00:00,64.12,38.1,14.96,0.86
20-04-2019 00:00,21-04-2019 00:00,83.29,46.51,18.94,1.14
21-04-2019 00:00,22-04-2019 00:00,77.25,46.05,14.6,1.1
22-04-2019 00:00,23-04-2019 00:00,98.85,52.24,20.77,1.37
23-04-2019 00:00,24-04-2019 00:00,97.54,52.39,17.29,1.26
24-04-2019 00:00,25-04-2019 00:00,73.96,40.68,16.46,0.98
25-04-2019 00:00,26-04-2019 00:00,73.21,32.13,16.35,0.86
26-04-2019 00:00,27-04-2019 00:00,68.54,47.18,22.72,1.49
27-04-2019 00:00,28-04-2019 00:00,57.23,43.98,15.97,1.21
28-04-2019 00:00,29-04-2019 00:00,59.69,40.88,15.75,1.25
29-04-2019 00:00,30-04-2019 00:00,71.33,55.45,18.76,1.83
30-04-2019 00:00,01-05-2019 00:00,85.57,54.0,19.84,1.5
01-05-2019 00:00,02-05-2019 00:00,112.78,58.4,27.02,1.84
02-05-2019 00:00,03-05-2019 00:00,67.52,32.92,16.96,1.15
03-05-2019 00:00,04-05-2019 00:00,38.31,34.19,15.33,1.26
04-05-2019 00:00,05-05-2019 00:00,82.78,47.51,17.19,1.38
05-05-2019 00:00,06-05-2019 00:00,54.59,48.59,13.18,1.96
06-05-2019 00:00,07-05-2019 00:00,94.83,62.7,15.49,2.37
07-05-2019 00:00,08-05-2019 00:00,105.79,55.31,14.86,2.63
08-05-2019 00:00,09-05-2019 00:00,106.06,50.73,13.29,2.12
09-05-2019 00:00,10-05-2019 00:00,98.9,49.18,12.13,1.61
10-05-2019 00:00,11-05-2019 00:00,59.12,38.89,11.71,1.11
11-05-2019 00:00,12-05-2019 00:00,101.68,48.28,17.69,1.4
12-05-2019 00:00,13-05-2019 00:00,144.85,43.92,14.81,1.55
13-05-2019 00:00,14-05-2019 00:00,147.49,45.02,22.0,1.55
14-05-2019 00:00,15-05-2019 00:00,43.66,39.42,13.05,1.27
15-05-2019 00:00,16-05-2019 00:00,76.19,47.67,14.03,1.53
16-05-2019 00:00,17-05-2019 00:00,66.69,47.05,11.96,1.57
17-05-2019 00:00,18-05-2019 00:00,65.06,36.82,11.68,1.2
18-05-2019 00:00,19-05-2019 00:00,37.02,38.74,8.68,1.15
19-05-2019 00:00,20-05-2019 00:00,70.33,46.35,11.83,1.38
20-05-2019 00:00,21-05-2019 00:00,75.6,57.21,14.58,1.56
21-05-2019 00:00,22-05-2019 00:00,66.6,45.56,16.59,1.29
22-05-2019 00:00,23-05-2019 00:00,52.79,54.95,11.77,1.86
23-05-2019 00:00,24-05-2019 00:00,73.92,47.89,17.85,1.58
24-05-2019 00:00,25-05-2019 00:00,51.08,37.28,10.14,1.5
25-05-2019 00:00,26-05-2019 00:00,32.57,36.52,11.66,1.21
26-05-2019 00:00,27-05-2019 00:00,48.67,35.68,14.87,1.14
27-05-2019 00:00,28-05-2019 00:00,30.7,56.11,9.66,1.5
28-05-2019 00:00,29-05-2019 00:00,36.53,62.59,15.38,1.91
29-05-2019 00:00,30-05-2019 00:00,56.04,60.83,16.96,2.19
30-05-2019 00:00,31-05-2019 00:00,69.29,65.38,13.15,2.18
31-05-2019 00:00,01-06-2019 00:00,67.27,52.59,15.12,2.05
01-06-2019 00:00,02-06-2019 00:00,76.68,37.99,16.83,1.46
02-06-2019 00:00,03-06-2019 00:00,57.75,19.28,13.83,1.22
03-06-2019 00:00,04-06-2019 00:00,50.62,18.85,11.57,1.14
04-06-2019 00:00,05-06-2019 00:00,43.98,23.24,11.77,1.23
05-06-2019 00:00,06-06-2019 00:00,61.42,29.37,14.75,1.36
06-06-2019 00:00,07-06-2019 00:00,57.43,29.31,18.22,1.19
07-06-2019 00:00,08-06-2019 00:00,49.94,26.61,15.12,1.26
08-06-2019 00:00,09-06-2019 00:00,71.62,45.56,16.03,1.93
09-06-2019 00:00,10-06-2019 00:00,84.67,52.33,20.02,2.19
10-06-2019 00:00,11-06-2019 00:00,56.76,55.77,17.84,1.96
11-06-2019 00:00,12-06-2019 00:00,95.21,46.77,13.66,1.48
12-06-2019 00:00,13-06-2019 00:00,44.76,22.58,14.29,1.02
13-06-2019 00:00,14-06-2019 00:00,43.35,34.21,13.4,1.21
14-06-2019 00:00,15-06-2019 00:00,40.25,41.11,13.54,1.61
15-06-2019 00:00,16-06-2019 00:00,60.0,47.24,14.79,1.37
16-06-2019 00:00,17-06-2019 00:00,29.35,19.77,10.69,0.94
17-06-2019 00:00,18-06-2019 00:00,28.25,28.92,11.19,1.1
18-06-2019 00:00,19-06-2019 00:00,22.44,34.64,10.26,1.23
19-06-2019 00:00,20-06-2019 00:00,74.75,33.43,18.0,1.34
20-06-2019 00:00,21-06-2019 00:00,41.52,23.67,13.04,1.15
21-06-2019 00:00,22-06-2019 00:00,63.94,42.51,13.22,1.67
22-06-2019 00:00,23-06-2019 00:00,49.92,36.3,16.11,1.19
23-06-2019 00:00,24-06-2019 00:00,27.04,11.84,10.32,1.03
24-06-2019 00:00,25-06-2019 00:00,16.69,12.94,8.66,1.04
25-06-2019 00:00,26-06-2019 00:00,40.35,22.26,11.09,1.3
26-06-2019 00:00,27-06-2019 00:00,54.04,35.71,11.57,1.34
27-06-2019 00:00,28-06-2019 00:00,54.69,40.06,12.13,1.52
28-06-2019 00:00,29-06-2019 00:00,47.12,36.57,13.98,1.3
29-06-2019 00:00,30-06-2019 00:00,47.06,36.01,12.06,1.2
30-06-2019 00:00,01-07-2019 00:00,57.193333333333335,25.45,12.2,0.95
01-07-2019 00:00,02-07-2019 00:00,50.71,26.88,13.6,0.83
02-07-2019 00:00,03-07-2019 00:00,67.9,22.15,15.32,0.92
03-07-2019 00:00,04-07-2019 00:00,31.29,17.33,12.33,0.85
04-07-2019 00:00,05-07-2019 00:00,35.49,29.38,10.46,1.2
05-07-2019 00:00,06-07-2019 00:00,42.1,30.95,10.87,1.25
06-07-2019 00:00,07-07-2019 00:00,31.19,20.99,9.89,0.94
07-07-2019 00:00,08-07-2019 00:00,38.1,29.28,10.05,1.19
08-07-2019 00:00,09-07-2019 00:00,49.42,29.77,10.35,1.08
09-07-2019 00:00,10-07-2019 00:00,41.93,28.16,10.84,0.98
10-07-2019 00:00,11-07-2019 00:00,66.23,27.88,9.85,1.18
11-07-2019 00:00,12-07-2019 00:00,68.08,23.1,9.85,0.88
12-07-2019 00:00,13-07-2019 00:00,66.4,24.96,10.64,0.99
13-07-2019 00:00,14-07-2019 00:00,60.69,24.11,8.49,0.85
14-07-2019 00:00,15-07-2019 00:00,58.32,19.41,9.84,0.76
15-07-2019 00:00,16-07-2019 00:00,33.29,23.25,10.17,0.99
16-07-2019 00:00,17-07-2019 00:00,28.56,20.49,10.31,0.84
17-07-2019 00:00,18-07-2019 00:00,32.21,29.15,9.65,1.03
18-07-2019 00:00,19-07-2019 00:00,36.06,32.57,9.98,1.36
19-07-2019 00:00,20-07-2019 00:00,59.98,28.28,8.51,1.24
20-07-2019 00:00,21-07-2019 00:00,45.23,32.73,9.77,1.22
21-07-2019 00:00,22-07-2019 00:00,42.77,23.16,9.76,1.28
22-07-2019 00:00,23-07-2019 00:00,54.52,27.51,9.56,1.39
23-07-2019 00:00,24-07-2019 00:00,63.21,35.17,9.77,1.49
24-07-2019 00:00,25-07-2019 00:00,58.35,32.13,9.73,1.18
25-07-2019 00:00,26-07-2019 00:00,22.92,28.52,9.14,1.12
26-07-2019 00:00,27-07-2019 00:00,25.09,21.88,8.83,1.01
27-07-2019 00:00,28-07-2019 00:00,21.37,17.73,9.32,0.94
28-07-2019 00:00,29-07-2019 00:00,17.17,11.92,9.05,0.78
29-07-2019 00:00,30-07-2019 00:00,18.02,14.86,7.65,0.83
30-07-2019 00:00,31-07-2019 00:00,25.06,18.74,9.45,0.9
31-07-2019 00:00,01-08-2019 00:00,24.27,16.68,9.16,0.87
01-08-2019 00:00,02-08-2019 00:00,28.94,17.76,7.96,0.88
02-08-2019 00:00,03-08-2019 00:00,33.44,22.72,9.78,1.04
03-08-2019 00:00,04-08-2019 00:00,35.08,20.64,8.84,1.03
04-08-2019 00:00,05-08-2019 00:00,39.25,21.21,8.82,1.15
05-08-2019 00:00,06-08-2019 00:00,49.98,23.04,8.6,1.25
06-08-2019 00:00,07-08-2019 00:00,28.44,24.51,7.99,1.19
07-08-2019 00:00,08-08-2019 00:00,28.11,22.75,9.07,1.25
08-08-2019 00:00,09-08-2019 00:00,15.78,17.4,10.43,0.91
09-08-2019 00:00,10-08-2019 00:00,10.46,12.31,9.82,0.75
10-08-2019 00:00,11-08-2019 00:00,13.24,13.15,7.33,0.78
11-08-2019 00:00,12-08-2019 00:00,19.78,15.73,8.62,0.86
12-08-2019 00:00,13-08-2019 00:00,19.24,23.84,7.62,1.2
13-08-2019 00:00,14-08-2019 00:00,15.88,20.72,7.69,1.03
14-08-2019 00:00,15-08-2019 00:00,33.02,30.52,8.85,1.57
15-08-2019 00:00,16-08-2019 00:00,27.02,17.0,7.31,1.11
16-08-2019 00:00,17-08-2019 00:00,11.9,11.78,7.57,0.8
17-08-2019 00:00,18-08-2019 00:00,8.15,11.03,7.33,0.77
18-08-2019 00:00,19-08-2019 00:00,16.12,19.02,6.69,1.06
19-08-2019 00:00,20-08-2019 00:00,38.27,27.15,8.45,1.36
20-08-2019 00:00,21-08-2019 00:00,42.21,29.47,7.35,1.36
21-08-2019 00:00,22-08-2019 00:00,41.38,32.1,6.56,1.28
22-08-2019 00:00,23-08-2019 00:00,41.46,32.61,7.23,1.55
23-08-2019 00:00,24-08-2019 00:00,51.18,30.11,9.46,1.67
24-08-2019 00:00,25-08-2019 00:00,210.0,30.63,8.3,1.42
25-08-2019 00:00,26-08-2019 00:00,33.298,16.68,8.27,0.87
26-08-2019 00:00,27-08-2019 00:00,22.68,17.49,9.39,0.95
27-08-2019 00:00,28-08-2019 00:00,34.62,21.88,9.59,1.06
28-08-2019 00:00,29-08-2019 00:00,33.33,21.69,8.17,1.0
29-08-2019 00:00,30-08-2019 00:00,32.0,20.75,7.58,0.99
30-08-2019 00:00,31-08-2019 00:00,33.47,22.51,8.5,1.09
31-08-2019 00:00,01-09-2019 00:00,50.55,38.33,8.02,1.49
01-09-2019 00:00,02-09-2019 00:00,25.46,18.84,7.53,0.96
02-09-2019 00:00,03-09-2019 00:00,49.49,27.61,8.69,1.22
03-09-2019 00:00,04-09-2019 00:00,81.59,34.48,9.09,1.8
04-09-2019 00:00,05-09-2019 00:00,56.58,24.25,7.25,1.48
05-09-2019 00:00,06-09-2019 00:00,26.19,15.71,9.0,1.0
06-09-2019 00:00,07-09-2019 00:00,28.23,17.12,8.89,1.07
07-09-2019 00:00,08-09-2019 00:00,29.27,17.24,6.35,0.99
08-09-2019 00:00,09-09-2019 00:00,31.69,16.23,8.72,0.96
09-09-2019 00:00,10-09-2019 00:00,53.73,22.78,8.4,1.08
10-09-2019 00:00,11-09-2019 00:00,75.21,31.39,9.76,1.48
11-09-2019 00:00,12-09-2019 00:00,76.88,30.79,8.81,1.53
12-09-2019 00:00,13-09-2019 00:00,52.54,20.45,9.74,1.16
13-09-2019 00:00,14-09-2019 00:00,27.56,15.12,8.52,0.99
14-09-2019 00:00,15-09-2019 00:00,25.42,10.89,9.35,0.88
15-09-2019 00:00,16-09-2019 00:00,33.33,15.59,8.46,1.12
16-09-2019 00:00,17-09-2019 00:00,61.33,24.35,9.74,1.33
17-09-2019 00:00,18-09-2019 00:00,59.79,27.12,10.55,1.3
18-09-2019 00:00,19-09-2019 00:00,32.6,15.14,10.08,1.01
19-09-2019 00:00,20-09-2019 00:00,18.25,11.7,10.59,0.85
20-09-2019 00:00,21-09-2019 00:00,36.91,18.26,10.55,1.13
21-09-2019 00:00,22-09-2019 00:00,39.24,17.21,11.12,1.19
22-09-2019 00:00,23-09-2019 00:00,23.4,14.88,10.07,0.97
23-09-2019 00:00,24-09-2019 00:00,24.98,18.36,11.1,1.06
24-09-2019 00:00,25-09-2019 00:00,39.51,22.36,11.1,1.14
25-09-2019 00:00,26-09-2019 00:00,27.74,17.64,11.37,0.98
26-09-2019 00:00,27-09-2019 00:00,19.17,13.79,11.58,0.9
27-09-2019 00:00,28-09-2019 00:00,12.17,13.17,10.75,0.93
28-09-2019 00:00,29-09-2019 00:00,15.25,11.97,10.54,0.86
29-09-2019 00:00,30-09-2019 00:00,12.12,10.53,8.98,0.82
30-09-2019 00:00,01-10-2019 00:00,26.94,15.7,10.99,1.02
01-10-2019 00:00,02-10-2019 00:00,30.65,15.58,11.1,1.1
02-10-2019 00:00,03-10-2019 00:00,41.18,18.29,10.6,1.15
03-10-2019 00:00,04-10-2019 00:00,55.04,25.2,9.72,1.39
04-10-2019 00:00,05-10-2019 00:00,43.53,29.22,11.49,1.21
05-10-2019 00:00,06-10-2019 00:00,35.97,30.9,10.48,1.3
06-10-2019 00:00,07-10-2019 00:00,56.89,32.88,11.33,1.21
07-10-2019 00:00,08-10-2019 00:00,54.53,33.18,10.72,1.15
08-10-2019 00:00,09-10-2019 00:00,40.43,29.95,10.8,1.13
09-10-2019 00:00,10-10-2019 00:00,75.86,34.44,12.33,1.56
10-10-2019 00:00,11-10-2019 00:00,93.57,43.39,15.75,1.58
11-10-2019 00:00,12-10-2019 00:00,96.54,47.44,12.75,1.7
12-10-2019 00:00,13-10-2019 00:00,99.93,42.03,12.99,1.9
13-10-2019 00:00,14-10-2019 00:00,121.1,44.87,13.03,2.18
14-10-2019 00:00,15-10-2019 00:00,110.1,44.36,13.33,2.17
15-10-2019 00:00,16-10-2019 00:00,149.81,44.56,14.38,2.34
16-10-2019 00:00,17-10-2019 00:00,143.08,36.91,13.7,1.71
17-10-2019 00:00,18-10-2019 00:00,116.46,33.31,13.21,1.45
18-10-2019 00:00,19-10-2019 00:00,86.02,31.01,11.43,1.3
19-10-2019 00:00,20-10-2019 00:00,84.75,53.74,15.62,1.76
20-10-2019 00:00,21-10-2019 00:00,96.94,45.83,13.35,1.7
21-10-2019 00:00,22-10-2019 00:00,113.54,57.44,13.03,1.73
22-10-2019 00:00,23-10-2019 00:00,89.02,51.42,11.27,2.25
23-10-2019 00:00,24-10-2019 00:00,116.92,63.74,17.69,3.98
24-10-2019 00:00,25-10-2019 00:00,181.16,62.27,17.01,3.72
25-10-2019 00:00,26-10-2019 00:00,121.94,45.66,14.64,3.33
26-10-2019 00:00,27-10-2019 00:00,164.91,52.56,14.21,2.06
27-10-2019 00:00,28-10-2019 00:00,205.6,48.38,18.0,1.4
28-10-2019 00:00,29-10-2019 00:00,275.45,49.92,20.31,1.5
29-10-2019 00:00,30-10-2019 00:00,286.23,61.99,15.54,2.22
30-10-2019 00:00,31-10-2019 00:00,276.17,60.11,13.51,2.61
31-10-2019 00:00,01-11-2019 00:00,296.63,70.67,15.2,2.93
01-11-2019 00:00,02-11-2019 00:00,403.62,71.43,17.18,2.52
02-11-2019 00:00,03-11-2019 00:00,320.09,54.68,15.85,1.84
03-11-2019 00:00,04-11-2019 00:00,543.83,44.7,13.05,2.15
04-11-2019 00:00,05-11-2019 00:00,249.22,45.19,14.5,1.45
05-11-2019 00:00,06-11-2019 00:00,171.65,42.45,16.3,1.29
06-11-2019 00:00,07-11-2019 00:00,100.44,46.66,15.04,1.32
07-11-2019 00:00,08-11-2019 00:00,205.29,49.69,15.31,1.5
08-11-2019 00:00,09-11-2019 00:00,161.67,58.03,15.36,1.97
09-11-2019 00:00,10-11-2019 00:00,135.59,48.48,14.96,1.55
10-11-2019 00:00,11-11-2019 00:00,192.76,53.82,18.72,1.7
11-11-2019 00:00,12-11-2019 00:00,286.41,74.39,20.41,2.33
12-11-2019 00:00,13-11-2019 00:00,403.7,79.76,17.99,2.95
13-11-2019 00:00,14-11-2019 00:00,388.68,98.49,18.03,1.59
14-11-2019 00:00,15-11-2019 00:00,395.48,101.47,18.14,2.59
15-11-2019 00:00,16-11-2019 00:00,418.62,73.64,16.15,2.3
16-11-2019 00:00,17-11-2019 00:00,165.81,53.61,15.06,1.22
17-11-2019 00:00,18-11-2019 00:00,96.85,41.73,11.8,1.04
18-11-2019 00:00,19-11-2019 00:00,95.73,46.63,12.9,1.44
19-11-2019 00:00,20-11-2019 00:00,128.48,54.61,12.56,1.55
20-11-2019 00:00,21-11-2019 00:00,161.29,78.95,15.33,2.6
21-11-2019 00:00,22-11-2019 00:00,243.33,100.18,19.49,4.36
22-11-2019 00:00,23-11-2019 00:00,212.77,88.96,16.8,2.8
23-11-2019 00:00,24-11-2019 00:00,128.69,62.62,13.18,1.27
24-11-2019 00:00,25-11-2019 00:00,107.27,55.25,14.4,1.01
25-11-2019 00:00,26-11-2019 00:00,126.6,62.15,17.49,1.73
26-11-2019 00:00,27-11-2019 00:00,112.71,41.4,19.72,1.34
27-11-2019 00:00,28-11-2019 00:00,68.17,34.28,15.52,0.93
28-11-2019 00:00,29-11-2019 00:00,31.6,24.12,12.49,0.5
29-11-2019 00:00,30-11-2019 00:00,57.56,35.86,16.38,1.06
30-11-2019 00:00,01-12-2019 00:00,97.25,40.83,11.66,1.34
01-12-2019 00:00,02-12-2019 00:00,122.98,41.03,12.05,1.17
02-12-2019 00:00,03-12-2019 00:00,126.1,52.24,13.42,1.83
03-12-2019 00:00,04-12-2019 00:00,122.04,53.4,12.81,1.27
04-12-2019 00:00,05-12-2019 00:00,171.83,68.28,16.07,2.43
05-12-2019 00:00,06-12-2019 00:00,286.04,92.53,16.02,3.92
06-12-2019 00:00,07-12-2019 00:00,254.4,68.42,15.48,2.26
07-12-2019 00:00,08-12-2019 00:00,261.35,59.34,16.85,3.21
08-12-2019 00:00,09-12-2019 00:00,243.65,59.16,14.49,2.85
09-12-2019 00:00,10-12-2019 00:00,211.32,66.78,14.58,3.24
10-12-2019 00:00,11-12-2019 00:00,242.02,65.2,14.36,2.86
11-12-2019 00:00,12-12-2019 00:00,323.5,66.17,13.36,3.56
12-12-2019 00:00,13-12-2019 00:00,273.31,45.84,10.43,1.66
13-12-2019 00:00,14-12-2019 00:00,100.13,36.06,7.92,0.7
14-12-2019 00:00,15-12-2019 00:00,83.03,38.92,11.29,3.6
15-12-2019 00:00,16-12-2019 00:00,103.25,35.91,11.45,1.35
16-12-2019 00:00,17-12-2019 00:00,106.25,30.61,9.64,0.97
17-12-2019 00:00,18-12-2019 00:00,112.69,31.18,11.31,1.01
18-12-2019 00:00,19-12-2019 00:00,176.46,43.48,9.46,1.45
19-12-2019 00:00,20-12-2019 00:00,300.8,38.45,12.91,1.98
20-12-2019 00:00,21-12-2019 00:00,374.77,51.69,13.02,2.25
21-12-2019 00:00,22-12-2019 00:00,285.71,42.34,13.18,2.21
22-12-2019 00:00,23-12-2019 00:00,162.15,30.51,10.77,1.43
23-12-2019 00:00,24-12-2019 00:00,198.84,37.65,13.23,1.86
24-12-2019 00:00,25-12-2019 00:00,307.83,44.33,12.41,2.01
25-12-2019 00:00,26-12-2019 00:00,195.81,29.13,12.13,1.44
26-12-2019 00:00,27-12-2019 00:00,230.96,35.15,10.17,1.51
27-12-2019 00:00,28-12-2019 00:00,288.21,48.29,12.51,1.76
28-12-2019 00:00,29-12-2019 00:00,391.74,47.75,12.91,2.5
29-12-2019 00:00,30-12-2019 00:00,427.1,52.1,13.48,2.19
30-12-2019 00:00,31-12-2019 00:00,378.48,37.99,12.95,2.56
31-12-2019 00:00,01-01-2020 00:00,310.73,35.78,15.73,2.0
01-01-2020 00:00,02-01-2020 00:00,475.22,52.48,19.75,4.06
02-01-2020 00:00,03-01-2020 00:00,368.88,56.61,22.18,4.38
03-01-2020 00:00,04-01-2020 00:00,231.83,51.73,18.69,3.11
04-01-2020 00:00,05-01-2020 00:00,219.62,70.68,15.91,2.81
05-01-2020 00:00,06-01-2020 00:00,175.46,60.27,15.58,1.68
06-01-2020 00:00,07-01-2020 00:00,155.27,56.7,17.27,1.77
07-01-2020 00:00,08-01-2020 00:00,122.26,38.7,14.03,1.32
08-01-2020 00:00,09-01-2020 00:00,134.71,35.17,12.77,1.57
09-01-2020 00:00,10-01-2020 00:00,105.41,36.81,11.55,2.0
10-01-2020 00:00,11-01-2020 00:00,150.22,53.76,13.24,1.38
11-01-2020 00:00,12-01-2020 00:00,160.55,60.02,16.96,2.5
12-01-2020 00:00,13-01-2020 00:00,253.17,64.31,17.36,2.95
13-01-2020 00:00,14-01-2020 00:00,248.04,51.03,16.12,2.25
14-01-2020 00:00,15-01-2020 00:00,135.44,42.72,12.23,1.39
15-01-2020 00:00,16-01-2020 00:00,122.08,50.64,14.64,1.58
16-01-2020 00:00,17-01-2020 00:00,144.92,48.32,14.56,1.68
17-01-2020 00:00,18-01-2020 00:00,93.75,38.14,12.3,1.64
18-01-2020 00:00,19-01-2020 00:00,147.79,47.94,12.77,1.92
19-01-2020 00:00,20-01-2020 00:00,147.17,36.8,11.56,1.44
20-01-2020 00:00,21-01-2020 00:00,157.34,41.81,13.01,1.95
21-01-2020 00:00,22-01-2020 00:00,237.19,37.92,13.59,2.07
22-01-2020 00:00,23-01-2020 00:00,219.83,48.57,13.94,2.47
23-01-2020 00:00,24-01-2020 00:00,74.44,40.14,12.3,1.15
24-01-2020 00:00,25-01-2020 00:00,78.02,43.39,14.66,1.41
25-01-2020 00:00,26-01-2020 00:00,136.12,56.67,17.62,2.14
26-01-2020 00:00,27-01-2020 00:00,203.35,49.03,16.66,2.76
27-01-2020 00:00,28-01-2020 00:00,223.54,56.11,22.2,2.32
28-01-2020 00:00,29-01-2020 00:00,118.62,31.48,14.66,1.3
29-01-2020 00:00,30-01-2020 00:00,84.45,46.14,15.51,1.91
30-01-2020 00:00,31-01-2020 00:00,94.58,42.72,13.47,1.53
31-01-2020 00:00,01-02-2020 00:00,92.46,44.5,14.69,1.4
01-02-2020 00:00,02-02-2020 00:00,117.69,48.89,13.23,1.56
02-02-2020 00:00,03-02-2020 00:00,131.25,49.14,13.66,1.5
03-02-2020 00:00,04-02-2020 00:00,143.27,55.18,16.63,1.9
04-02-2020 00:00,05-02-2020 00:00,218.35,60.12,20.55,2.62
05-02-2020 00:00,06-02-2020 00:00,148.08,56.26,16.18,1.82
06-02-2020 00:00,07-02-2020 00:00,133.21,49.93,14.13,1.5
07-02-2020 00:00,08-02-2020 00:00,193.31,62.62,19.61,2.02
08-02-2020 00:00,09-02-2020 00:00,154.44,46.98,16.66,1.4
09-02-2020 00:00,10-02-2020 00:00,155.89,49.94,16.55,1.6
10-02-2020 00:00,11-02-2020 00:00,193.67,62.75,18.24,2.29
11-02-2020 00:00,12-02-2020 00:00,177.06,65.47,16.47,2.37
12-02-2020 00:00,13-02-2020 00:00,186.67,55.95,18.97,1.36
13-02-2020 00:00,14-02-2020 00:00,101.02,41.73,17.91,0.85
14-02-2020 00:00,15-02-2020 00:00,71.35,37.37,14.24,0.79
15-02-2020 00:00,16-02-2020 00:00,86.62,48.24,17.54,0.95
16-02-2020 00:00,17-02-2020 00:00,130.46,55.37,17.81,1.62
17-02-2020 00:00,18-02-2020 00:00,154.32,63.85,24.44,1.48
18-02-2020 00:00,19-02-2020 00:00,126.85,60.43,24.73,1.43
19-02-2020 00:00,20-02-2020 00:00,137.71,48.68,16.99,1.18
20-02-2020 00:00,21-02-2020 00:00,103.73,32.18,12.84,0.62
21-02-2020 00:00,22-02-2020 00:00,53.67,25.35,9.73,0.64
22-02-2020 00:00,23-02-2020 00:00,71.22,36.86,16.04,1.46
23-02-2020 00:00,24-02-2020 00:00,96.35,41.2,14.71,0.91
24-02-2020 00:00,25-02-2020 00:00,65.78,46.7,15.63,0.96
25-02-2020 00:00,26-02-2020 00:00,134.75,50.04,18.25,1.26
26-02-2020 00:00,27-02-2020 00:00,136.08,50.21,15.26,1.36
27-02-2020 00:00,28-02-2020 00:00,101.08,38.58,14.25,0.91
28-02-2020 00:00,29-02-2020 00:00,84.52,25.15,12.02,0.85
29-02-2020 00:00,01-03-2020 00:00,59.19,25.89,10.77,0.55
01-03-2020 00:00,02-03-2020 00:00,42.73,32.7,11.51,1.08
02-03-2020 00:00,03-03-2020 00:00,100.29,50.66,15.96,1.95
03-03-2020 00:00,04-03-2020 00:00,80.1,49.31,14.68,1.27
04-03-2020 00:00,05-03-2020 00:00,91.86,40.44,15.56,1.15
05-03-2020 00:00,06-03-2020 00:00,29.83,27.23,10.75,0.58
06-03-2020 00:00,07-03-2020 00:00,19.09,26.93,8.15,0.53
07-03-2020 00:00,08-03-2020 00:00,39.05,26.56,9.95,0.64
08-03-2020 00:00,09-03-2020 00:00,56.37,37.87,16.52,1.45
09-03-2020 00:00,10-03-2020 00:00,64.4,37.7,11.7,1.03
10-03-2020 00:00,11-03-2020 00:00,85.19,27.87,16.67,0.91
11-03-2020 00:00,12-03-2020 00:00,56.4,22.83,12.22,0.79
12-03-2020 00:00,13-03-2020 00:00,63.21,33.81,17.9,0.96
13-03-2020 00:00,14-03-2020 00:00,59.94,32.7,17.58,0.75
14-03-2020 00:00,15-03-2020 00:00,40.52,27.68,12.64,0.68
15-03-2020 00:00,16-03-2020 00:00,52.92,33.19,14.16,0.81
16-03-2020 00:00,17-03-2020 00:00,58.33,41.31,14.18,1.08
17-03-2020 00:00,18-03-2020 00:00,66.35,49.34,17.21,1.38
18-03-2020 00:00,19-03-2020 00:00,58.33,54.53,18.81,1.75
19-03-2020 00:00,20-03-2020 00:00,82.51,49.92,22.12,1.71
20-03-2020 00:00,21-03-2020 00:00,89.81,47.22,25.94,2.0
21-03-2020 00:00,22-03-2020 00:00,68.48,49.67,20.22,1.87
22-03-2020 00:00,23-03-2020 00:00,69.02,26.76,19.58,1.34
23-03-2020 00:00,24-03-2020 00:00,45.77,21.71,20.12,1.43
24-03-2020 00:00,25-03-2020 00:00,55.06,21.3,19.18,1.34
25-03-2020 00:00,26-03-2020 00:00,37.28,15.63,12.9,1.19
26-03-2020 00:00,27-03-2020 00:00,34.98,11.14,15.75,1.11
27-03-2020 00:00,28-03-2020 00:00,24.94,9.93,13.67,1.07
28-03-2020 00:00,29-03-2020 00:00,19.04,11.28,15.36,1.06
29-03-2020 00:00,30-03-2020 00:00,21.75,7.56,13.38,1.06
30-03-2020 00:00,31-03-2020 00:00,33.59,9.19,16.21,1.02
31-03-2020 00:00,01-04-2020 00:00,30.54,8.96,16.79,1.05
01-04-2020 00:00,02-04-2020 00:00,27.08,10.62,15.78,1.12
02-04-2020 00:00,03-04-2020 00:00,23.57,7.56,15.74,1.09
03-04-2020 00:00,04-04-2020 00:00,30.0,10.55,16.88,1.15
04-04-2020 00:00,05-04-2020 00:00,37.05,14.7,15.24,1.14
05-04-2020 00:00,06-04-2020 00:00,51.5,16.54,19.13,1.2
06-04-2020 00:00,07-04-2020 00:00,54.56,16.12,21.95,1.22
07-04-2020 00:00,08-04-2020 00:00,29.33,9.85,16.29,1.17
08-04-2020 00:00,09-04-2020 00:00,26.65,10.15,16.68,1.08
09-04-2020 00:00,10-04-2020 00:00,33.29,13.92,19.25,1.13
10-04-2020 00:00,11-04-2020 00:00,58.62,20.14,20.31,1.42
11-04-2020 00:00,12-04-2020 00:00,54.77,17.68,25.23,1.23
12-04-2020 00:00,13-04-2020 00:00,37.46,13.09,17.25,1.28
13-04-2020 00:00,14-04-2020 00:00,78.96,20.67,23.58,1.27
14-04-2020 00:00,15-04-2020 00:00,53.59,25.39,19.37,1.52
15-04-2020 00:00,16-04-2020 00:00,62.75,22.09,18.09,1.46
16-04-2020 00:00,17-04-2020 00:00,70.92,22.17,22.42,1.44
17-04-2020 00:00,18-04-2020 00:00,24.71,12.07,18.73,1.26
18-04-2020 00:00,19-04-2020 00:00,23.63,10.87,13.51,1.2
19-04-2020 00:00,20-04-2020 00:00,32.15,18.28,16.34,1.32
20-04-2020 00:00,21-04-2020 00:00,43.5,20.77,15.42,1.43
21-04-2020 00:00,22-04-2020 00:00,34.04,17.32,16.13,1.31
22-04-2020 00:00,23-04-2020 00:00,49.5,22.03,17.34,1.42
23-04-2020 00:00,24-04-2020 00:00,51.73,19.02,17.2,1.32
24-04-2020 00:00,25-04-2020 00:00,64.0,19.36,17.42,1.6
25-04-2020 00:00,26-04-2020 00:00,27.68,22.21,11.54,1.51
26-04-2020 00:00,27-04-2020 00:00,44.95,11.83,11.15,1.37
27-04-2020 00:00,28-04-2020 00:00,24.27,7.25,10.68,1.31
28-04-2020 00:00,29-04-2020 00:00,40.48,10.3,9.44,1.32
29-04-2020 00:00,30-04-2020 00:00,56.1,13.92,12.9,1.28
30-04-2020 00:00,01-05-2020 00:00,51.06,12.32,12.88,1.62
01-05-2020 00:00,02-05-2020 00:00,53.67,10.57,10.58,1.62
02-05-2020 00:00,03-05-2020 00:00,33.38,7.12,10.56,1.4
03-05-2020 00:00,04-05-2020 00:00,31.4,9.86,10.86,1.32
04-05-2020 00:00,05-05-2020 00:00,23.29,13.9,12.06,1.34
05-05-2020 00:00,06-05-2020 00:00,47.75,19.14,21.22,1.51
06-05-2020 00:00,07-05-2020 00:00,48.79,16.14,14.9,1.39
07-05-2020 00:00,08-05-2020 00:00,28.71,12.25,13.91,1.36
08-05-2020 00:00,09-05-2020 00:00,41.05,15.16,14.98,1.38
09-05-2020 00:00,10-05-2020 00:00,54.73,14.47,12.04,1.46
10-05-2020 00:00,11-05-2020 00:00,38.19,10.84,12.88,1.32
11-05-2020 00:00,12-05-2020 00:00,41.46,14.27,11.47,1.33
12-05-2020 00:00,13-05-2020 00:00,37.9,12.07,10.81,1.27
13-05-2020 00:00,14-05-2020 00:00,57.48,18.21,12.44,1.47
14-05-2020 00:00,15-05-2020 00:00,48.48,25.15,11.99,1.45
15-05-2020 00:00,16-05-2020 00:00,39.46,20.0,12.48,1.29
16-05-2020 00:00,17-05-2020 00:00,63.95,24.04,13.7,1.32
17-05-2020 00:00,18-05-2020 00:00,78.9,31.69,15.28,1.68
18-05-2020 00:00,19-05-2020 00:00,82.52,34.98,24.34,1.43
19-05-2020 00:00,20-05-2020 00:00,102.65,37.41,19.46,1.25
20-05-2020 00:00,21-05-2020 00:00,29.17,41.76,15.28,1.42
21-05-2020 00:00,22-05-2020 00:00,43.1,44.29,12.34,1.21
22-05-2020 00:00,23-05-2020 00:00,69.83,49.36,24.12,1.31
23-05-2020 00:00,24-05-2020 00:00,63.21,46.29,18.93,0.78
24-05-2020 00:00,25-05-2020 00:00,43.79,34.16,18.83,0.83
25-05-2020 00:00,26-05-2020 00:00,50.96,37.72,19.99666666666667,0.69
26-05-2020 00:00,27-05-2020 00:00,43.4,45.91,14.056666666666668,0.97
27-05-2020 00:00,28-05-2020 00:00,37.62,30.36,16.38,0.69
28-05-2020 00:00,29-05-2020 00:00,34.23,16.9,14.76,0.5
29-05-2020 00:00,30-05-2020 00:00,21.8,19.3,12.1,0.6
30-05-2020 00:00,31-05-2020 00:00,24.0,20.66,11.53,0.63
31-05-2020 00:00,01-06-2020 00:00,18.52,16.71,11.05,0.79
01-06-2020 00:00,02-06-2020 00:00,47.62,27.92,18.17,0.77
02-06-2020 00:00,03-06-2020 00:00,45.17,28.11,14.54,0.8
03-06-2020 00:00,04-06-2020 00:00,47.15,33.68,18.98,0.79
04-06-2020 00:00,05-06-2020 00:00,59.31,34.95,17.97,1.04
05-06-2020 00:00,06-06-2020 00:00,43.71,26.87,14.29,0.66
06-06-2020 00:00,07-06-2020 00:00,29.02,22.17,15.01,0.91
07-06-2020 00:00,08-06-2020 00:00,40.17,27.3,15.58,0.74
08-06-2020 00:00,09-06-2020 00:00,43.56,31.52,17.78,0.99
09-06-2020 00:00,10-06-2020 00:00,68.25,37.5,18.69,1.1
10-06-2020 00:00,11-06-2020 00:00,58.79,36.75,16.26,0.9
11-06-2020 00:00,12-06-2020 00:00,49.33,34.65,16.27,0.91
12-06-2020 00:00,13-06-2020 00:00,57.69,24.67,15.21,0.92
13-06-2020 00:00,14-06-2020 00:00,50.68,29.43,14.25,0.87
14-06-2020 00:00,15-06-2020 00:00,64.67,23.68,16.59,1.04
15-06-2020 00:00,16-06-2020 00:00,45.85,26.54,13.76,0.9
16-06-2020 00:00,17-06-2020 00:00,34.98,23.54,15.64,0.69
17-06-2020 00:00,18-06-2020 00:00,29.08,14.56,13.92,0.82
18-06-2020 00:00,19-06-2020 00:00,36.23,18.14,16.46,0.79
19-06-2020 00:00,20-06-2020 00:00,51.73,17.22,15.24,0.97
20-06-2020 00:00,21-06-2020 00:00,33.33,25.8,15.06,0.74
21-06-2020 00:00,22-06-2020 00:00,39.02,21.96,13.72,0.81
22-06-2020 00:00,23-06-2020 00:00,40.08,20.2,12.73,1.09
23-06-2020 00:00,24-06-2020 00:00,25.84,13.0,15.21,0.83
24-06-2020 00:00,25-06-2020 00:00,30.09,17.87,14.17,0.81
25-06-2020 00:00,26-06-2020 00:00,38.65,29.12,12.36,1.29
26-06-2020 00:00,27-06-2020 00:00,46.97,26.65,11.94,1.11
27-06-2020 00:00,28-06-2020 00:00,35.08,26.82,14.01,1.48
28-06-2020 00:00,29-06-2020 00:00,48.75,25.22,13.15,1.35
29-06-2020 00:00,30-06-2020 00:00,33.52,26.09,14.63,1.34
30-06-2020 00:00,01-07-2020 00:00,34.29,16.77,11.79,1.41
01-07-2020 00:00,02-07-2020 00:00,43.06,20.74,12.45,1.48
02-07-2020 00:00,03-07-2020 00:00,57.6,22.35,14.54,1.46
03-07-2020 00:00,04-07-2020 00:00,59.58,23.77,13.99,1.34
04-07-2020 00:00,05-07-2020 00:00,39.15,14.44,11.14,1.21
05-07-2020 00:00,06-07-2020 00:00,22.45,15.14,14.87,1.32
06-07-2020 00:00,07-07-2020 00:00,38.48,17.12,12.32,1.31
07-07-2020 00:00,08-07-2020 00:00,13.39,13.23,12.92,1.14
08-07-2020 00:00,09-07-2020 00:00,22.52,20.43,11.07,1.48
09-07-2020 00:00,10-07-2020 00:00,31.03,26.12,10.19,1.38
10-07-2020 00:00,11-07-2020 00:00,18.1,26.74,9.6,1.34
11-07-2020 00:00,12-07-2020 00:00,17.7,22.98,9.36,1.07
12-07-2020 00:00,13-07-2020 00:00,16.58,19.43,9.87,1.02
13-07-2020 00:00,14-07-2020 00:00,20.54,26.0,11.46,1.17
14-07-2020 00:00,15-07-2020 00:00,32.5,23.56,11.54,1.23
15-07-2020 00:00,16-07-2020 00:00,33.0,14.99,10.95,1.18
16-07-2020 00:00,17-07-2020 00:00,26.42,17.26,10.67,1.31
17-07-2020 00:00,18-07-2020 00:00,41.08,19.34,11.01,1.11
18-07-2020 00:00,19-07-2020 00:00,33.69,18.55,12.68,0.95
19-07-2020 00:00,20-07-2020 00:00,24.59,27.7,7.42,0.64
20-07-2020 00:00,21-07-2020 00:00,15.52,30.89,5.81,0.63
21-07-2020 00:00,22-07-2020 00:00,19.87,28.53,7.7,0.57
22-07-2020 00:00,23-07-2020 00:00,14.71,30.06,6.14,0.77
23-07-2020 00:00,24-07-2020 00:00,31.65,37.57,7.41,0.95
24-07-2020 00:00,25-07-2020 00:00,37.08,26.79,7.23,0.57
25-07-2020 00:00,26-07-2020 00:00,24.29,17.32,8.3,0.37
26-07-2020 00:00,27-07-2020 00:00,37.48,27.33,8.87,0.67
27-07-2020 00:00,28-07-2020 00:00,25.39,30.38,8.6,0.55
28-07-2020 00:00,29-07-2020 00:00,18.83,30.08,8.56,0.61
29-07-2020 00:00,30-07-2020 00:00,21.25,32.61,9.01,0.54
30-07-2020 00:00,31-07-2020 00:00,17.38,35.99,8.94,0.73
31-07-2020 00:00,01-08-2020 00:00,36.25,31.36,8.66,0.7
01-08-2020 00:00,02-08-2020 00:00,29.42,29.3,9.57,0.76
02-08-2020 00:00,03-08-2020 00:00,19.56,26.39,6.68,0.7
03-08-2020 00:00,04-08-2020 00:00,20.25,27.22,6.42,0.47
04-08-2020 00:00,05-08-2020 00:00,18.08,25.36,8.04,0.68
05-08-2020 00:00,06-08-2020 00:00,33.58,31.81,9.69,0.84
06-08-2020 00:00,07-08-2020 00:00,9.27,15.5,7.36,0.51
07-08-2020 00:00,08-08-2020 00:00,20.75,20.74,6.48,0.55
08-08-2020 00:00,09-08-2020 00:00,40.38,33.24,8.4,0.71
09-08-2020 00:00,10-08-2020 00:00,27.17,29.58,7.22,0.69
10-08-2020 00:00,11-08-2020 00:00,26.25,22.08,6.59,0.73
11-08-2020 00:00,12-08-2020 00:00,39.92,29.27,7.64,0.83
12-08-2020 00:00,13-08-2020 00:00,18.35,22.04,6.01,0.57
13-08-2020 00:00,14-08-2020 00:00,11.84,25.31,6.68,0.93
14-08-2020 00:00,15-08-2020 00:00,17.38,21.92,7.23,0.66
15-08-2020 00:00,16-08-2020 00:00,24.29,10.45,7.06,0.81
16-08-2020 00:00,17-08-2020 00:00,14.77,13.96,7.65,0.86
17-08-2020 00:00,18-08-2020 00:00,25.42,25.13,7.91,1.15
18-08-2020 00:00,19-08-2020 00:00,25.36,29.1,9.08,1.04
19-08-2020 00:00,20-08-2020 00:00,18.79,29.5,8.56,1.07
20-08-2020 00:00,21-08-2020 00:00,14.7,27.01,7.3,1.06
21-08-2020 00:00,22-08-2020 00:00,13.96,21.39,8.77,0.94
22-08-2020 00:00,23-08-2020 00:00,6.29,12.56,7.12,1.06
23-08-2020 00:00,24-08-2020 00:00,9.45,10.29,7.8,1.26
24-08-2020 00:00,25-08-2020 00:00,8.11,16.84,8.36,0.83
25-08-2020 00:00,26-08-2020 00:00,15.48,21.92,8.85,1.1
26-08-2020 00:00,27-08-2020 00:00,14.24,24.12,8.0,1.09
27-08-2020 00:00,28-08-2020 00:00,16.35,24.62,8.08,1.04
28-08-2020 00:00,29-08-2020 00:00,30.54,31.0,9.38,1.29
29-08-2020 00:00,30-08-2020 00:00,34.96,22.2,9.0,1.15
30-08-2020 00:00,31-08-2020 00:00,13.81,11.03,9.18,0.68
31-08-2020 00:00,01-09-2020 00:00,8.6,18.13,8.02,0.9
01-09-2020 00:00,02-09-2020 00:00,12.57,19.8,8.4,1.07
02-09-2020 00:00,03-09-2020 00:00,16.49,28.77,10.42,1.14
03-09-2020 00:00,04-09-2020 00:00,32.91,20.7,7.61,0.81
04-09-2020 00:00,05-09-2020 00:00,33.55,20.65,9.47,1.31
05-09-2020 00:00,06-09-2020 00:00,27.42,24.43,9.71,0.79
06-09-2020 00:00,07-09-2020 00:00,25.91,28.74,9.84,1.41
07-09-2020 00:00,08-09-2020 00:00,46.29,38.4,11.92,1.31
08-09-2020 00:00,09-09-2020 00:00,27.4,34.35,10.25,1.2
09-09-2020 00:00,10-09-2020 00:00,50.38,37.43,8.82,1.33
10-09-2020 00:00,11-09-2020 00:00,41.14,44.55,10.97,3.16
11-09-2020 00:00,12-09-2020 00:00,52.52,41.63,15.21,1.75
12-09-2020 00:00,13-09-2020 00:00,66.96,42.68,15.88,1.43
13-09-2020 00:00,14-09-2020 00:00,64.69,32.04,15.41,1.05
14-09-2020 00:00,15-09-2020 00:00,80.19,37.8,12.47,2.02
15-09-2020 00:00,16-09-2020 00:00,60.17,38.55,6.22,1.78
16-09-2020 00:00,17-09-2020 00:00,64.15,37.95,7.72,1.18
17-09-2020 00:00,18-09-2020 00:00,39.71,29.99,7.59,0.86
18-09-2020 00:00,19-09-2020 00:00,35.21,26.98,6.25,0.67
19-09-2020 00:00,20-09-2020 00:00,52.27,27.7,8.0,1.18
20-09-2020 00:00,21-09-2020 00:00,68.38,27.04,9.97,0.8
21-09-2020 00:00,22-09-2020 00:00,56.35,40.24,13.18,1.51
22-09-2020 00:00,23-09-2020 00:00,35.9,28.93,11.4,1.08
23-09-2020 00:00,24-09-2020 00:00,20.27,21.28,14.0,0.44
24-09-2020 00:00,25-09-2020 00:00,37.52,24.93,14.6,1.55
25-09-2020 00:00,26-09-2020 00:00,47.4,41.12,15.2,1.44
26-09-2020 00:00,27-09-2020 00:00,56.95,43.87,13.0,1.44
27-09-2020 00:00,28-09-2020 00:00,30.44,28.52,15.16,0.56
28-09-2020 00:00,29-09-2020 00:00,53.25,37.54,12.19,2.27
29-09-2020 00:00,30-09-2020 00:00,56.67,42.98,15.08,1.2
30-09-2020 00:00,01-10-2020 00:00,48.79,45.0,14.15,1.21
01-10-2020 00:00,02-10-2020 00:00,50.65,50.04,13.49,1.88
02-10-2020 00:00,03-10-2020 00:00,63.21,45.0,15.6,1.38
03-10-2020 00:00,04-10-2020 00:00,69.6,52.52,16.72,1.74
04-10-2020 00:00,05-10-2020 00:00,66.58,53.25,16.92,1.76
05-10-2020 00:00,06-10-2020 00:00,59.79,51.19,15.23,1.54
06-10-2020 00:00,07-10-2020 00:00,67.56,56.39,17.37,1.69
07-10-2020 00:00,08-10-2020 00:00,87.02,61.12,18.11,2.06
08-10-2020 00:00,09-10-2020 00:00,79.77,61.56,17.77,1.27
09-10-2020 00:00,10-10-2020 00:00,82.71,62.27,18.67,2.13
10-10-2020 00:00,11-10-2020 00:00,86.4,57.47,17.55,1.54
11-10-2020 00:00,12-10-2020 00:00,88.35,51.4,18.86,1.91
12-10-2020 00:00,13-10-2020 00:00,121.52,72.31,21.25,2.69
13-10-2020 00:00,14-10-2020 00:00,132.96,54.82,16.49,2.28
14-10-2020 00:00,15-10-2020 00:00,121.96,60.18,22.62,2.38
15-10-2020 00:00,16-10-2020 00:00,145.38,59.57,21.84,2.19
16-10-2020 00:00,17-10-2020 00:00,103.54,62.06,21.22,2.29
17-10-2020 00:00,18-10-2020 00:00,126.94,77.3,19.09,2.62
18-10-2020 00:00,19-10-2020 00:00,100.96,56.78,18.15,1.95
19-10-2020 00:00,20-10-2020 00:00,104.56,61.64,17.39,1.75
20-10-2020 00:00,21-10-2020 00:00,95.44,70.18,20.04,2.2
21-10-2020 00:00,22-10-2020 00:00,117.23,69.02,18.86,2.71
22-10-2020 00:00,23-10-2020 00:00,146.39,95.91,26.3,2.59
23-10-2020 00:00,24-10-2020 00:00,205.79,95.75,26.34,2.92
24-10-2020 00:00,25-10-2020 00:00,176.36,87.14,21.87,3.6
25-10-2020 00:00,26-10-2020 00:00,196.77,89.11,26.88,3.34
26-10-2020 00:00,27-10-2020 00:00,176.77,94.44,26.56,3.02
27-10-2020 00:00,28-10-2020 00:00,164.35,73.4,21.9,2.17
28-10-2020 00:00,29-10-2020 00:00,180.04,93.95,25.62,3.13
29-10-2020 00:00,30-10-2020 00:00,223.44,108.19,24.95,3.69
30-10-2020 00:00,31-10-2020 00:00,209.52,84.5,23.0,2.4
31-10-2020 00:00,01-11-2020 00:00,265.6,71.46,21.34,2.21
01-11-2020 00:00,02-11-2020 00:00,252.71,66.5,23.31,2.11
02-11-2020 00:00,03-11-2020 00:00,151.38,80.28,22.43,2.78
03-11-2020 00:00,04-11-2020 00:00,121.25,83.73,20.78,2.73
04-11-2020 00:00,05-11-2020 00:00,308.12,95.95,23.13,3.05
05-11-2020 00:00,06-11-2020 00:00,262.65,91.16,24.05,3.03
06-11-2020 00:00,07-11-2020 00:00,251.88,93.04,19.1,3.01
07-11-2020 00:00,08-11-2020 00:00,325.0,88.92,20.81,3.1
08-11-2020 00:00,09-11-2020 00:00,357.69,101.18,23.91,3.55
09-11-2020 00:00,10-11-2020 00:00,547.56,112.21,20.42,3.83
10-11-2020 00:00,11-11-2020 00:00,502.89,90.33,18.37,4.06
11-11-2020 00:00,12-11-2020 00:00,166.44,75.62,24.39,3.25
12-11-2020 00:00,13-11-2020 00:00,183.27,92.85,30.03,4.35
13-11-2020 00:00,14-11-2020 00:00,182.07,101.21,21.38,4.19
14-11-2020 00:00,15-11-2020 00:00,395.8,90.89,20.82,3.73
15-11-2020 00:00,16-11-2020 00:00,306.87,53.41,18.77,2.13
16-11-2020 00:00,17-11-2020 00:00,85.5,37.91,12.64,1.75
17-11-2020 00:00,18-11-2020 00:00,83.5,54.51,13.33,2.3
18-11-2020 00:00,19-11-2020 00:00,112.65,66.67,12.86,2.21
19-11-2020 00:00,20-11-2020 00:00,137.77,83.38,18.34,2.65
20-11-2020 00:00,21-11-2020 00:00,165.15,75.72,16.43,2.5
21-11-2020 00:00,22-11-2020 00:00,127.9,62.67,14.96,2.03
22-11-2020 00:00,23-11-2020 00:00,145.54,63.98,17.37,2.49
23-11-2020 00:00,24-11-2020 00:00,200.98,97.61,19.98,3.95
24-11-2020 00:00,25-11-2020 00:00,275.33,100.94,23.67,3.42
25-11-2020 00:00,26-11-2020 00:00,291.6,79.66,20.8,2.57
26-11-2020 00:00,27-11-2020 00:00,110.31,53.81,19.79,1.93
27-11-2020 00:00,28-11-2020 00:00,77.77,58.18,15.89,1.73
28-11-2020 00:00,29-11-2020 00:00,119.17,64.99,15.86,2.15
29-11-2020 00:00,30-11-2020 00:00,131.25,74.15,15.25,2.7
30-11-2020 00:00,01-12-2020 00:00,175.69,86.27,15.81,3.5
01-12-2020 00:00,02-12-2020 00:00,240.02,97.89,22.19,3.74
02-12-2020 00:00,03-12-2020 00:00,209.3,83.31,18.42,1.65
03-12-2020 00:00,04-12-2020 00:00,193.54,100.99,18.46,2.69
04-12-2020 00:00,05-12-2020 00:00,275.57,92.2,21.53,1.75
05-12-2020 00:00,06-12-2020 00:00,267.09,67.96,13.89,0.96
06-12-2020 00:00,07-12-2020 00:00,241.71,76.57,12.49,0.96
07-12-2020 00:00,08-12-2020 00:00,290.19,77.71,12.69,1.37
08-12-2020 00:00,09-12-2020 00:00,250.42,92.53,16.91,2.29
09-12-2020 00:00,10-12-2020 00:00,193.25,96.05,16.71,2.07
10-12-2020 00:00,11-12-2020 00:00,130.69,76.3,21.56,2.54
11-12-2020 00:00,12-12-2020 00:00,178.48,80.75,20.34,1.61
12-12-2020 00:00,13-12-2020 00:00,265.08,54.29,11.82,1.63
13-12-2020 00:00,14-12-2020 00:00,127.06,43.66,12.75,1.07
14-12-2020 00:00,15-12-2020 00:00,90.33,38.25,14.57,0.8
15-12-2020 00:00,16-12-2020 00:00,146.46,49.86,25.13,1.03
16-12-2020 00:00,17-12-2020 00:00,133.6,49.51,13.78,1.26
17-12-2020 00:00,18-12-2020 00:00,156.62,44.84,13.29,1.31
18-12-2020 00:00,19-12-2020 00:00,131.72,60.64,16.86,1.65
19-12-2020 00:00,20-12-2020 00:00,169.33,69.51,15.93,1.84
20-12-2020 00:00,21-12-2020 00:00,171.64,69.92,16.97,1.92
21-12-2020 00:00,22-12-2020 00:00,188.12,83.25,21.15,1.86
22-12-2020 00:00,23-12-2020 00:00,337.5,96.38,19.18,3.48
23-12-2020 00:00,24-12-2020 00:00,362.91,108.5,18.73,3.3
24-12-2020 00:00,25-12-2020 00:00,333.54,94.56,24.2,2.75
25-12-2020 00:00,26-12-2020 00:00,215.73,75.07,12.42,1.89
26-12-2020 00:00,27-12-2020 00:00,243.96,76.07,15.51,2.04
27-12-2020 00:00,28-12-2020 00:00,330.12,67.71,20.56,2.0
28-12-2020 00:00,29-12-2020 00:00,80.87,53.84,17.36,1.02
29-12-2020 00:00,30-12-2020 00:00,134.23,58.98,15.34,1.16
30-12-2020 00:00,31-12-2020 00:00,182.77,56.31,13.45,1.36
31-12-2020 00:00,01-01-2021 00:00,256.04,64.18,11.43,1.7
01-01-2021 00:00,02-01-2021 00:00,455.71,73.61,15.2,2.69
02-01-2021 00:00,03-01-2021 00:00,326.5,60.07,15.49,1.55
03-01-2021 00:00,04-01-2021 00:00,259.39,48.54,14.46,1.09
04-01-2021 00:00,05-01-2021 00:00,105.94,66.64,19.24,0.99
05-01-2021 00:00,06-01-2021 00:00,84.89,45.34,19.72,1.3
06-01-2021 00:00,07-01-2021 00:00,140.67,39.95,15.03,1.34
07-01-2021 00:00,08-01-2021 00:00,121.76,37.11,13.64,1.11
08-01-2021 00:00,09-01-2021 00:00,235.51,57.54,13.52,1.62
09-01-2021 00:00,10-01-2021 00:00,160.77,50.21,17.69,1.7
10-01-2021 00:00,11-01-2021 00:00,138.38,38.6,14.66,1.32
11-01-2021 00:00,12-01-2021 00:00,133.33,44.11,14.18,1.18
12-01-2021 00:00,13-01-2021 00:00,208.23,57.9,18.2,1.57
13-01-2021 00:00,14-01-2021 00:00,288.16,68.22,20.48,2.24
14-01-2021 00:00,15-01-2021 00:00,481.65,78.85,24.59,3.17
15-01-2021 00:00,16-01-2021 00:00,517.69,77.16,24.26,3.85
16-01-2021 00:00,17-01-2021 00:00,323.98,71.91,17.02,2.99
17-01-2021 00:00,18-01-2021 00:00,256.9,39.96,15.0,1.89
18-01-2021 00:00,19-01-2021 00:00,274.06,48.53,20.17,2.78
19-01-2021 00:00,20-01-2021 00:00,293.31,57.07,18.54,2.69
20-01-2021 00:00,21-01-2021 00:00,139.69,47.61,19.82,3.43
21-01-2021 00:00,22-01-2021 00:00,185.5,57.98,18.31,2.61
22-01-2021 00:00,23-01-2021 00:00,274.85,42.63,17.93,2.12
23-01-2021 00:00,24-01-2021 00:00,177.79,38.49,19.26,2.1
24-01-2021 00:00,25-01-2021 00:00,253.38,44.08,17.19,3.06
25-01-2021 00:00,26-01-2021 00:00,202.35,46.03,17.84,2.08
26-01-2021 00:00,27-01-2021 00:00,187.62,47.5,20.76,2.22
27-01-2021 00:00,28-01-2021 00:00,182.54,61.74,23.29,2.16
28-01-2021 00:00,29-01-2021 00:00,347.92,73.7,25.23,2.95
29-01-2021 00:00,30-01-2021 00:00,233.96,68.58,20.56,1.79
30-01-2021 00:00,31-01-2021 00:00,156.73,66.71,18.0,1.62
31-01-2021 00:00,01-02-2021 00:00,187.38,62.39,21.79,1.9
01-02-2021 00:00,02-02-2021 00:00,240.81,80.91,23.39,2.59
02-02-2021 00:00,03-02-2021 00:00,208.1,72.63,23.91,2.16
03-02-2021 00:00,04-02-2021 00:00,191.29,51.49,20.17,1.57
04-02-2021 00:00,05-02-2021 00:00,145.86,45.42,21.14,1.35
05-02-2021 00:00,06-02-2021 00:00,72.16,55.81,19.75,1.37
06-02-2021 00:00,07-02-2021 00:00,108.96,52.13,20.37,1.24
07-02-2021 00:00,08-02-2021 00:00,142.2,56.52,16.38,1.49
08-02-2021 00:00,09-02-2021 00:00,185.97,62.43,19.99,2.05
09-02-2021 00:00,10-02-2021 00:00,214.15,75.16,24.21,2.41
10-02-2021 00:00,11-02-2021 00:00,171.34,72.2,18.9,2.0
11-02-2021 00:00,12-02-2021 00:00,191.88,75.93,25.03,1.91
12-02-2021 00:00,13-02-2021 00:00,256.36,73.17,20.11,2.47
13-02-2021 00:00,14-02-2021 00:00,245.26,72.26,16.67,2.5
14-02-2021 00:00,15-02-2021 00:00,238.07,64.41,19.75,2.81
15-02-2021 00:00,16-02-2021 00:00,191.53,69.65,21.08,2.7
16-02-2021 00:00,17-02-2021 00:00,185.66,67.18,26.21,1.97
17-02-2021 00:00,18-02-2021 00:00,160.28,77.4,22.9,2.6
18-02-2021 00:00,19-02-2021 00:00,159.93,70.55,23.17,2.12
19-02-2021 00:00,20-02-2021 00:00,155.92,68.29,18.71,2.18
20-02-2021 00:00,21-02-2021 00:00,122.38,61.52,15.3,2.05
21-02-2021 00:00,22-02-2021 00:00,161.03,62.46,19.41,1.86
22-02-2021 00:00,23-02-2021 00:00,126.98,65.23,19.59,1.73
23-02-2021 00:00,24-02-2021 00:00,101.41,71.38,21.27,2.2
24-02-2021 00:00,25-02-2021 00:00,103.91,73.82,19.84,2.18
25-02-2021 00:00,26-02-2021 00:00,118.36,68.42,21.18,2.12
26-02-2021 00:00,27-02-2021 00:00,82.09,52.47,20.97,1.64
27-02-2021 00:00,28-02-2021 00:00,49.02,52.47,18.06,1.43
28-02-2021 00:00,01-03-2021 00:00,54.49,53.39,17.7,1.24
01-03-2021 00:00,02-03-2021 00:00,50.73,54.9,17.83,1.23
02-03-2021 00:00,03-03-2021 00:00,52.44,49.24,15.99,1.14
03-03-2021 00:00,04-03-2021 00:00,78.32,63.75,23.76,1.87
04-03-2021 00:00,05-03-2021 00:00,128.93,80.84,30.4,2.62
05-03-2021 00:00,06-03-2021 00:00,102.96,61.13,18.94,1.63
06-03-2021 00:00,07-03-2021 00:00,91.95,61.44,19.87,1.93
07-03-2021 00:00,08-03-2021 00:00,110.53,49.01,23.34,1.46
08-03-2021 00:00,09-03-2021 00:00,98.18,36.94,15.46,1.37
09-03-2021 00:00,10-03-2021 00:00,82.12,35.01,17.11,1.19
10-03-2021 00:00,11-03-2021 00:00,64.97,59.42,19.65,1.53
11-03-2021 00:00,12-03-2021 00:00,114.18,64.24,24.26,1.77
12-03-2021 00:00,13-03-2021 00:00,75.23,50.11,18.03,1.17
13-03-2021 00:00,14-03-2021 00:00,77.64,60.07,20.62,1.48
14-03-2021 00:00,15-03-2021 00:00,81.57,57.38,20.27,1.27
15-03-2021 00:00,16-03-2021 00:00,77.9,59.34,17.75,1.3
16-03-2021 00:00,17-03-2021 00:00,90.19,56.88,20.72,1.4
17-03-2021 00:00,18-03-2021 00:00,92.71,58.89,22.05,1.48
18-03-2021 00:00,19-03-2021 00:00,100.88,71.21,20.37,1.96
19-03-2021 00:00,20-03-2021 00:00,90.59,61.23,20.59,1.46
20-03-2021 00:00,21-03-2021 00:00,92.74,61.9,22.62,1.52
21-03-2021 00:00,22-03-2021 00:00,75.05,52.49,20.78,1.46
22-03-2021 00:00,23-03-2021 00:00,63.26,47.76,21.3,1.2
23-03-2021 00:00,24-03-2021 00:00,41.14,38.81,17.59,1.16
24-03-2021 00:00,25-03-2021 00:00,40.24,44.77,17.09,0.9
25-03-2021 00:00,26-03-2021 00:00,39.43,46.29,15.21,1.05
26-03-2021 00:00,27-03-2021 00:00,67.76,55.24,24.66,1.43
27-03-2021 00:00,28-03-2021 00:00,68.92,61.84,19.23,2.58
28-03-2021 00:00,29-03-2021 00:00,76.5,54.9,17.78,2.48
29-03-2021 00:00,30-03-2021 00:00,58.23,43.32,17.41,2.14
30-03-2021 00:00,31-03-2021 00:00,65.24,41.88,15.84,1.16
31-03-2021 00:00,01-04-2021 00:00,39.27,37.14,16.17,0.45
01-04-2021 00:00,02-04-2021 00:00,32.92,37.6,18.56,1.05
02-04-2021 00:00,03-04-2021 00:00,46.4,48.33,22.27,1.58
03-04-2021 00:00,04-04-2021 00:00,41.45,58.22,20.69,1.82
04-04-2021 00:00,05-04-2021 00:00,49.29,63.79,22.39,1.85
05-04-2021 00:00,06-04-2021 00:00,90.66,73.02,28.04,2.18
06-04-2021 00:00,07-04-2021 00:00,105.94,53.98,25.63,1.72
07-04-2021 00:00,08-04-2021 00:00,64.46,48.23,18.55,1.6
08-04-2021 00:00,09-04-2021 00:00,41.34,56.48,18.94,1.8
09-04-2021 00:00,10-04-2021 00:00,44.24,65.23,21.51,1.72
10-04-2021 00:00,11-04-2021 00:00,41.19,70.18,19.62,0.86
11-04-2021 00:00,12-04-2021 00:00,55.78,70.64,28.58,0.99
12-04-2021 00:00,13-04-2021 00:00,88.31,79.62,29.43,1.17
13-04-2021 00:00,14-04-2021 00:00,76.05,68.56,30.6,0.87
14-04-2021 00:00,15-04-2021 00:00,51.35,62.53,25.1,0.55
15-04-2021 00:00,16-04-2021 00:00,57.08,65.91,20.2,0.79
16-04-2021 00:00,17-04-2021 00:00,67.8,58.39,20.42,0.63
17-04-2021 00:00,18-04-2021 00:00,33.66,44.64,19.06,0.47
18-04-2021 00:00,19-04-2021 00:00,48.96,49.37,24.91,0.52
19-04-2021 00:00,20-04-2021 00:00,56.41,68.34,22.87,0.93
20-04-2021 00:00,21-04-2021 00:00,59.98,44.54,29.08,0.52
21-04-2021 00:00,22-04-2021 00:00,42.48,35.21,21.78,0.5
22-04-2021 00:00,23-04-2021 00:00,37.6,29.42,18.45,0.42
23-04-2021 00:00,24-04-2021 00:00,40.26,29.69,22.6,0.47
24-04-2021 00:00,25-04-2021 00:00,31.86,41.69,19.88,0.48
25-04-2021 00:00,26-04-2021 00:00,85.11,50.43,23.14,0.79
26-04-2021 00:00,27-04-2021 00:00,141.45,61.46,35.85,1.13
27-04-2021 00:00,28-04-2021 00:00,153.85,71.84,32.31,1.39
28-04-2021 00:00,29-04-2021 00:00,162.16,69.35,33.55,1.09
29-04-2021 00:00,30-04-2021 00:00,143.38,53.54,28.86,0.83
30-04-2021 00:00,01-05-2021 00:00,92.18,53.52,24.56,0.83
01-05-2021 00:00,02-05-2021 00:00,63.76,34.12,18.52,0.53
02-05-2021 00:00,03-05-2021 00:00,65.47,46.99,19.66,0.46
03-05-2021 00:00,04-05-2021 00:00,47.29,41.98,18.18,0.9
04-05-2021 00:00,05-05-2021 00:00,59.0,41.49,18.41,2.74
05-05-2021 00:00,06-05-2021 00:00,61.84,25.22,21.5,2.4
06-05-2021 00:00,07-05-2021 00:00,47.71,22.31,17.85,1.98
07-05-2021 00:00,08-05-2021 00:00,58.32,30.1,25.57,2.25
08-05-2021 00:00,09-05-2021 00:00,62.26,44.92,20.93,3.34
09-05-2021 00:00,10-05-2021 00:00,50.56,30.33,17.87,2.31
10-05-2021 00:00,11-05-2021 00:00,54.93,34.86,19.56,3.2
11-05-2021 00:00,12-05-2021 00:00,57.66,25.63,21.23,2.0
12-05-2021 00:00,13-05-2021 00:00,34.29,26.76,18.33,1.96
13-05-2021 00:00,14-05-2021 00:00,30.83,19.32,16.64,1.42
14-05-2021 00:00,15-05-2021 00:00,40.86,19.19,16.32,1.22
15-05-2021 00:00,16-05-2021 00:00,39.34,27.31,18.21,1.22
16-05-2021 00:00,17-05-2021 00:00,54.29,40.23,23.27,1.156
17-05-2021 00:00,18-05-2021 00:00,62.64,46.51,20.2,0.87
18-05-2021 00:00,19-05-2021 00:00,22.31,19.15,15.35,0.67
19-05-2021 00:00,20-05-2021 00:00,32.8,14.99,13.85,0.7
20-05-2021 00:00,21-05-2021 00:00,37.38,18.82,13.63,0.77
21-05-2021 00:00,22-05-2021 00:00,24.1,17.66,14.7,0.71
22-05-2021 00:00,23-05-2021 00:00,25.27,21.26,16.89,0.78
23-05-2021 00:00,24-05-2021 00:00,94.66,23.14,17.2,0.73
24-05-2021 00:00,25-05-2021 00:00,52.51,29.27,21.26,0.77
25-05-2021 00:00,26-05-2021 00:00,39.45,39.3,17.51,0.74
26-05-2021 00:00,27-05-2021 00:00,48.25,48.43,20.74,1.08
27-05-2021 00:00,28-05-2021 00:00,50.53,35.35,19.72,0.8
28-05-2021 00:00,29-05-2021 00:00,28.97,16.14,17.24,0.71
29-05-2021 00:00,30-05-2021 00:00,15.84,12.61,15.51,0.67
30-05-2021 00:00,31-05-2021 00:00,19.69,14.85,16.02,0.71
31-05-2021 00:00,01-06-2021 00:00,39.35,33.06,15.87,0.98
01-06-2021 00:00,02-06-2021 00:00,26.99,22.2,15.88,0.83
02-06-2021 00:00,03-06-2021 00:00,51.2,29.79,19.39,0.85
03-06-2021 00:00,04-06-2021 00:00,54.21,25.46,19.65,0.88
04-06-2021 00:00,05-06-2021 00:00,47.07,18.27,18.07,0.76
05-06-2021 00:00,06-06-2021 00:00,38.73,24.29,20.07,0.78
06-06-2021 00:00,07-06-2021 00:00,34.21,29.63,15.91,0.91
07-06-2021 00:00,08-06-2021 00:00,48.96,37.07,18.93,1.12
08-06-2021 00:00,09-06-2021 00:00,53.46,30.81,17.78,1.26
09-06-2021 00:00,10-06-2021 00:00,38.16,23.94,16.8,1.06
10-06-2021 00:00,11-06-2021 00:00,49.29,14.98,15.11,0.96
11-06-2021 00:00,12-06-2021 00:00,37.33,23.18,17.58,0.87
12-06-2021 00:00,13-06-2021 00:00,32.4,19.73,15.72,0.77
13-06-2021 00:00,14-06-2021 00:00,34.68,25.77,15.74,0.88
14-06-2021 00:00,15-06-2021 00:00,33.08,22.7,17.4,0.81
15-06-2021 00:00,16-06-2021 00:00,26.77,23.22,15.98,0.59
16-06-2021 00:00,17-06-2021 00:00,30.49,24.78,15.43,0.78
17-06-2021 00:00,18-06-2021 00:00,33.36,23.4,16.53,0.46
18-06-2021 00:00,19-06-2021 00:00,24.29,18.18,15.85,0.56
19-06-2021 00:00,20-06-2021 00:00,22.33,16.67,16.52,0.5
20-06-2021 00:00,21-06-2021 00:00,22.19,13.03,14.95,0.46
21-06-2021 00:00,22-06-2021 00:00,31.99,21.3,16.07,0.65
22-06-2021 00:00,23-06-2021 00:00,47.75,40.26,20.08,0.94
23-06-2021 00:00,24-06-2021 00:00,76.97,43.39,23.77,0.81
24-06-2021 00:00,25-06-2021 00:00,41.74,52.46,18.34,0.85
25-06-2021 00:00,26-06-2021 00:00,41.39,47.77,19.61,1.24
26-06-2021 00:00,27-06-2021 00:00,35.95,60.91,13.34,1.16
27-06-2021 00:00,28-06-2021 00:00,63.0,40.08,12.35,0.71
28-06-2021 00:00,29-06-2021 00:00,60.94,49.27,11.53,1.03
29-06-2021 00:00,30-06-2021 00:00,68.61,73.91,13.12,1.04
30-06-2021 00:00,01-07-2021 00:00,37.16,55.09,11.46,0.71
01-07-2021 00:00,02-07-2021 00:00,29.27,39.99,11.49,0.74
02-07-2021 00:00,03-07-2021 00:00,36.48,45.32,11.18,0.76
03-07-2021 00:00,04-07-2021 00:00,27.62,46.08,10.01,0.63
04-07-2021 00:00,05-07-2021 00:00,40.01,47.98,12.17,1.54
05-07-2021 00:00,06-07-2021 00:00,32.81,47.91,13.2,0.9
06-07-2021 00:00,07-07-2021 00:00,33.71,51.05,11.52,0.99
07-07-2021 00:00,08-07-2021 00:00,27.75,55.28,9.62,0.46
08-07-2021 00:00,09-07-2021 00:00,31.67,42.91,10.32,0.8
09-07-2021 00:00,10-07-2021 00:00,37.04,28.24,10.31,0.92
10-07-2021 00:00,11-07-2021 00:00,24.65,18.13,14.24,0.64
11-07-2021 00:00,12-07-2021 00:00,36.82,12.9,14.55,0.72
12-07-2021 00:00,13-07-2021 00:00,26.62,15.51,16.76,0.96
13-07-2021 00:00,14-07-2021 00:00,27.04,23.42,17.01,1.29
14-07-2021 00:00,15-07-2021 00:00,27.69,25.31,18.0,1.24
15-07-2021 00:00,16-07-2021 00:00,33.73,19.79,18.47,1.06
16-07-2021 00:00,17-07-2021 00:00,32.87,18.33,19.35,0.87
17-07-2021 00:00,18-07-2021 00:00,43.06,19.94,13.23,0.83
18-07-2021 00:00,19-07-2021 00:00,27.15,22.14,11.18,0.86
19-07-2021 00:00,20-07-2021 00:00,13.73,26.24,11.93,0.97
20-07-2021 00:00,21-07-2021 00:00,34.98,26.21,13.67,0.97
21-07-2021 00:00,22-07-2021 00:00,39.2,27.99,11.56,1.1
22-07-2021 00:00,23-07-2021 00:00,22.47,15.42,11.72,0.72
23-07-2021 00:00,24-07-2021 00:00,27.86,18.15,10.9,1.13
24-07-2021 00:00,25-07-2021 00:00,36.69,30.0,10.76,1.05
25-07-2021 00:00,26-07-2021 00:00,32.19,20.54,13.3,0.68
26-07-2021 00:00,27-07-2021 00:00,39.79,18.16,11.5,0.81
27-07-2021 00:00,28-07-2021 00:00,33.03,23.49,10.21,0.97
28-07-2021 00:00,29-07-2021 00:00,16.46,22.21,9.37,0.79
29-07-2021 00:00,30-07-2021 00:00,22.02,26.29,11.46,0.92
30-07-2021 00:00,31-07-2021 00:00,27.96,25.92,11.07,1.07
31-07-2021 00:00,01-08-2021 00:00,17.15,17.65,13.2,0.79
01-08-2021 00:00,02-08-2021 00:00,33.75,29.21,10.48,1.13
02-08-2021 00:00,03-08-2021 00:00,43.06,28.03,12.91,1.07
03-08-2021 00:00,04-08-2021 00:00,19.67,19.47,11.05,0.67
04-08-2021 00:00,05-08-2021 00:00,16.45,19.31,11.45,0.72
05-08-2021 00:00,06-08-2021 00:00,32.45,25.48,14.35,0.81
06-08-2021 00:00,07-08-2021 00:00,39.77,28.64,14.25,0.97
07-08-2021 00:00,08-08-2021 00:00,41.18,34.82,12.9,1.1
08-08-2021 00:00,09-08-2021 00:00,45.36,32.55,13.58,1.05
09-08-2021 00:00,10-08-2021 00:00,42.39,27.58,9.81,1.01
10-08-2021 00:00,11-08-2021 00:00,35.77,31.92,5.53,1.11
11-08-2021 00:00,12-08-2021 00:00,24.4,29.14,7.42,0.77
12-08-2021 00:00,13-08-2021 00:00,28.3,33.53,10.46,0.64
13-08-2021 00:00,14-08-2021 00:00,22.93,24.88,11.28,1.09
14-08-2021 00:00,15-08-2021 00:00,26.07,32.39,10.48,0.71
15-08-2021 00:00,16-08-2021 00:00,25.78,25.0,8.97,1.68
16-08-2021 00:00,17-08-2021 00:00,31.98,56.69,10.38,0.73
17-08-2021 00:00,18-08-2021 00:00,42.78,55.76,10.4,0.76
18-08-2021 00:00,19-08-2021 00:00,55.52,65.42,9.94,1.74
19-08-2021 00:00,20-08-2021 00:00,84.17,68.2,12.02,1.17
20-08-2021 00:00,21-08-2021 00:00,35.57,41.69,9.25,0.84
21-08-2021 00:00,22-08-2021 00:00,16.53,40.83,9.25,0.93
22-08-2021 00:00,23-08-2021 00:00,30.38,32.26,7.93,0.99
23-08-2021 00:00,24-08-2021 00:00,32.29,53.06,8.96,1.25
24-08-2021 00:00,25-08-2021 00:00,49.82,68.68,9.05,1.27
25-08-2021 00:00,26-08-2021 00:00,35.15,49.21,10.91,0.96
26-08-2021 00:00,27-08-2021 00:00,27.34,47.72,10.56,1.08
27-08-2021 00:00,28-08-2021 00:00,35.84,50.48,10.43,0.94
28-08-2021 00:00,29-08-2021 00:00,48.79,50.07,10.3,0.91
29-08-2021 00:00,30-08-2021 00:00,50.75,33.93,9.29,0.91
30-08-2021 00:00,31-08-2021 00:00,20.15,20.51,8.93,0.74
31-08-2021 00:00,01-09-2021 00:00,18.99,33.75,9.99,0.91
01-09-2021 00:00,02-09-2021 00:00,20.79,42.03,8.72,0.99
02-09-2021 00:00,03-09-2021 00:00,27.27,41.53,9.7,0.93
03-09-2021 00:00,04-09-2021 00:00,24.85,47.56,11.14,0.76
04-09-2021 00:00,05-09-2021 00:00,26.45,48.35,10.2,1.15
05-09-2021 00:00,06-09-2021 00:00,44.35,53.34,11.08,1.57
06-09-2021 00:00,07-09-2021 00:00,51.28,51.69,9.51,1.35
07-09-2021 00:00,08-09-2021 00:00,42.49,37.7,8.86,1.05
08-09-2021 00:00,09-09-2021 00:00,21.42,28.31,8.14,0.82
09-09-2021 00:00,10-09-2021 00:00,28.41,26.48,8.8,0.83
10-09-2021 00:00,11-09-2021 00:00,29.16,28.33,6.19,0.85
11-09-2021 00:00,12-09-2021 00:00,16.23,32.4,5.61,0.69
12-09-2021 00:00,13-09-2021 00:00,26.26,28.42,8.77,1.19
13-09-2021 00:00,14-09-2021 00:00,48.6,37.54,6.87,0.95
14-09-2021 00:00,15-09-2021 00:00,21.55,29.19,9.02,1.11
15-09-2021 00:00,16-09-2021 00:00,12.77,26.91,7.11,1.57
16-09-2021 00:00,17-09-2021 00:00,18.45,33.28,4.44,1.61
17-09-2021 00:00,18-09-2021 00:00,16.62,26.14,6.37,2.95
18-09-2021 00:00,19-09-2021 00:00,26.0,25.44,6.81,1.13
19-09-2021 00:00,20-09-2021 00:00,29.6,28.75,6.78,0.86
20-09-2021 00:00,21-09-2021 00:00,28.97,35.41,7.39,1.04
21-09-2021 00:00,22-09-2021 00:00,27.09,35.25,6.83,0.94
22-09-2021 00:00,23-09-2021 00:00,23.71,29.08,5.0,0.92
23-09-2021 00:00,24-09-2021 00:00,22.45,27.65,3.97,0.92
24-09-2021 00:00,25-09-2021 00:00,20.61,41.54,8.51,2.48
25-09-2021 00:00,26-09-2021 00:00,46.27,35.67,10.54,0.7899999999999999
26-09-2021 00:00,27-09-2021 00:00,30.74,25.43,8.09,0.9
27-09-2021 00:00,28-09-2021 00:00,53.12,44.56,9.11,2.73
28-09-2021 00:00,29-09-2021 00:00,44.16,36.5,8.9,2.65
29-09-2021 00:00,30-09-2021 00:00,27.49,29.93,6.77,0.98
30-09-2021 00:00,01-10-2021 00:00,34.88,36.08,6.05,1.29
01-10-2021 00:00,02-10-2021 00:00,56.78,51.29,8.61,3.06
02-10-2021 00:00,03-10-2021 00:00,53.67,49.28,7.72,2.04
03-10-2021 00:00,04-10-2021 00:00,28.98,37.13,7.26,0.77
04-10-2021 00:00,05-10-2021 00:00,24.88,42.79,6.74,2.65
05-10-2021 00:00,06-10-2021 00:00,34.57,42.51,7.02,0.86
06-10-2021 00:00,07-10-2021 00:00,48.75,50.07,6.72,4.46
07-10-2021 00:00,08-10-2021 00:00,61.02,57.29,9.98,0.51
08-10-2021 00:00,09-10-2021 00:00,69.52,65.0,9.52,0.72
09-10-2021 00:00,10-10-2021 00:00,62.15,67.69,8.86,1.23
10-10-2021 00:00,11-10-2021 00:00,55.35,59.68,10.56,1.6
11-10-2021 00:00,12-10-2021 00:00,60.08,61.08,9.45,1.46
12-10-2021 00:00,13-10-2021 00:00,72.12,61.36,11.53,0.98
13-10-2021 00:00,14-10-2021 00:00,68.28,75.8,10.42,0.91
14-10-2021 00:00,15-10-2021 00:00,70.1,75.09,10.46,1.09
15-10-2021 00:00,16-10-2021 00:00,94.36,80.92,11.73,1.68
16-10-2021 00:00,17-10-2021 00:00,176.91,97.49,15.87,1.61
17-10-2021 00:00,18-10-2021 00:00,90.54,48.69,8.32,0.71
18-10-2021 00:00,19-10-2021 00:00,12.55,31.75,5.53,0.73
19-10-2021 00:00,20-10-2021 00:00,55.79,50.38,7.07,0.97
20-10-2021 00:00,21-10-2021 00:00,98.91,70.78,8.39,1.46
21-10-2021 00:00,22-10-2021 00:00,60.97,71.2,8.42,1.23
22-10-2021 00:00,23-10-2021 00:00,47.84,64.89,7.95,1.22
23-10-2021 00:00,24-10-2021 00:00,68.29,61.19,10.73,1.13
24-10-2021 00:00,25-10-2021 00:00,75.25,42.61,7.18,0.65
25-10-2021 00:00,26-10-2021 00:00,27.16,58.93,7.88,1.07
26-10-2021 00:00,27-10-2021 00:00,62.94,66.06,12.47,1.59
27-10-2021 00:00,28-10-2021 00:00,106.56,82.32,11.43,1.3
28-10-2021 00:00,29-10-2021 00:00,127.59,82.88,10.2,1.4
29-10-2021 00:00,30-10-2021 00:00,129.09,93.42,12.01,1.71
30-10-2021 00:00,31-10-2021 00:00,114.1,84.79,10.62,1.2
31-10-2021 00:00,01-11-2021 00:00,137.3,79.74,13.87,1.84
01-11-2021 00:00,02-11-2021 00:00,146.01,87.89,12.86,1.48
02-11-2021 00:00,03-11-2021 00:00,139.85,82.03,10.88,1.22
03-11-2021 00:00,04-11-2021 00:00,179.31,88.39,12.77,2.67
04-11-2021 00:00,05-11-2021 00:00,308.07,91.26,12.57,1.94
05-11-2021 00:00,06-11-2021 00:00,393.71,82.74,16.47,1.92
06-11-2021 00:00,07-11-2021 00:00,348.55,89.11,10.11,1.53
07-11-2021 00:00,08-11-2021 00:00,259.77,91.6,11.28,1.49
08-11-2021 00:00,09-11-2021 00:00,260.07,108.47,11.57,1.66
09-11-2021 00:00,10-11-2021 00:00,262.82,137.07,13.02,1.71
10-11-2021 00:00,11-11-2021 00:00,221.68,219.36,16.17,1.82
11-11-2021 00:00,12-11-2021 00:00,297.31,209.44,14.91,1.71
12-11-2021 00:00,13-11-2021 00:00,448.06,149.07,11.78,3.73
13-11-2021 00:00,14-11-2021 00:00,267.19,106.2,8.29,1.86
14-11-2021 00:00,15-11-2021 00:00,186.78,101.99,12.15,2.21
15-11-2021 00:00,16-11-2021 00:00,197.61,115.51,8.38,1.76
16-11-2021 00:00,17-11-2021 00:00,252.44,100.1,8.88,2.0
17-11-2021 00:00,18-11-2021 00:00,229.49,94.62,10.02,2.55
18-11-2021 00:00,19-11-2021 00:00,226.49,120.35,10.39,3.3
19-11-2021 00:00,20-11-2021 00:00,234.4,113.7,10.63,2.35
20-11-2021 00:00,21-11-2021 00:00,224.92,120.97,10.42,2.77
21-11-2021 00:00,22-11-2021 00:00,200.77,94.94,6.8,1.57
22-11-2021 00:00,23-11-2021 00:00,137.46,82.16,7.8,1.17
23-11-2021 00:00,24-11-2021 00:00,150.82,88.99,8.66,2.11
24-11-2021 00:00,25-11-2021 00:00,250.29,112.76,9.39,2.72
25-11-2021 00:00,26-11-2021 00:00,295.75,103.29,10.35,2.06
26-11-2021 00:00,27-11-2021 00:00,313.11,122.6,14.01,2.25
27-11-2021 00:00,28-11-2021 00:00,292.56,94.1,12.5,2.62
28-11-2021 00:00,29-11-2021 00:00,290.7,87.59,14.44,3.25
29-11-2021 00:00,30-11-2021 00:00,239.35,106.67,12.85,1.84
30-11-2021 00:00,01-12-2021 00:00,192.4,99.94,10.7,1.52
01-12-2021 00:00,02-12-2021 00:00,235.03,137.51,12.76,2.25
02-12-2021 00:00,03-12-2021 00:00,279.72,89.13,11.62,1.51
03-12-2021 00:00,04-12-2021 00:00,212.46,88.39,10.4,2.22
04-12-2021 00:00,05-12-2021 00:00,171.14,85.72,12.6,2.05
05-12-2021 00:00,06-12-2021 00:00,192.6,81.21,14.4,2.34
06-12-2021 00:00,07-12-2021 00:00,164.14,85.55,12.07,1.25
07-12-2021 00:00,08-12-2021 00:00,118.47,69.71,11.61,1.02
08-12-2021 00:00,09-12-2021 00:00,113.29,77.21,10.91,1.13
09-12-2021 00:00,10-12-2021 00:00,148.09,91.5,12.66,1.36
10-12-2021 00:00,11-12-2021 00:00,156.51,91.07,13.1,1.32
11-12-2021 00:00,12-12-2021 00:00,117.77,80.13,10.63,1.44
12-12-2021 00:00,13-12-2021 00:00,172.09,87.07,12.0,1.9
13-12-2021 00:00,14-12-2021 00:00,220.46,84.66,12.24,2.6
14-12-2021 00:00,15-12-2021 00:00,265.47,84.59,12.66,2.75
15-12-2021 00:00,16-12-2021 00:00,210.36,91.34,12.11,1.77
16-12-2021 00:00,17-12-2021 00:00,234.0,94.32,15.41,1.42
17-12-2021 00:00,18-12-2021 00:00,144.89,68.71,14.08,0.82
18-12-2021 00:00,19-12-2021 00:00,160.76,63.87,9.64,1.05
19-12-2021 00:00,20-12-2021 00:00,150.17,75.7,10.31,1.21
20-12-2021 00:00,21-12-2021 00:00,226.22,93.2,14.18,1.7
21-12-2021 00:00,22-12-2021 00:00,323.23,112.0,16.66,2.91
22-12-2021 00:00,23-12-2021 00:00,348.52,126.69,18.98,2.69
23-12-2021 00:00,24-12-2021 00:00,392.44,112.71,16.29,2.55
24-12-2021 00:00,25-12-2021 00:00,326.06,85.24,12.5,2.27
25-12-2021 00:00,26-12-2021 00:00,431.72,102.4,15.73,3.92
26-12-2021 00:00,27-12-2021 00:00,417.6,82.19,11.82,2.56
27-12-2021 00:00,28-12-2021 00:00,141.17,61.25,14.06,1.65
28-12-2021 00:00,29-12-2021 00:00,165.4,74.91,11.34,1.57
29-12-2021 00:00,30-12-2021 00:00,145.56,67.54,9.87,1.57
30-12-2021 00:00,31-12-2021 00:00,163.4,74.06,12.85,1.98
31-12-2021 00:00,01-01-2022 00:00,197.84,82.25,11.53,1.4
01-01-2022 00:00,02-01-2022 00:00,247.92,81.62,10.26,1.45
02-01-2022 00:00,03-01-2022 00:00,271.27,80.16,10.74,1.51
03-01-2022 00:00,04-01-2022 00:00,240.7,85.39,11.52,1.62
04-01-2022 00:00,05-01-2022 00:00,218.44,89.27,13.26,2.19
05-01-2022 00:00,06-01-2022 00:00,317.74,75.62,10.73,1.62
06-01-2022 00:00,07-01-2022 00:00,124.04,39.37,10.76,0.9
07-01-2022 00:00,08-01-2022 00:00,70.0,33.13,9.49,0.75
08-01-2022 00:00,09-01-2022 00:00,44.36,24.36,8.28,0.65
09-01-2022 00:00,10-01-2022 00:00,45.15,25.87,8.65,0.7
10-01-2022 00:00,11-01-2022 00:00,97.47,43.95,10.83,1.0
11-01-2022 00:00,12-01-2022 00:00,104.99,46.76,10.23,0.85
12-01-2022 00:00,13-01-2022 00:00,123.01,49.98,11.24,1.14
13-01-2022 00:00,14-01-2022 00:00,299.78,73.25,10.81,1.95
14-01-2022 00:00,15-01-2022 00:00,239.19,56.12,13.59,1.12
15-01-2022 00:00,16-01-2022 00:00,166.42,40.68,9.56,0.81
16-01-2022 00:00,17-01-2022 00:00,179.75,41.81,9.34,0.87
17-01-2022 00:00,18-01-2022 00:00,188.1,41.72,9.92,1.02
18-01-2022 00:00,19-01-2022 00:00,218.55,47.26,9.33,1.1
19-01-2022 00:00,20-01-2022 00:00,220.32,51.37,10.04,1.18
20-01-2022 00:00,21-01-2022 00:00,250.66,39.73,10.57,1.29
21-01-2022 00:00,22-01-2022 00:00,223.2,46.87,11.91,1.51
22-01-2022 00:00,23-01-2022 00:00,135.02,32.37,8.48,0.86
23-01-2022 00:00,24-01-2022 00:00,129.81,32.29,9.09,1.28
24-01-2022 00:00,25-01-2022 00:00,123.39,51.24,10.57,1.57
25-01-2022 00:00,26-01-2022 00:00,138.49,44.84,9.41,1.13
26-01-2022 00:00,27-01-2022 00:00,122.49,45.15,9.65,1.0
27-01-2022 00:00,28-01-2022 00:00,115.46,63.7,9.82,1.06
28-01-2022 00:00,29-01-2022 00:00,100.42,76.0,14.72,1.07
29-01-2022 00:00,30-01-2022 00:00,121.17,81.36,9.62,1.4
30-01-2022 00:00,31-01-2022 00:00,144.19,71.17,10.48,1.03
31-01-2022 00:00,01-02-2022 00:00,236.97,67.25,10.51,1.41
01-02-2022 00:00,02-02-2022 00:00,214.52,85.01,9.21,1.31
02-02-2022 00:00,03-02-2022 00:00,178.29,62.8,9.01,0.65
03-02-2022 00:00,04-02-2022 00:00,162.35,47.85,8.35,1.01
04-02-2022 00:00,05-02-2022 00:00,65.08,60.04,8.44,1.11
05-02-2022 00:00,06-02-2022 00:00,139.79,92.61,10.59,1.77
06-02-2022 00:00,07-02-2022 00:00,149.72,85.11,10.06,1.39
07-02-2022 00:00,08-02-2022 00:00,113.62,94.39,9.29,1.05
08-02-2022 00:00,09-02-2022 00:00,133.31,84.12,10.72,1.21
09-02-2022 00:00,10-02-2022 00:00,89.36,55.9,11.93,0.89
10-02-2022 00:00,11-02-2022 00:00,74.59,61.84,8.18,0.84
11-02-2022 00:00,12-02-2022 00:00,81.14,68.62,7.98,0.92
12-02-2022 00:00,13-02-2022 00:00,81.16,73.78,7.62,1.41
13-02-2022 00:00,14-02-2022 00:00,130.17,67.05,7.27,1.27
14-02-2022 00:00,15-02-2022 00:00,112.59,69.65,7.43,1.47
15-02-2022 00:00,16-02-2022 00:00,102.79,86.68,8.67,1.65
16-02-2022 00:00,17-02-2022 00:00,127.89,106.38,9.2,1.56
17-02-2022 00:00,18-02-2022 00:00,104.06,97.55,10.57,1.67
18-02-2022 00:00,19-02-2022 00:00,108.81,93.73,7.56,1.21
19-02-2022 00:00,20-02-2022 00:00,74.73,82.86,8.01,0.94
20-02-2022 00:00,21-02-2022 00:00,73.31,71.01,7.37,0.94
21-02-2022 00:00,22-02-2022 00:00,65.94,76.45,8.67,1.54
22-02-2022 00:00,23-02-2022 00:00,83.06,54.71,7.5,0.65
23-02-2022 00:00,24-02-2022 00:00,112.1,49.67,6.92,1.43
24-02-2022 00:00,25-02-2022 00:00,151.26,86.14,7.65,1.4
25-02-2022 00:00,26-02-2022 00:00,87.64,71.28,8.12,0.91
26-02-2022 00:00,27-02-2022 00:00,21.76,39.15,6.33,0.64
27-02-2022 00:00,28-02-2022 00:00,36.51,54.26,7.47,0.75
28-02-2022 00:00,01-03-2022 00:00,36.95,74.28,7.21,0.9
01-03-2022 00:00,02-03-2022 00:00,74.41,85.8,8.14,1.05
02-03-2022 00:00,03-03-2022 00:00,97.09,95.55,9.88,1.71
03-03-2022 00:00,04-03-2022 00:00,73.98,79.94,10.91,1.24
04-03-2022 00:00,05-03-2022 00:00,74.5,56.07,12.11,0.76
05-03-2022 00:00,06-03-2022 00:00,47.78,61.37,11.21,0.85
06-03-2022 00:00,07-03-2022 00:00,77.59,72.89,12.44,1.07
07-03-2022 00:00,08-03-2022 00:00,112.67,79.57,14.83,1.87
08-03-2022 00:00,09-03-2022 00:00,104.55,92.42,12.77,1.17
09-03-2022 00:00,10-03-2022 00:00,50.28,73.3,13.99,0.94
10-03-2022 00:00,11-03-2022 00:00,52.17,70.28,13.1,0.9
11-03-2022 00:00,12-03-2022 00:00,67.46,74.34,10.52,0.85
12-03-2022 00:00,13-03-2022 00:00,60.73,75.87,10.26,0.95
13-03-2022 00:00,14-03-2022 00:00,70.84,81.12,11.5,0.92
14-03-2022 00:00,15-03-2022 00:00,102.82,80.09,12.91,1.14
15-03-2022 00:00,16-03-2022 00:00,93.29,79.62,14.41,1.31
16-03-2022 00:00,17-03-2022 00:00,81.9,66.84,11.19,0.91
17-03-2022 00:00,18-03-2022 00:00,104.92,58.03,15.61,0.8
18-03-2022 00:00,19-03-2022 00:00,129.03,42.16,10.51,0.87
19-03-2022 00:00,20-03-2022 00:00,102.19,51.64,10.34,0.92
20-03-2022 00:00,21-03-2022 00:00,100.78,63.91,11.75,0.89
21-03-2022 00:00,22-03-2022 00:00,112.25,85.84,12.61,1.17
22-03-2022 00:00,23-03-2022 00:00,66.81,62.75,12.15,0.65
23-03-2022 00:00,24-03-2022 00:00,83.02,83.28,13.26,1.55
24-03-2022 00:00,25-03-2022 00:00,107.2,84.93,11.88,1.1
25-03-2022 00:00,26-03-2022 00:00,73.62,76.53,10.52,0.77
26-03-2022 00:00,27-03-2022 00:00,62.85,71.82,13.05,0.61
27-03-2022 00:00,28-03-2022 00:00,68.0,79.04,13.93,1.19
28-03-2022 00:00,29-03-2022 00:00,80.12,91.88,13.0,1.73
29-03-2022 00:00,30-03-2022 00:00,76.78,95.31,16.26,1.77
30-03-2022 00:00,31-03-2022 00:00,97.53,102.87,17.38,1.88
31-03-2022 00:00,01-04-2022 00:00,167.77,98.28,25.78,1.3
01-04-2022 00:00,02-04-2022 00:00,60.66,89.36,19.49,1.34
02-04-2022 00:00,03-04-2022 00:00,97.09,93.58,19.36,1.14
03-04-2022 00:00,04-04-2022 00:00,100.05,84.69,20.8,1.59
04-04-2022 00:00,05-04-2022 00:00,79.97,96.53,19.1,1.2
05-04-2022 00:00,06-04-2022 00:00,84.88,102.48,19.16,1.42
06-04-2022 00:00,07-04-2022 00:00,92.0,102.97,20.14,1.56
07-04-2022 00:00,08-04-2022 00:00,97.08,103.61,19.97,1.36
08-04-2022 00:00,09-04-2022 00:00,80.44,107.42,22.57,1.7
09-04-2022 00:00,10-04-2022 00:00,78.92,98.57,17.77,1.39
10-04-2022 00:00,11-04-2022 00:00,74.36,91.67,21.77,0.96
11-04-2022 00:00,12-04-2022 00:00,76.07,106.24,16.8,1.44
12-04-2022 00:00,13-04-2022 00:00,80.28,92.8,18.47,1.24
13-04-2022 00:00,14-04-2022 00:00,122.18,84.35,18.57,1.3
14-04-2022 00:00,15-04-2022 00:00,59.76,55.0,11.76,0.63
15-04-2022 00:00,16-04-2022 00:00,64.64,53.84,9.76,1.26
16-04-2022 00:00,17-04-2022 00:00,92.04,75.39,13.32,4.39
17-04-2022 00:00,18-04-2022 00:00,105.17,86.45,14.43,1.76
18-04-2022 00:00,19-04-2022 00:00,113.74,85.92,14.43,1.97
19-04-2022 00:00,20-04-2022 00:00,115.79,78.28,12.07,1.57
20-04-2022 00:00,21-04-2022 00:00,87.55,70.85,14.05,0.99
21-04-2022 00:00,22-04-2022 00:00,90.59,60.7,13.53,0.79
22-04-2022 00:00,23-04-2022 00:00,50.46,71.95,9.61,1.19
23-04-2022 00:00,24-04-2022 00:00,83.71,98.5,12.42,1.51
24-04-2022 00:00,25-04-2022 00:00,98.75,88.05,13.66,1.0
25-04-2022 00:00,26-04-2022 00:00,87.2,76.46,12.19,0.87
26-04-2022 00:00,27-04-2022 00:00,71.66,93.43,12.45,1.54
27-04-2022 00:00,28-04-2022 00:00,99.62,110.52,10.63,1.82
28-04-2022 00:00,29-04-2022 00:00,137.77,112.82,15.6,1.42
29-04-2022 00:00,30-04-2022 00:00,102.77,86.8,16.18,1.32
30-04-2022 00:00,01-05-2022 00:00,83.94,85.1,16.71,1.51
01-05-2022 00:00,02-05-2022 00:00,82.97,39.46,9.25,1.08
02-05-2022 00:00,03-05-2022 00:00,62.51,27.31,8.66,1.59
03-05-2022 00:00,04-05-2022 00:00,83.99,31.05,11.37,0.95
04-05-2022 00:00,05-05-2022 00:00,62.99,40.91,8.81,1.16
05-05-2022 00:00,06-05-2022 00:00,67.28,61.79,12.79,0.94
06-05-2022 00:00,07-05-2022 00:00,109.6,65.82,12.53,1.01
07-05-2022 00:00,08-05-2022 00:00,77.4,62.65,12.38,2.31
08-05-2022 00:00,09-05-2022 00:00,72.55,41.38,11.56,3.49
09-05-2022 00:00,10-05-2022 00:00,60.28,28.61,9.31,0.65
10-05-2022 00:00,11-05-2022 00:00,56.73,31.69,8.3,0.75
11-05-2022 00:00,12-05-2022 00:00,54.74,32.78,9.48,0.79
12-05-2022 00:00,13-05-2022 00:00,63.8,42.94,9.39,0.98
13-05-2022 00:00,14-05-2022 00:00,66.89,52.58,12.63,1.42
14-05-2022 00:00,15-05-2022 00:00,99.69,94.43,14.59,2.22
15-05-2022 00:00,16-05-2022 00:00,69.33,94.5,10.2,1.71
16-05-2022 00:00,17-05-2022 00:00,69.55,66.23,8.53,0.91
17-05-2022 00:00,18-05-2022 00:00,55.39,44.24,13.32,0.76
18-05-2022 00:00,19-05-2022 00:00,59.27,49.14,14.9,0.93
19-05-2022 00:00,20-05-2022 00:00,82.49,63.99,12.9,1.22
20-05-2022 00:00,21-05-2022 00:00,72.65,70.55,9.45,0.99
21-05-2022 00:00,22-05-2022 00:00,52.11,50.28,6.55,0.73
22-05-2022 00:00,23-05-2022 00:00,48.93,37.89,8.69,0.63
23-05-2022 00:00,24-05-2022 00:00,21.57,23.64,5.41,0.61
24-05-2022 00:00,25-05-2022 00:00,29.56,36.87,3.97,0.95
25-05-2022 00:00,26-05-2022 00:00,78.62,66.86,9.99,1.46
26-05-2022 00:00,27-05-2022 00:00,87.57,66.34,11.36,1.52
27-05-2022 00:00,28-05-2022 00:00,92.0,63.59,8.98,0.88
28-05-2022 00:00,29-05-2022 00:00,72.35,62.68,8.53,1.21
29-05-2022 00:00,30-05-2022 00:00,56.61,41.82,8.54,0.53
30-05-2022 00:00,31-05-2022 00:00,56.32,51.84,7.09,1.02
31-05-2022 00:00,01-06-2022 00:00,90.61,78.09,9.62,1.6
01-06-2022 00:00,02-06-2022 00:00,77.4,86.3,8.03,1.0
02-06-2022 00:00,03-06-2022 00:00,56.3,88.45,8.93,1.13
03-06-2022 00:00,04-06-2022 00:00,73.66,91.95,11.5,1.54
04-06-2022 00:00,05-06-2022 00:00,61.46,96.15,11.46,1.25
05-06-2022 00:00,06-06-2022 00:00,39.9,65.83,6.0,0.77
06-06-2022 00:00,07-06-2022 00:00,46.72,71.72,9.83,1.11
07-06-2022 00:00,08-06-2022 00:00,72.58,67.38,7.81,1.01
08-06-2022 00:00,09-06-2022 00:00,56.29,59.05,5.53,0.93
09-06-2022 00:00,10-06-2022 00:00,43.76,58.3,5.41,0.83
10-06-2022 00:00,11-06-2022 00:00,57.81,60.42,5.92,1.12
11-06-2022 00:00,12-06-2022 00:00,48.09,45.15,5.97,0.6
12-06-2022 00:00,13-06-2022 00:00,54.11,55.02,6.87,1.19
13-06-2022 00:00,14-06-2022 00:00,38.56,51.52,5.98,0.79
14-06-2022 00:00,15-06-2022 00:00,37.56,42.39,7.32,0.17
15-06-2022 00:00,16-06-2022 00:00,23.63,34.29,5.72,0.11
16-06-2022 00:00,17-06-2022 00:00,23.78,37.09,5.56,0.5
17-06-2022 00:00,18-06-2022 00:00,22.66,37.83,4.48,0.71
18-06-2022 00:00,19-06-2022 00:00,31.29,32.57,5.17,0.5
19-06-2022 00:00,20-06-2022 00:00,32.61,41.15,4.41,0.71
20-06-2022 00:00,21-06-2022 00:00,36.58,52.0,4.66,0.72
21-06-2022 00:00,22-06-2022 00:00,43.04,51.16,5.88,0.76
22-06-2022 00:00,23-06-2022 00:00,45.77,43.37,6.01,0.77
23-06-2022 00:00,24-06-2022 00:00,42.77,55.97,6.72,0.66
24-06-2022 00:00,25-06-2022 00:00,56.34,68.81,10.47,1.07
25-06-2022 00:00,26-06-2022 00:00,72.0,57.54,12.58,1.21
26-06-2022 00:00,27-06-2022 00:00,52.12,32.43,6.31,0.72
27-06-2022 00:00,28-06-2022 00:00,45.74,24.71,5.48,0.67
28-06-2022 00:00,29-06-2022 00:00,69.65,31.35,5.6,0.72
29-06-2022 00:00,30-06-2022 00:00,51.81,34.28,5.62,0.59
30-06-2022 00:00,01-07-2022 00:00,29.26,36.41,4.42,0.76
01-07-2022 00:00,02-07-2022 00:00,26.02,32.14,3.68,0.62
02-07-2022 00:00,03-07-2022 00:00,33.92,30.06,4.0,0.67
03-07-2022 00:00,04-07-2022 00:00,26.38,33.0,3.37,0.9
04-07-2022 00:00,05-07-2022 00:00,52.92,48.07,3.94,0.82
05-07-2022 00:00,06-07-2022 00:00,55.53,34.94,3.55,0.72
06-07-2022 00:00,07-07-2022 00:00,44.28,24.34,4.61,0.59
07-07-2022 00:00,08-07-2022 00:00,32.2,22.92,4.37,0.58
08-07-2022 00:00,09-07-2022 00:00,27.24,32.18,4.33,0.74
09-07-2022 00:00,10-07-2022 00:00,33.67,25.37,4.73,0.66
10-07-2022 00:00,11-07-2022 00:00,29.85,26.15,4.45,0.76
11-07-2022 00:00,12-07-2022 00:00,39.01,51.95,5.06,1.04
12-07-2022 00:00,13-07-2022 00:00,34.95,53.04,4.04,1.06
13-07-2022 00:00,14-07-2022 00:00,29.85,43.43,4.41,0.89
14-07-2022 00:00,15-07-2022 00:00,22.75,48.18,4.71,0.73
15-07-2022 00:00,16-07-2022 00:00,18.91,29.29,4.12,0.4
16-07-2022 00:00,17-07-2022 00:00,17.3,39.22,3.76,0.73
17-07-2022 00:00,18-07-2022 00:00,21.51,29.93,3.22,0.71
18-07-2022 00:00,19-07-2022 00:00,34.29,37.64,4.27,0.97
19-07-2022 00:00,20-07-2022 00:00,37.33,57.73,4.3,1.01
20-07-2022 00:00,21-07-2022 00:00,32.76,44.18,3.33,0.65
21-07-2022 00:00,22-07-2022 00:00,45.24,50.41,3.73,0.94
22-07-2022 00:00,23-07-2022 00:00,53.74,42.49,4.46,0.99
23-07-2022 00:00,24-07-2022 00:00,23.55,20.75,3.19,0.57
24-07-2022 00:00,25-07-2022 00:00,19.22,25.01,3.43,0.61
25-07-2022 00:00,26-07-2022 00:00,19.07,20.25,3.21,0.56
26-07-2022 00:00,27-07-2022 00:00,23.52,24.78,3.91,0.68
27-07-2022 00:00,28-07-2022 00:00,24.82,22.93,3.54,0.71
28-07-2022 00:00,29-07-2022 00:00,14.22,37.06,3.55,0.91
29-07-2022 00:00,30-07-2022 00:00,13.33,30.27,3.34,0.72
30-07-2022 00:00,31-07-2022 00:00,15.94,31.87,3.38,0.83
31-07-2022 00:00,01-08-2022 00:00,22.21,32.89,2.72,0.83
01-08-2022 00:00,02-08-2022 00:00,31.82,38.17,3.61,1.03
02-08-2022 00:00,03-08-2022 00:00,27.41,41.2,3.8,0.9
03-08-2022 00:00,04-08-2022 00:00,49.26,54.78,3.11,1.25
04-08-2022 00:00,05-08-2022 00:00,38.14,32.4,3.13,0.53
05-08-2022 00:00,06-08-2022 00:00,32.78,34.93,3.63,0.9
06-08-2022 00:00,07-08-2022 00:00,48.54,35.97,3.35,0.86
07-08-2022 00:00,08-08-2022 00:00,35.18,32.48,2.86,0.8
08-08-2022 00:00,09-08-2022 00:00,35.25,37.21,3.86,1.04
09-08-2022 00:00,10-08-2022 00:00,30.95,30.91,4.17,0.85
10-08-2022 00:00,11-08-2022 00:00,17.77,25.74,3.86,0.67
11-08-2022 00:00,12-08-2022 00:00,10.44,22.81,5.07,0.71
12-08-2022 00:00,13-08-2022 00:00,13.8,19.13,4.94,0.58
13-08-2022 00:00,14-08-2022 00:00,23.6,23.19,4.53,0.73
14-08-2022 00:00,15-08-2022 00:00,24.95,32.53,3.6,0.79
15-08-2022 00:00,16-08-2022 00:00,11.8,19.91,4.52,0.5
16-08-2022 00:00,17-08-2022 00:00,9.19,14.75,4.1,0.65
17-08-2022 00:00,18-08-2022 00:00,8.19,25.32,3.98,0.69
18-08-2022 00:00,19-08-2022 00:00,16.27,33.09,3.49,0.81
19-08-2022 00:00,20-08-2022 00:00,12.3,34.52,2.94,0.61
20-08-2022 00:00,21-08-2022 00:00,25.83,49.69,2.82,0.82
21-08-2022 00:00,22-08-2022 00:00,43.28,51.08,3.89,0.98
22-08-2022 00:00,23-08-2022 00:00,25.53,31.13,3.44,0.59
23-08-2022 00:00,23-08-2022 17:10,21.12,15.71,3.32,0.45
