,From_Date,To_Date,PM2.5,SO2,NO2,CO
0,01-01-2018 00:00,02-01-2018 00:00,56.32,15.59,43.99,
1,02-01-2018 00:00,03-01-2018 00:00,64.01,9.19,33.24,
2,03-01-2018 00:00,04-01-2018 00:00,73.7,9.87,33.8,
3,04-01-2018 00:00,05-01-2018 00:00,76.6,14.89,35.73,
4,05-01-2018 00:00,06-01-2018 00:00,74.92,14.38,37.6,
5,06-01-2018 00:00,07-01-2018 00:00,71.8,15.46,46.02,
6,07-01-2018 00:00,08-01-2018 00:00,70.45,15.8,49.46,
7,08-01-2018 00:00,09-01-2018 00:00,73.7,8.58,34.11,
8,09-01-2018 00:00,10-01-2018 00:00,77.13,13.98,39.63,
9,10-01-2018 00:00,11-01-2018 00:00,72.62,13.92,38.12,
10,11-01-2018 00:00,12-01-2018 00:00,70.54,13.92,34.75,
11,12-01-2018 00:00,13-01-2018 00:00,71.67,24.88,45.23,
12,13-01-2018 00:00,14-01-2018 00:00,64.64,28.04,32.77,
13,14-01-2018 00:00,15-01-2018 00:00,66.05,17.24,26.45,
14,15-01-2018 00:00,16-01-2018 00:00,71.74,9.73,19.64,
15,16-01-2018 00:00,17-01-2018 00:00,60.09,11.07,27.44,
16,17-01-2018 00:00,18-01-2018 00:00,63.61,12.93,29.36,
17,18-01-2018 00:00,19-01-2018 00:00,62.99,17.68,51.2,
18,19-01-2018 00:00,20-01-2018 00:00,53.91,20.22,38.93,
19,20-01-2018 00:00,21-01-2018 00:00,58.31,25.86,47.76,
20,21-01-2018 00:00,22-01-2018 00:00,65.01,18.66,39.04,
21,22-01-2018 00:00,23-01-2018 00:00,70.12,11.33,38.94,
22,23-01-2018 00:00,24-01-2018 00:00,66.37,8.36,35.79,
23,24-01-2018 00:00,25-01-2018 00:00,66.05,15.37,29.18,
24,25-01-2018 00:00,26-01-2018 00:00,64.09,22.35,31.16,
25,26-01-2018 00:00,27-01-2018 00:00,63.89,20.91,31.98,
26,27-01-2018 00:00,28-01-2018 00:00,67.53,16.53,38.94,
27,28-01-2018 00:00,29-01-2018 00:00,74.05,12.54,32.25,
28,29-01-2018 00:00,30-01-2018 00:00,70.22,10.17,32.56,
29,30-01-2018 00:00,31-01-2018 00:00,53.45,18.24,34.46,
30,31-01-2018 00:00,01-02-2018 00:00,44.71,20.26,32.94,
31,01-02-2018 00:00,02-02-2018 00:00,50.27,34.26,58.35,
32,02-02-2018 00:00,03-02-2018 00:00,43.08,25.43,50.19,
33,03-02-2018 00:00,04-02-2018 00:00,47.93,10.5,40.14,
34,04-02-2018 00:00,05-02-2018 00:00,44.43,11.93,31.37,
35,05-02-2018 00:00,06-02-2018 00:00,45.11,8.46,30.62,
36,06-02-2018 00:00,07-02-2018 00:00,51.29,18.18,45.12,
37,07-02-2018 00:00,08-02-2018 00:00,59.12,23.46,42.23,
38,08-02-2018 00:00,09-02-2018 00:00,51.32,32.94,60.87,
39,09-02-2018 00:00,10-02-2018 00:00,57.65,23.34,50.54,
40,10-02-2018 00:00,11-02-2018 00:00,55.29,14.32,38.36,
41,11-02-2018 00:00,12-02-2018 00:00,46.91,6.24,18.02,
42,12-02-2018 00:00,13-02-2018 00:00,52.98,4.86,18.04,
43,13-02-2018 00:00,14-02-2018 00:00,49.76,4.47,17.29,
44,14-02-2018 00:00,15-02-2018 00:00,55.84,8.05,27.49,
45,15-02-2018 00:00,16-02-2018 00:00,47.42,11.87,24.18,
46,16-02-2018 00:00,17-02-2018 00:00,45.73,18.59,28.67,
47,17-02-2018 00:00,18-02-2018 00:00,44.02,24.43,34.56,
48,18-02-2018 00:00,19-02-2018 00:00,58.19,13.82,33.18,
49,19-02-2018 00:00,20-02-2018 00:00,52.48,9.69,33.43,
50,20-02-2018 00:00,21-02-2018 00:00,47.1,6.53,25.78,
51,21-02-2018 00:00,22-02-2018 00:00,59.39,7.06,35.97,
52,22-02-2018 00:00,23-02-2018 00:00,62.31,5.55,38.27,
53,23-02-2018 00:00,24-02-2018 00:00,59.8,8.11,31.05,
54,24-02-2018 00:00,25-02-2018 00:00,47.5,8.03,33.29,
55,25-02-2018 00:00,26-02-2018 00:00,43.47,7.91,30.81,
56,26-02-2018 00:00,27-02-2018 00:00,53.25,9.7,59.41,
57,27-02-2018 00:00,28-02-2018 00:00,57.63,16.03,58.75,
58,28-02-2018 00:00,01-03-2018 00:00,62.32,11.16,57.66,
59,01-03-2018 00:00,02-03-2018 00:00,60.9,16.52,66.39,
60,02-03-2018 00:00,03-03-2018 00:00,61.41,14.7,62.1,
61,03-03-2018 00:00,04-03-2018 00:00,62.51,16.33,46.86,
62,04-03-2018 00:00,05-03-2018 00:00,62.84,12.23,47.43,
63,05-03-2018 00:00,06-03-2018 00:00,55.06,9.74,42.01,
64,06-03-2018 00:00,07-03-2018 00:00,53.39,12.12,31.23,
65,07-03-2018 00:00,08-03-2018 00:00,51.63,8.59,29.38,
66,08-03-2018 00:00,09-03-2018 00:00,55.31,7.4,38.1,
67,09-03-2018 00:00,10-03-2018 00:00,61.31,7.78,32.16,
68,10-03-2018 00:00,11-03-2018 00:00,71.84,9.42,39.59,
69,11-03-2018 00:00,12-03-2018 00:00,55.35,7.25,21.77,
70,12-03-2018 00:00,13-03-2018 00:00,41.25,5.41,26.99,
71,13-03-2018 00:00,14-03-2018 00:00,45.41,6.41,28.31,
72,14-03-2018 00:00,15-03-2018 00:00,55.47,8.83,37.83,
73,15-03-2018 00:00,16-03-2018 00:00,55.37,15.46,31.22,
74,16-03-2018 00:00,17-03-2018 00:00,59.43,14.87,17.05,
75,17-03-2018 00:00,18-03-2018 00:00,52.69,5.69,17.04,
76,18-03-2018 00:00,19-03-2018 00:00,41.68,4.92,17.48,
77,19-03-2018 00:00,20-03-2018 00:00,51.47,5.21,29.79,
78,20-03-2018 00:00,21-03-2018 00:00,60.51,8.26,34.21,
79,21-03-2018 00:00,22-03-2018 00:00,64.15,19.77,34.21,
80,22-03-2018 00:00,23-03-2018 00:00,55.62,20.1,34.05,
81,23-03-2018 00:00,24-03-2018 00:00,57.12,17.94,36.91,
82,24-03-2018 00:00,25-03-2018 00:00,59.91,26.5,42.43,
83,25-03-2018 00:00,26-03-2018 00:00,74.95,10.57,29.44,
84,26-03-2018 00:00,27-03-2018 00:00,66.31,7.25,26.75,
85,27-03-2018 00:00,28-03-2018 00:00,67.12,12.19,38.02,
86,28-03-2018 00:00,29-03-2018 00:00,59.96,10.76,32.61,
87,29-03-2018 00:00,30-03-2018 00:00,66.88,9.89,36.28,
88,30-03-2018 00:00,31-03-2018 00:00,65.96,13.45,32.46,
89,31-03-2018 00:00,01-04-2018 00:00,,,,
90,01-04-2018 00:00,02-04-2018 00:00,,,,
91,02-04-2018 00:00,03-04-2018 00:00,,,,
92,03-04-2018 00:00,04-04-2018 00:00,,,,
93,04-04-2018 00:00,05-04-2018 00:00,,,,
94,05-04-2018 00:00,06-04-2018 00:00,,,,
95,06-04-2018 00:00,07-04-2018 00:00,39.49,6.44,19.24,
96,07-04-2018 00:00,08-04-2018 00:00,37.03,11.83,34.1,
97,08-04-2018 00:00,09-04-2018 00:00,34.71,6.22,22.4,
98,09-04-2018 00:00,10-04-2018 00:00,45.56,8.09,33.06,
99,10-04-2018 00:00,11-04-2018 00:00,37.45,5.01,29.03,
100,11-04-2018 00:00,12-04-2018 00:00,32.58,7.93,23.53,
101,12-04-2018 00:00,13-04-2018 00:00,42.24,8.96,30.16,
102,13-04-2018 00:00,14-04-2018 00:00,28.17,4.56,22.78,
103,14-04-2018 00:00,15-04-2018 00:00,27.9,4.74,24.43,
104,15-04-2018 00:00,16-04-2018 00:00,33.88,8.76,23.92,
105,16-04-2018 00:00,17-04-2018 00:00,49.66,12.87,33.03,
106,17-04-2018 00:00,18-04-2018 00:00,38.31,7.42,30.11,
107,18-04-2018 00:00,19-04-2018 00:00,56.46,22.84,32.58,
108,19-04-2018 00:00,20-04-2018 00:00,53.32,16.33,44.92,
109,20-04-2018 00:00,21-04-2018 00:00,49.7,12.42,36.14,
110,21-04-2018 00:00,22-04-2018 00:00,49.67,9.59,35.71,
111,22-04-2018 00:00,23-04-2018 00:00,47.56,7.94,29.71,
112,23-04-2018 00:00,24-04-2018 00:00,36.52,5.92,22.21,
113,24-04-2018 00:00,25-04-2018 00:00,42.35,12.75,25.37,
114,25-04-2018 00:00,26-04-2018 00:00,37.96,5.09,17.89,
115,26-04-2018 00:00,27-04-2018 00:00,45.15,6.65,35.25,
116,27-04-2018 00:00,28-04-2018 00:00,42.59,5.65,22.52,
117,28-04-2018 00:00,29-04-2018 00:00,39.2,6.7,24.7,
118,29-04-2018 00:00,30-04-2018 00:00,39.16,7.4,18.73,
119,30-04-2018 00:00,01-05-2018 00:00,46.91,14.57,31.94,
120,01-05-2018 00:00,02-05-2018 00:00,48.43,7.4,21.77,
121,02-05-2018 00:00,03-05-2018 00:00,39.75,3.82,24.91,
122,03-05-2018 00:00,04-05-2018 00:00,33.2,3.9,18.02,
123,04-05-2018 00:00,05-05-2018 00:00,23.62,8.35,27.03,
124,05-05-2018 00:00,06-05-2018 00:00,28.54,4.63,22.34,
125,06-05-2018 00:00,07-05-2018 00:00,36.78,6.58,26.35,
126,07-05-2018 00:00,08-05-2018 00:00,34.95,9.74,18.69,
127,08-05-2018 00:00,09-05-2018 00:00,50.02,13.2,33.87,
128,09-05-2018 00:00,10-05-2018 00:00,45.93,7.35,30.67,
129,10-05-2018 00:00,11-05-2018 00:00,31.11,5.14,15.06,
130,11-05-2018 00:00,12-05-2018 00:00,35.53,6.02,21.63,
131,12-05-2018 00:00,13-05-2018 00:00,36.32,12.7,21.89,
132,13-05-2018 00:00,14-05-2018 00:00,37.54,10.06,27.94,
133,14-05-2018 00:00,15-05-2018 00:00,31.32,9.14,18.55,
134,15-05-2018 00:00,16-05-2018 00:00,26.23,4.37,15.81,
135,16-05-2018 00:00,17-05-2018 00:00,46.55,6.56,27.7,
136,17-05-2018 00:00,18-05-2018 00:00,54.24,11.3,42.36,
137,18-05-2018 00:00,19-05-2018 00:00,46.84,9.96,31.6,
138,19-05-2018 00:00,20-05-2018 00:00,53.11,12.93,30.04,
139,20-05-2018 00:00,21-05-2018 00:00,,,,
140,21-05-2018 00:00,22-05-2018 00:00,51.85,5.61,18.24,
141,22-05-2018 00:00,23-05-2018 00:00,47.56,9.03,20.94,
142,23-05-2018 00:00,24-05-2018 00:00,49.59,4.27,22.38,
143,24-05-2018 00:00,25-05-2018 00:00,41.88,6.32,25.83,
144,25-05-2018 00:00,26-05-2018 00:00,43.9,5.99,21.93,
145,26-05-2018 00:00,27-05-2018 00:00,25.26,3.04,17.66,
146,27-05-2018 00:00,28-05-2018 00:00,29.74,3.86,15.5,
147,28-05-2018 00:00,29-05-2018 00:00,33.68,4.15,18.37,
148,29-05-2018 00:00,30-05-2018 00:00,36.46,6.11,19.69,
149,30-05-2018 00:00,31-05-2018 00:00,39.92,7.53,26.94,
150,31-05-2018 00:00,01-06-2018 00:00,36.4,7.26,20.07,
151,01-06-2018 00:00,02-06-2018 00:00,48.56,8.28,28.51,
152,02-06-2018 00:00,03-06-2018 00:00,49.18,8.6,37.92,
153,03-06-2018 00:00,04-06-2018 00:00,43.31,12.35,32.91,
154,04-06-2018 00:00,05-06-2018 00:00,42.95,8.35,30.58,
155,05-06-2018 00:00,06-06-2018 00:00,38.4,7.67,32.87,
156,06-06-2018 00:00,07-06-2018 00:00,45.4,9.02,38.54,
157,07-06-2018 00:00,08-06-2018 00:00,24.25,13.18,20.36,
158,08-06-2018 00:00,09-06-2018 00:00,23.44,8.74,18.14,
159,09-06-2018 00:00,10-06-2018 00:00,27.21,7.81,22.47,
160,10-06-2018 00:00,11-06-2018 00:00,20.16,8.16,17.55,
161,11-06-2018 00:00,12-06-2018 00:00,28.65,9.51,21.69,
162,12-06-2018 00:00,13-06-2018 00:00,34.25,10.42,27.66,
163,13-06-2018 00:00,14-06-2018 00:00,45.67,10.07,21.8,
164,14-06-2018 00:00,15-06-2018 00:00,57.42,9.3,25.29,
165,15-06-2018 00:00,16-06-2018 00:00,33.03,12.01,21.34,
166,16-06-2018 00:00,17-06-2018 00:00,24.99,10.02,15.87,
167,17-06-2018 00:00,18-06-2018 00:00,27.26,10.58,15.77,
168,18-06-2018 00:00,19-06-2018 00:00,17.36,10.47,15.13,
169,19-06-2018 00:00,20-06-2018 00:00,12.53,8.59,16.46,
170,20-06-2018 00:00,21-06-2018 00:00,10.95,8.85,22.83,
171,21-06-2018 00:00,22-06-2018 00:00,12.47,8.21,18.43,
172,22-06-2018 00:00,23-06-2018 00:00,26.75,5.44,23.73,
173,23-06-2018 00:00,24-06-2018 00:00,32.7,8.53,23.9,
174,24-06-2018 00:00,25-06-2018 00:00,20.51,9.43,20.29,
175,25-06-2018 00:00,26-06-2018 00:00,19.31,10.46,17.84,
176,26-06-2018 00:00,27-06-2018 00:00,17.28,8.81,18.4,
177,27-06-2018 00:00,28-06-2018 00:00,17.68,8.2,19.43,
178,28-06-2018 00:00,29-06-2018 00:00,20.43,10.11,18.97,
179,29-06-2018 00:00,30-06-2018 00:00,22.32,13.85,15.89,
180,30-06-2018 00:00,01-07-2018 00:00,24.76,12.32,17.79,
181,01-07-2018 00:00,02-07-2018 00:00,20.26,11.64,19.2,
182,02-07-2018 00:00,03-07-2018 00:00,19.0,11.34,17.12,
183,03-07-2018 00:00,04-07-2018 00:00,18.58,8.69,17.41,
184,04-07-2018 00:00,05-07-2018 00:00,16.71,8.9,16.42,
185,05-07-2018 00:00,06-07-2018 00:00,18.81,9.65,19.09,
186,06-07-2018 00:00,07-07-2018 00:00,30.29,7.39,22.92,
187,07-07-2018 00:00,08-07-2018 00:00,34.01,9.85,24.39,
188,08-07-2018 00:00,09-07-2018 00:00,32.87,9.11,25.86,
189,09-07-2018 00:00,10-07-2018 00:00,23.27,8.51,28.16,
190,10-07-2018 00:00,11-07-2018 00:00,21.88,8.37,16.21,
191,11-07-2018 00:00,12-07-2018 00:00,21.75,6.16,18.8,
192,12-07-2018 00:00,13-07-2018 00:00,12.81,4.4,14.48,
193,13-07-2018 00:00,14-07-2018 00:00,15.46,7.27,12.83,
194,14-07-2018 00:00,15-07-2018 00:00,28.93,11.83,20.23,
195,15-07-2018 00:00,16-07-2018 00:00,18.22,7.37,19.89,
196,16-07-2018 00:00,17-07-2018 00:00,13.25,6.53,14.12,
197,17-07-2018 00:00,18-07-2018 00:00,14.54,5.9,11.82,
198,18-07-2018 00:00,19-07-2018 00:00,20.41,8.1,11.51,
199,19-07-2018 00:00,20-07-2018 00:00,17.86,8.2,13.41,
200,20-07-2018 00:00,21-07-2018 00:00,17.89,10.08,13.82,
201,21-07-2018 00:00,22-07-2018 00:00,26.7,7.94,12.51,
202,22-07-2018 00:00,23-07-2018 00:00,26.4,7.22,11.9,
203,23-07-2018 00:00,24-07-2018 00:00,23.08,7.01,12.3,
204,24-07-2018 00:00,25-07-2018 00:00,18.06,7.12,11.25,
205,25-07-2018 00:00,26-07-2018 00:00,22.7,9.4,10.92,
206,26-07-2018 00:00,27-07-2018 00:00,18.41,8.56,11.89,
207,27-07-2018 00:00,28-07-2018 00:00,15.79,6.08,10.5,
208,28-07-2018 00:00,29-07-2018 00:00,27.2,9.64,14.14,
209,29-07-2018 00:00,30-07-2018 00:00,38.78,10.92,12.79,
210,30-07-2018 00:00,31-07-2018 00:00,38.49,11.04,13.56,
211,31-07-2018 00:00,01-08-2018 00:00,25.6,9.4,11.61,
212,01-08-2018 00:00,02-08-2018 00:00,28.46,6.64,9.78,
213,02-08-2018 00:00,03-08-2018 00:00,34.31,7.1,11.2,
214,03-08-2018 00:00,04-08-2018 00:00,41.43,7.3,13.74,
215,04-08-2018 00:00,05-08-2018 00:00,28.1,8.0,11.61,
216,05-08-2018 00:00,06-08-2018 00:00,27.05,8.82,10.8,
217,06-08-2018 00:00,07-08-2018 00:00,31.78,8.01,11.65,
218,07-08-2018 00:00,08-08-2018 00:00,25.75,9.07,12.94,
219,08-08-2018 00:00,09-08-2018 00:00,23.39,8.51,11.7,
220,09-08-2018 00:00,10-08-2018 00:00,22.17,7.55,12.48,
221,10-08-2018 00:00,11-08-2018 00:00,25.42,7.38,12.82,
222,11-08-2018 00:00,12-08-2018 00:00,24.25,6.71,11.93,
223,12-08-2018 00:00,13-08-2018 00:00,18.14,5.53,11.98,
224,13-08-2018 00:00,14-08-2018 00:00,12.84,6.89,10.88,
225,14-08-2018 00:00,15-08-2018 00:00,25.92,9.1,13.42,
226,15-08-2018 00:00,16-08-2018 00:00,29.53,10.78,10.38,
227,16-08-2018 00:00,17-08-2018 00:00,8.77,5.08,8.24,
228,17-08-2018 00:00,18-08-2018 00:00,28.3,10.68,13.7,
229,18-08-2018 00:00,19-08-2018 00:00,27.94,13.03,13.99,
230,19-08-2018 00:00,20-08-2018 00:00,33.16,8.09,11.84,
231,20-08-2018 00:00,21-08-2018 00:00,22.66,6.29,12.08,
232,21-08-2018 00:00,22-08-2018 00:00,13.66,6.18,11.18,
233,22-08-2018 00:00,23-08-2018 00:00,16.7,8.63,12.34,
234,23-08-2018 00:00,24-08-2018 00:00,23.17,10.88,11.02,
235,24-08-2018 00:00,25-08-2018 00:00,29.04,17.25,13.4,
236,25-08-2018 00:00,26-08-2018 00:00,37.25,17.11,14.65,
237,26-08-2018 00:00,27-08-2018 00:00,31.25,11.61,12.99,
238,27-08-2018 00:00,28-08-2018 00:00,28.89,10.29,12.06,
239,28-08-2018 00:00,29-08-2018 00:00,21.28,10.22,11.76,
240,29-08-2018 00:00,30-08-2018 00:00,36.52,21.27,17.84,
241,30-08-2018 00:00,31-08-2018 00:00,30.61,8.93,11.36,
242,31-08-2018 00:00,01-09-2018 00:00,26.68,8.33,10.42,
243,01-09-2018 00:00,02-09-2018 00:00,35.15,10.93,13.3,
244,02-09-2018 00:00,03-09-2018 00:00,32.4,13.63,13.61,
245,03-09-2018 00:00,04-09-2018 00:00,27.22,14.04,12.82,
246,04-09-2018 00:00,05-09-2018 00:00,29.47,9.92,12.3,
247,05-09-2018 00:00,06-09-2018 00:00,46.18,10.13,11.23,
248,06-09-2018 00:00,07-09-2018 00:00,34.28,8.99,13.36,
249,07-09-2018 00:00,08-09-2018 00:00,36.66,11.7,15.71,
250,08-09-2018 00:00,09-09-2018 00:00,32.14,9.49,14.77,
251,09-09-2018 00:00,10-09-2018 00:00,41.15,10.98,14.19,
252,10-09-2018 00:00,11-09-2018 00:00,29.52,4.94,13.32,
253,11-09-2018 00:00,12-09-2018 00:00,29.88,4.05,15.47,
254,12-09-2018 00:00,13-09-2018 00:00,37.76,8.48,19.8,
255,13-09-2018 00:00,14-09-2018 00:00,40.31,6.36,18.76,
256,14-09-2018 00:00,15-09-2018 00:00,42.6,5.95,13.99,
257,15-09-2018 00:00,16-09-2018 00:00,49.1,5.98,18.31,
258,16-09-2018 00:00,17-09-2018 00:00,79.42,7.9,10.0,
259,17-09-2018 00:00,18-09-2018 00:00,70.76,12.94,12.6,
260,18-09-2018 00:00,19-09-2018 00:00,56.18,6.6,12.99,
261,19-09-2018 00:00,20-09-2018 00:00,41.59,9.88,15.21,
262,20-09-2018 00:00,21-09-2018 00:00,54.78,13.38,14.36,
263,21-09-2018 00:00,22-09-2018 00:00,44.43,11.86,24.45,
264,22-09-2018 00:00,23-09-2018 00:00,28.28,5.82,15.14,
265,23-09-2018 00:00,24-09-2018 00:00,36.89,4.05,10.83,
266,24-09-2018 00:00,25-09-2018 00:00,39.55,5.26,20.9,
267,25-09-2018 00:00,26-09-2018 00:00,48.29,4.89,25.87,
268,26-09-2018 00:00,27-09-2018 00:00,61.19,10.92,32.97,
269,27-09-2018 00:00,28-09-2018 00:00,45.36,7.81,18.67,
270,28-09-2018 00:00,29-09-2018 00:00,44.09,4.76,20.59,
271,29-09-2018 00:00,30-09-2018 00:00,56.33,7.24,20.72,
272,30-09-2018 00:00,01-10-2018 00:00,67.53,7.16,17.33,
273,01-10-2018 00:00,02-10-2018 00:00,57.63,5.88,17.47,
274,02-10-2018 00:00,03-10-2018 00:00,37.69,4.35,12.25,
275,03-10-2018 00:00,04-10-2018 00:00,40.6,4.98,15.43,
276,04-10-2018 00:00,05-10-2018 00:00,39.9,4.36,14.54,
277,05-10-2018 00:00,06-10-2018 00:00,39.31,4.76,16.23,
278,06-10-2018 00:00,07-10-2018 00:00,55.95,5.08,21.11,
279,07-10-2018 00:00,08-10-2018 00:00,62.44,6.07,18.05,
280,08-10-2018 00:00,09-10-2018 00:00,57.85,7.0,16.84,
281,09-10-2018 00:00,10-10-2018 00:00,55.19,12.92,19.11,
282,10-10-2018 00:00,11-10-2018 00:00,55.08,13.71,18.71,
283,11-10-2018 00:00,12-10-2018 00:00,60.36,27.21,20.2,
284,12-10-2018 00:00,13-10-2018 00:00,58.43,16.55,16.59,
285,13-10-2018 00:00,14-10-2018 00:00,54.01,14.34,20.24,
286,14-10-2018 00:00,15-10-2018 00:00,52.08,7.46,16.76,
287,15-10-2018 00:00,16-10-2018 00:00,53.34,6.03,16.17,
288,16-10-2018 00:00,17-10-2018 00:00,50.79,3.46,12.73,
289,17-10-2018 00:00,18-10-2018 00:00,46.69,4.44,16.49,
290,18-10-2018 00:00,19-10-2018 00:00,43.44,4.74,15.16,
291,19-10-2018 00:00,20-10-2018 00:00,41.47,4.28,12.92,
292,20-10-2018 00:00,21-10-2018 00:00,56.09,5.3,19.9,
293,21-10-2018 00:00,22-10-2018 00:00,58.42,4.29,16.79,
294,22-10-2018 00:00,23-10-2018 00:00,69.46,19.99,35.69,
295,23-10-2018 00:00,24-10-2018 00:00,71.13,6.56,28.78,
296,24-10-2018 00:00,25-10-2018 00:00,69.8,6.76,21.88,
297,25-10-2018 00:00,26-10-2018 00:00,56.43,6.38,21.82,
298,26-10-2018 00:00,27-10-2018 00:00,46.36,6.37,24.09,
299,27-10-2018 00:00,28-10-2018 00:00,53.66,10.92,23.82,
300,28-10-2018 00:00,29-10-2018 00:00,47.91,9.07,16.22,
301,29-10-2018 00:00,30-10-2018 00:00,45.45,9.44,16.18,
302,30-10-2018 00:00,31-10-2018 00:00,47.48,7.35,15.96,
303,31-10-2018 00:00,01-11-2018 00:00,51.62,7.65,16.19,
304,01-11-2018 00:00,02-11-2018 00:00,45.25,5.45,22.5,
305,02-11-2018 00:00,03-11-2018 00:00,27.72,3.79,17.61,
306,03-11-2018 00:00,04-11-2018 00:00,26.29,3.45,15.27,
307,04-11-2018 00:00,05-11-2018 00:00,23.16,2.9,11.97,
308,05-11-2018 00:00,06-11-2018 00:00,32.24,3.32,18.28,
309,06-11-2018 00:00,07-11-2018 00:00,44.93,4.1,20.73,
310,07-11-2018 00:00,08-11-2018 00:00,54.58,5.25,15.49,
311,08-11-2018 00:00,09-11-2018 00:00,58.91,4.59,12.15,
312,09-11-2018 00:00,10-11-2018 00:00,60.95,4.39,18.89,
313,10-11-2018 00:00,11-11-2018 00:00,65.01,6.73,16.0,
314,11-11-2018 00:00,12-11-2018 00:00,47.02,7.74,14.78,
315,12-11-2018 00:00,13-11-2018 00:00,54.27,10.17,16.18,
316,13-11-2018 00:00,14-11-2018 00:00,54.87,10.51,17.96,
317,14-11-2018 00:00,15-11-2018 00:00,62.88,10.62,25.73,
318,15-11-2018 00:00,16-11-2018 00:00,47.15,10.1,21.95,
319,16-11-2018 00:00,17-11-2018 00:00,36.22,4.31,21.17,
320,17-11-2018 00:00,18-11-2018 00:00,21.29,3.83,13.98,
321,18-11-2018 00:00,19-11-2018 00:00,17.9,3.94,10.73,
322,19-11-2018 00:00,20-11-2018 00:00,24.25,3.37,14.13,
323,20-11-2018 00:00,21-11-2018 00:00,,,,
324,21-11-2018 00:00,22-11-2018 00:00,45.2,5.97,17.99,
325,22-11-2018 00:00,23-11-2018 00:00,62.59,4.83,19.28,
326,23-11-2018 00:00,24-11-2018 00:00,64.62,5.56,20.72,
327,24-11-2018 00:00,25-11-2018 00:00,66.56,7.36,23.39,
328,25-11-2018 00:00,26-11-2018 00:00,62.84,6.93,20.38,
329,26-11-2018 00:00,27-11-2018 00:00,54.34,6.61,21.41,
330,27-11-2018 00:00,28-11-2018 00:00,65.79,6.5,29.28,
331,28-11-2018 00:00,29-11-2018 00:00,71.86,5.05,25.76,
332,29-11-2018 00:00,30-11-2018 00:00,61.67,5.79,23.92,
333,30-11-2018 00:00,01-12-2018 00:00,60.77,7.79,22.9,
334,01-12-2018 00:00,02-12-2018 00:00,65.33,5.64,22.62,
335,02-12-2018 00:00,03-12-2018 00:00,70.29,4.42,23.22,
336,03-12-2018 00:00,04-12-2018 00:00,73.48,4.36,21.01,
337,04-12-2018 00:00,05-12-2018 00:00,76.99,4.18,19.77,
338,05-12-2018 00:00,06-12-2018 00:00,64.97,4.13,18.64,
339,06-12-2018 00:00,07-12-2018 00:00,64.68,3.54,13.91,
340,07-12-2018 00:00,08-12-2018 00:00,60.39,3.14,9.45,
341,08-12-2018 00:00,09-12-2018 00:00,76.11,3.46,13.19,
342,09-12-2018 00:00,10-12-2018 00:00,80.63,3.91,12.15,
343,10-12-2018 00:00,11-12-2018 00:00,77.51,4.1,16.25,
344,11-12-2018 00:00,12-12-2018 00:00,76.62,4.87,18.2,
345,12-12-2018 00:00,13-12-2018 00:00,74.86,3.65,14.43,
346,13-12-2018 00:00,14-12-2018 00:00,70.27,3.3,16.46,
347,14-12-2018 00:00,15-12-2018 00:00,75.62,4.5,18.24,
348,15-12-2018 00:00,16-12-2018 00:00,70.8,6.21,13.29,
349,16-12-2018 00:00,17-12-2018 00:00,74.18,6.5,13.61,
350,17-12-2018 00:00,18-12-2018 00:00,50.7,4.47,9.99,
351,18-12-2018 00:00,19-12-2018 00:00,14.5,3.82,8.6,
352,19-12-2018 00:00,20-12-2018 00:00,23.31,3.53,10.63,
353,20-12-2018 00:00,21-12-2018 00:00,33.09,4.68,18.64,
354,21-12-2018 00:00,22-12-2018 00:00,46.61,5.02,21.22,
355,22-12-2018 00:00,23-12-2018 00:00,65.02,4.03,19.87,
356,23-12-2018 00:00,24-12-2018 00:00,79.37,4.35,16.95,
357,24-12-2018 00:00,25-12-2018 00:00,74.54,4.51,18.82,
358,25-12-2018 00:00,26-12-2018 00:00,76.09,4.85,16.9,
359,26-12-2018 00:00,27-12-2018 00:00,74.96,4.02,23.94,
360,27-12-2018 00:00,28-12-2018 00:00,62.95,5.31,16.18,
361,28-12-2018 00:00,29-12-2018 00:00,59.35,6.63,16.63,
362,29-12-2018 00:00,30-12-2018 00:00,66.04,7.35,21.84,
363,30-12-2018 00:00,31-12-2018 00:00,68.03,7.15,20.8,
364,31-12-2018 00:00,01-01-2019 00:00,56.31,8.16,25.2,
365,01-01-2019 00:00,02-01-2019 00:00,61.73,13.94,29.22,
366,02-01-2019 00:00,03-01-2019 00:00,70.01,6.91,33.71,
367,03-01-2019 00:00,04-01-2019 00:00,69.74,5.56,42.21,
368,04-01-2019 00:00,05-01-2019 00:00,76.62,5.25,31.06,
369,05-01-2019 00:00,06-01-2019 00:00,74.53,4.54,28.67,
370,06-01-2019 00:00,07-01-2019 00:00,77.69,3.8,22.97,
371,07-01-2019 00:00,08-01-2019 00:00,73.76,3.69,24.34,
372,08-01-2019 00:00,09-01-2019 00:00,70.1,6.01,30.23,
373,09-01-2019 00:00,10-01-2019 00:00,69.72,8.78,38.3,
374,10-01-2019 00:00,11-01-2019 00:00,72.34,6.13,33.86,
375,11-01-2019 00:00,12-01-2019 00:00,78.8,3.85,30.26,
376,12-01-2019 00:00,13-01-2019 00:00,79.37,3.3,20.86,
377,13-01-2019 00:00,14-01-2019 00:00,74.91,3.67,18.89,
378,14-01-2019 00:00,15-01-2019 00:00,73.1,3.55,19.07,
379,15-01-2019 00:00,16-01-2019 00:00,72.39,4.5,15.57,
380,16-01-2019 00:00,17-01-2019 00:00,72.93,4.94,17.51,
381,17-01-2019 00:00,18-01-2019 00:00,69.8,4.61,28.43,
382,18-01-2019 00:00,19-01-2019 00:00,74.83,4.18,27.87,
383,19-01-2019 00:00,20-01-2019 00:00,78.09,4.9,27.73,
384,20-01-2019 00:00,21-01-2019 00:00,69.32,4.74,26.36,
385,21-01-2019 00:00,22-01-2019 00:00,67.27,3.21,28.91,
386,22-01-2019 00:00,23-01-2019 00:00,49.38,3.31,23.45,
387,23-01-2019 00:00,24-01-2019 00:00,54.02,3.0,18.21,
388,24-01-2019 00:00,25-01-2019 00:00,59.36,3.04,20.21,
389,25-01-2019 00:00,26-01-2019 00:00,37.18,3.06,19.4,
390,26-01-2019 00:00,27-01-2019 00:00,35.32,3.18,14.32,
391,27-01-2019 00:00,28-01-2019 00:00,47.37,2.53,9.79,
392,28-01-2019 00:00,29-01-2019 00:00,65.75,3.74,19.2,
393,29-01-2019 00:00,30-01-2019 00:00,58.57,5.71,17.21,
394,30-01-2019 00:00,31-01-2019 00:00,51.16,6.6,29.5,
395,31-01-2019 00:00,01-02-2019 00:00,65.45,4.92,29.45,
396,01-02-2019 00:00,02-02-2019 00:00,70.57,3.09,24.18,
397,02-02-2019 00:00,03-02-2019 00:00,65.06,3.92,30.11,
398,03-02-2019 00:00,04-02-2019 00:00,60.38,2.95,19.47,
399,04-02-2019 00:00,05-02-2019 00:00,64.55,3.07,18.49,
400,05-02-2019 00:00,06-02-2019 00:00,63.84,3.24,22.18,
401,06-02-2019 00:00,07-02-2019 00:00,68.33,3.42,26.31,
402,07-02-2019 00:00,08-02-2019 00:00,60.51,3.41,22.03,
403,08-02-2019 00:00,09-02-2019 00:00,56.96,4.98,24.64,
404,09-02-2019 00:00,10-02-2019 00:00,49.73,5.28,20.13,
405,10-02-2019 00:00,11-02-2019 00:00,52.0,11.2,27.65,
406,11-02-2019 00:00,12-02-2019 00:00,56.58,3.46,18.7,
407,12-02-2019 00:00,13-02-2019 00:00,59.82,3.17,19.08,
408,13-02-2019 00:00,14-02-2019 00:00,63.98,3.56,23.46,
409,14-02-2019 00:00,15-02-2019 00:00,62.53,3.1,23.47,
410,15-02-2019 00:00,16-02-2019 00:00,41.0,3.4,25.35,
411,16-02-2019 00:00,17-02-2019 00:00,50.17,6.08,24.43,
412,17-02-2019 00:00,18-02-2019 00:00,44.58,4.78,17.09,
413,18-02-2019 00:00,19-02-2019 00:00,60.32,3.81,24.81,
414,19-02-2019 00:00,20-02-2019 00:00,52.17,3.63,16.74,
415,20-02-2019 00:00,21-02-2019 00:00,34.48,3.14,13.64,
416,21-02-2019 00:00,22-02-2019 00:00,39.45,2.59,17.81,
417,22-02-2019 00:00,23-02-2019 00:00,46.89,3.49,25.28,
418,23-02-2019 00:00,24-02-2019 00:00,58.92,4.17,29.31,
419,24-02-2019 00:00,25-02-2019 00:00,46.83,4.16,24.55,
420,25-02-2019 00:00,26-02-2019 00:00,48.78,7.18,23.0,
421,26-02-2019 00:00,27-02-2019 00:00,45.53,5.07,24.96,
422,27-02-2019 00:00,28-02-2019 00:00,45.19,3.93,17.9,
423,28-02-2019 00:00,01-03-2019 00:00,44.05,4.5,19.05,
424,01-03-2019 00:00,02-03-2019 00:00,45.53,3.8,18.63,
425,02-03-2019 00:00,03-03-2019 00:00,,,,
426,03-03-2019 00:00,04-03-2019 00:00,,,,
427,04-03-2019 00:00,05-03-2019 00:00,,,,
428,05-03-2019 00:00,06-03-2019 00:00,,,,
429,06-03-2019 00:00,07-03-2019 00:00,,,,
430,07-03-2019 00:00,08-03-2019 00:00,55.15,5.57,23.41,
431,08-03-2019 00:00,09-03-2019 00:00,60.72,5.3,21.35,
432,09-03-2019 00:00,10-03-2019 00:00,46.67,3.96,20.71,
433,10-03-2019 00:00,11-03-2019 00:00,45.85,3.99,16.65,
434,11-03-2019 00:00,12-03-2019 00:00,35.61,3.73,14.36,
435,12-03-2019 00:00,13-03-2019 00:00,45.78,4.83,16.42,
436,13-03-2019 00:00,14-03-2019 00:00,44.41,6.43,15.26,
437,14-03-2019 00:00,15-03-2019 00:00,38.78,3.98,21.39,
438,15-03-2019 00:00,16-03-2019 00:00,49.08,7.6,21.9,
439,16-03-2019 00:00,17-03-2019 00:00,40.74,4.15,17.1,
440,17-03-2019 00:00,18-03-2019 00:00,40.18,3.38,16.58,
441,18-03-2019 00:00,19-03-2019 00:00,40.48,4.67,22.0,
442,19-03-2019 00:00,20-03-2019 00:00,32.93,3.45,15.36,
443,20-03-2019 00:00,21-03-2019 00:00,44.4,3.64,14.76,
444,21-03-2019 00:00,22-03-2019 00:00,42.07,3.65,12.72,
445,22-03-2019 00:00,23-03-2019 00:00,36.22,3.7,12.11,
446,23-03-2019 00:00,24-03-2019 00:00,50.39,3.98,17.83,
447,24-03-2019 00:00,25-03-2019 00:00,52.97,3.82,15.71,
448,25-03-2019 00:00,26-03-2019 00:00,49.43,3.58,17.39,
449,26-03-2019 00:00,27-03-2019 00:00,59.18,5.2,22.27,
450,27-03-2019 00:00,28-03-2019 00:00,50.4,4.07,17.23,
451,28-03-2019 00:00,29-03-2019 00:00,57.83,4.12,21.12,
452,29-03-2019 00:00,30-03-2019 00:00,62.49,4.43,23.75,
453,30-03-2019 00:00,31-03-2019 00:00,64.81,3.68,25.34,
454,31-03-2019 00:00,01-04-2019 00:00,58.41,5.54,24.0,
455,01-04-2019 00:00,02-04-2019 00:00,53.53,7.5,28.19,
456,02-04-2019 00:00,03-04-2019 00:00,47.67,4.05,26.0,
457,03-04-2019 00:00,04-04-2019 00:00,48.43,4.11,24.94,
458,04-04-2019 00:00,05-04-2019 00:00,38.15,3.57,22.99,
459,05-04-2019 00:00,06-04-2019 00:00,34.76,8.53,22.77,
460,06-04-2019 00:00,07-04-2019 00:00,40.79,8.87,30.32,
461,07-04-2019 00:00,08-04-2019 00:00,30.88,4.73,15.74,
462,08-04-2019 00:00,09-04-2019 00:00,32.89,4.81,31.49,
463,09-04-2019 00:00,10-04-2019 00:00,43.03,5.61,35.59,
464,10-04-2019 00:00,11-04-2019 00:00,47.32,5.03,38.25,
465,11-04-2019 00:00,12-04-2019 00:00,30.84,5.57,21.65,
466,12-04-2019 00:00,13-04-2019 00:00,33.2,4.91,23.33,
467,13-04-2019 00:00,14-04-2019 00:00,28.33,3.66,18.22,
468,14-04-2019 00:00,15-04-2019 00:00,36.15,4.36,18.74,
469,15-04-2019 00:00,16-04-2019 00:00,35.02,4.9,22.49,
470,16-04-2019 00:00,17-04-2019 00:00,44.72,6.54,19.82,
471,17-04-2019 00:00,18-04-2019 00:00,32.72,7.9,24.62,
472,18-04-2019 00:00,19-04-2019 00:00,40.87,4.91,15.96,
473,19-04-2019 00:00,20-04-2019 00:00,31.31,3.92,25.21,
474,20-04-2019 00:00,21-04-2019 00:00,27.29,4.05,24.6,
475,21-04-2019 00:00,22-04-2019 00:00,28.57,3.94,25.76,
476,22-04-2019 00:00,23-04-2019 00:00,28.28,4.09,20.68,
477,23-04-2019 00:00,24-04-2019 00:00,37.29,7.6,24.07,
478,24-04-2019 00:00,25-04-2019 00:00,33.5,4.18,27.58,
479,25-04-2019 00:00,26-04-2019 00:00,39.08,5.58,29.32,
480,26-04-2019 00:00,27-04-2019 00:00,43.79,5.42,22.96,
481,27-04-2019 00:00,28-04-2019 00:00,54.8,5.57,31.87,
482,28-04-2019 00:00,29-04-2019 00:00,47.83,6.17,25.17,
483,29-04-2019 00:00,30-04-2019 00:00,40.07,5.61,23.9,
484,30-04-2019 00:00,01-05-2019 00:00,42.82,3.83,22.79,
485,01-05-2019 00:00,02-05-2019 00:00,41.46,5.2,27.49,
486,02-05-2019 00:00,03-05-2019 00:00,49.81,12.89,28.28,
487,03-05-2019 00:00,04-05-2019 00:00,50.03,19.68,30.09,
488,04-05-2019 00:00,05-05-2019 00:00,47.54,26.27,34.25,
489,05-05-2019 00:00,06-05-2019 00:00,50.73,15.8,32.0,
490,06-05-2019 00:00,07-05-2019 00:00,51.89,14.43,31.83,
491,07-05-2019 00:00,08-05-2019 00:00,53.34,9.05,46.44,
492,08-05-2019 00:00,09-05-2019 00:00,50.97,10.98,44.17,
493,09-05-2019 00:00,10-05-2019 00:00,53.0,10.08,36.58,
494,10-05-2019 00:00,11-05-2019 00:00,42.7,6.4,23.69,
495,11-05-2019 00:00,12-05-2019 00:00,41.86,4.6,15.97,
496,12-05-2019 00:00,13-05-2019 00:00,42.58,6.15,26.77,
497,13-05-2019 00:00,14-05-2019 00:00,40.41,5.5,18.89,
498,14-05-2019 00:00,15-05-2019 00:00,40.95,5.52,24.06,
499,15-05-2019 00:00,16-05-2019 00:00,45.13,6.42,31.43,
500,16-05-2019 00:00,17-05-2019 00:00,39.42,5.74,25.25,
501,17-05-2019 00:00,18-05-2019 00:00,48.2,7.24,26.19,
502,18-05-2019 00:00,19-05-2019 00:00,48.33,9.72,22.74,
503,19-05-2019 00:00,20-05-2019 00:00,51.41,11.55,30.41,
504,20-05-2019 00:00,21-05-2019 00:00,47.84,5.37,14.57,
505,21-05-2019 00:00,22-05-2019 00:00,43.14,5.26,20.95,
506,22-05-2019 00:00,23-05-2019 00:00,39.05,6.31,17.92,
507,23-05-2019 00:00,24-05-2019 00:00,47.77,4.83,25.6,
508,24-05-2019 00:00,25-05-2019 00:00,43.52,8.02,26.1,
509,25-05-2019 00:00,26-05-2019 00:00,48.63,7.21,31.04,
510,26-05-2019 00:00,27-05-2019 00:00,47.67,8.92,34.24,
511,27-05-2019 00:00,28-05-2019 00:00,49.38,11.11,31.68,
512,28-05-2019 00:00,29-05-2019 00:00,43.77,5.72,23.52,
513,29-05-2019 00:00,30-05-2019 00:00,56.33,6.69,31.02,
514,30-05-2019 00:00,31-05-2019 00:00,40.98,4.95,16.6,
515,31-05-2019 00:00,01-06-2019 00:00,49.58,4.31,25.29,
516,01-06-2019 00:00,02-06-2019 00:00,43.51,6.92,27.68,
517,02-06-2019 00:00,03-06-2019 00:00,46.54,6.9,28.41,
518,03-06-2019 00:00,04-06-2019 00:00,28.85,4.6,23.21,
519,04-06-2019 00:00,05-06-2019 00:00,30.74,7.99,23.17,
520,05-06-2019 00:00,06-06-2019 00:00,43.96,8.44,37.35,
521,06-06-2019 00:00,07-06-2019 00:00,37.65,5.85,27.38,
522,07-06-2019 00:00,08-06-2019 00:00,33.14,7.75,18.63,
523,08-06-2019 00:00,09-06-2019 00:00,37.78,5.59,34.83,
524,09-06-2019 00:00,10-06-2019 00:00,37.52,12.17,25.53,
525,10-06-2019 00:00,11-06-2019 00:00,26.2,7.93,26.22,
526,11-06-2019 00:00,12-06-2019 00:00,12.89,7.89,24.64,
527,12-06-2019 00:00,13-06-2019 00:00,10.44,12.92,19.45,
528,13-06-2019 00:00,14-06-2019 00:00,17.12,11.95,21.94,
529,14-06-2019 00:00,15-06-2019 00:00,20.77,10.2,19.57,
530,15-06-2019 00:00,16-06-2019 00:00,29.35,7.86,23.64,
531,16-06-2019 00:00,17-06-2019 00:00,31.18,8.26,19.12,
532,17-06-2019 00:00,18-06-2019 00:00,36.3,12.37,22.29,
533,18-06-2019 00:00,19-06-2019 00:00,34.1,8.12,16.93,
534,19-06-2019 00:00,20-06-2019 00:00,29.91,15.24,18.34,
535,20-06-2019 00:00,21-06-2019 00:00,29.72,10.58,17.21,
536,21-06-2019 00:00,22-06-2019 00:00,38.76,6.46,21.9,
537,22-06-2019 00:00,23-06-2019 00:00,39.36,7.37,24.05,
538,23-06-2019 00:00,24-06-2019 00:00,43.13,9.92,29.11,
539,24-06-2019 00:00,25-06-2019 00:00,38.3,8.67,24.82,
540,25-06-2019 00:00,26-06-2019 00:00,44.14,7.24,29.99,
541,26-06-2019 00:00,27-06-2019 00:00,25.15,7.94,21.37,
542,27-06-2019 00:00,28-06-2019 00:00,17.13,9.3,28.17,
543,28-06-2019 00:00,29-06-2019 00:00,,,,
544,29-06-2019 00:00,30-06-2019 00:00,25.86,6.32,38.34,
545,30-06-2019 00:00,01-07-2019 00:00,33.06,11.11,43.09,
546,01-07-2019 00:00,02-07-2019 00:00,36.62,11.49,44.63,
547,02-07-2019 00:00,03-07-2019 00:00,24.28,5.61,40.77,
548,03-07-2019 00:00,04-07-2019 00:00,29.57,7.12,37.95,
549,04-07-2019 00:00,05-07-2019 00:00,23.73,8.7,37.35,
550,05-07-2019 00:00,06-07-2019 00:00,22.5,6.14,39.12,
551,06-07-2019 00:00,07-07-2019 00:00,,,,
552,07-07-2019 00:00,08-07-2019 00:00,,,,
553,08-07-2019 00:00,09-07-2019 00:00,26.78,12.75,38.77,
554,09-07-2019 00:00,10-07-2019 00:00,18.4,6.71,37.07,
555,10-07-2019 00:00,11-07-2019 00:00,21.11,10.17,39.55,
556,11-07-2019 00:00,12-07-2019 00:00,27.74,18.63,29.95,
557,12-07-2019 00:00,13-07-2019 00:00,29.57,37.04,27.91,
558,13-07-2019 00:00,14-07-2019 00:00,24.5,56.19,18.93,
559,14-07-2019 00:00,15-07-2019 00:00,,,,
560,15-07-2019 00:00,16-07-2019 00:00,37.93,23.66,27.56,
561,16-07-2019 00:00,17-07-2019 00:00,30.59,37.53,22.24,
562,17-07-2019 00:00,18-07-2019 00:00,29.06,40.21,22.59,
563,18-07-2019 00:00,19-07-2019 00:00,34.15,35.68,21.93,
564,19-07-2019 00:00,20-07-2019 00:00,51.83,34.25,26.77,
565,20-07-2019 00:00,21-07-2019 00:00,38.92,13.61,23.97,
566,21-07-2019 00:00,22-07-2019 00:00,20.3,14.34,19.74,
567,22-07-2019 00:00,23-07-2019 00:00,15.65,12.73,20.2,
568,23-07-2019 00:00,24-07-2019 00:00,9.1,16.01,14.28,
569,24-07-2019 00:00,25-07-2019 00:00,13.91,22.07,16.07,
570,25-07-2019 00:00,26-07-2019 00:00,20.73,30.84,27.93,
571,26-07-2019 00:00,27-07-2019 00:00,24.73,35.88,30.18,
572,27-07-2019 00:00,28-07-2019 00:00,18.6,18.35,19.94,
573,28-07-2019 00:00,29-07-2019 00:00,13.04,13.17,23.01,
574,29-07-2019 00:00,30-07-2019 00:00,9.21,12.81,19.15,
575,30-07-2019 00:00,31-07-2019 00:00,11.87,19.17,19.32,
576,31-07-2019 00:00,01-08-2019 00:00,18.63,36.64,19.08,
577,01-08-2019 00:00,02-08-2019 00:00,17.03,21.82,34.37,
578,02-08-2019 00:00,03-08-2019 00:00,14.8,17.83,19.2,
579,03-08-2019 00:00,04-08-2019 00:00,11.48,8.61,12.72,
580,04-08-2019 00:00,05-08-2019 00:00,10.86,12.23,12.13,
581,05-08-2019 00:00,06-08-2019 00:00,13.43,19.21,10.97,
582,06-08-2019 00:00,07-08-2019 00:00,14.21,18.65,18.17,
583,07-08-2019 00:00,08-08-2019 00:00,13.53,20.49,35.32,
584,08-08-2019 00:00,09-08-2019 00:00,11.45,17.36,41.98,
585,09-08-2019 00:00,10-08-2019 00:00,11.14,45.1,20.04,
586,10-08-2019 00:00,11-08-2019 00:00,13.63,30.88,34.13,
587,11-08-2019 00:00,12-08-2019 00:00,21.24,38.67,41.21,
588,12-08-2019 00:00,13-08-2019 00:00,44.36,55.63,46.36,
589,13-08-2019 00:00,14-08-2019 00:00,38.76,37.01,60.75,
590,14-08-2019 00:00,15-08-2019 00:00,26.38,39.65,46.42,
591,15-08-2019 00:00,16-08-2019 00:00,24.17,54.19,36.08,
592,16-08-2019 00:00,17-08-2019 00:00,25.91,38.44,43.26,
593,17-08-2019 00:00,18-08-2019 00:00,30.13,28.28,38.17,
594,18-08-2019 00:00,19-08-2019 00:00,37.59,23.81,53.18,
595,19-08-2019 00:00,20-08-2019 00:00,30.7,32.85,58.64,
596,20-08-2019 00:00,21-08-2019 00:00,49.91,34.58,53.99,
597,21-08-2019 00:00,22-08-2019 00:00,44.13,44.83,30.42,
598,22-08-2019 00:00,23-08-2019 00:00,38.08,42.02,21.66,
599,23-08-2019 00:00,24-08-2019 00:00,39.29,39.96,28.48,
600,24-08-2019 00:00,25-08-2019 00:00,26.37,42.88,22.87,
601,25-08-2019 00:00,26-08-2019 00:00,23.71,28.32,20.77,
602,26-08-2019 00:00,27-08-2019 00:00,23.56,29.05,25.98,
603,27-08-2019 00:00,28-08-2019 00:00,23.96,30.85,25.0,
604,28-08-2019 00:00,29-08-2019 00:00,24.93,30.04,26.72,
605,29-08-2019 00:00,30-08-2019 00:00,20.62,18.17,23.74,
606,30-08-2019 00:00,31-08-2019 00:00,26.16,26.83,23.42,
607,31-08-2019 00:00,01-09-2019 00:00,19.01,22.44,22.57,
608,01-09-2019 00:00,02-09-2019 00:00,18.01,23.4,21.1,
609,02-09-2019 00:00,03-09-2019 00:00,26.26,34.0,19.09,
610,03-09-2019 00:00,04-09-2019 00:00,23.39,31.45,19.98,
611,04-09-2019 00:00,05-09-2019 00:00,16.53,26.37,19.41,
612,05-09-2019 00:00,06-09-2019 00:00,11.02,25.22,22.88,
613,06-09-2019 00:00,07-09-2019 00:00,11.79,26.16,17.86,
614,07-09-2019 00:00,08-09-2019 00:00,13.94,25.0,21.24,
615,08-09-2019 00:00,09-09-2019 00:00,10.48,30.9,19.17,
616,09-09-2019 00:00,10-09-2019 00:00,11.76,37.48,23.69,
617,10-09-2019 00:00,11-09-2019 00:00,13.38,26.72,22.61,
618,11-09-2019 00:00,12-09-2019 00:00,15.53,18.52,29.55,
619,12-09-2019 00:00,13-09-2019 00:00,27.08,36.84,23.1,
620,13-09-2019 00:00,14-09-2019 00:00,15.67,39.9,18.86,
621,14-09-2019 00:00,15-09-2019 00:00,19.17,26.92,19.43,
622,15-09-2019 00:00,16-09-2019 00:00,34.02,35.92,28.74,
623,16-09-2019 00:00,17-09-2019 00:00,41.55,45.68,22.97,
624,17-09-2019 00:00,18-09-2019 00:00,41.57,28.2,20.67,
625,18-09-2019 00:00,19-09-2019 00:00,31.98,14.64,30.64,
626,19-09-2019 00:00,20-09-2019 00:00,23.62,5.12,25.06,
627,20-09-2019 00:00,21-09-2019 00:00,19.52,22.17,31.36,
628,21-09-2019 00:00,22-09-2019 00:00,26.07,38.6,23.57,
629,22-09-2019 00:00,23-09-2019 00:00,24.73,6.25,22.76,
630,23-09-2019 00:00,24-09-2019 00:00,32.24,8.82,31.65,
631,24-09-2019 00:00,25-09-2019 00:00,29.77,5.95,25.92,
632,25-09-2019 00:00,26-09-2019 00:00,31.92,3.23,22.93,
633,26-09-2019 00:00,27-09-2019 00:00,16.16,2.75,16.52,
634,27-09-2019 00:00,28-09-2019 00:00,23.32,15.72,24.72,
635,28-09-2019 00:00,29-09-2019 00:00,30.5,18.65,24.45,
636,29-09-2019 00:00,30-09-2019 00:00,33.64,4.82,30.48,
637,30-09-2019 00:00,01-10-2019 00:00,30.43,3.59,33.11,
638,01-10-2019 00:00,02-10-2019 00:00,25.85,8.96,17.54,
639,02-10-2019 00:00,03-10-2019 00:00,27.13,11.79,20.49,
640,03-10-2019 00:00,04-10-2019 00:00,36.45,10.6,35.33,
641,04-10-2019 00:00,05-10-2019 00:00,41.26,35.06,29.53,
642,05-10-2019 00:00,06-10-2019 00:00,34.68,21.62,29.03,
643,06-10-2019 00:00,07-10-2019 00:00,48.4,17.36,37.13,
644,07-10-2019 00:00,08-10-2019 00:00,47.96,13.74,23.71,
645,08-10-2019 00:00,09-10-2019 00:00,52.57,7.07,17.99,
646,09-10-2019 00:00,10-10-2019 00:00,52.14,9.13,26.53,
647,10-10-2019 00:00,11-10-2019 00:00,35.07,8.45,29.45,
648,11-10-2019 00:00,12-10-2019 00:00,30.55,11.01,20.67,
649,12-10-2019 00:00,13-10-2019 00:00,28.35,8.98,23.94,
650,13-10-2019 00:00,14-10-2019 00:00,25.92,6.78,20.88,
651,14-10-2019 00:00,15-10-2019 00:00,39.66,11.4,17.49,
652,15-10-2019 00:00,16-10-2019 00:00,43.63,6.77,21.02,
653,16-10-2019 00:00,17-10-2019 00:00,46.2,4.46,19.11,
654,17-10-2019 00:00,18-10-2019 00:00,36.99,4.24,21.93,
655,18-10-2019 00:00,19-10-2019 00:00,18.39,2.75,20.62,
656,19-10-2019 00:00,20-10-2019 00:00,16.37,2.81,18.85,
657,20-10-2019 00:00,21-10-2019 00:00,20.18,4.45,21.4,
658,21-10-2019 00:00,22-10-2019 00:00,15.49,2.05,20.49,
659,22-10-2019 00:00,23-10-2019 00:00,39.91,9.33,35.17,
660,23-10-2019 00:00,24-10-2019 00:00,42.07,12.52,22.29,
661,24-10-2019 00:00,25-10-2019 00:00,21.89,33.03,27.69,
662,25-10-2019 00:00,26-10-2019 00:00,33.18,12.33,27.3,
663,26-10-2019 00:00,27-10-2019 00:00,18.27,2.73,22.77,
664,27-10-2019 00:00,28-10-2019 00:00,28.75,9.8,18.54,
665,28-10-2019 00:00,29-10-2019 00:00,51.09,6.28,24.88,
666,29-10-2019 00:00,30-10-2019 00:00,35.88,3.89,28.3,
667,30-10-2019 00:00,31-10-2019 00:00,32.27,3.53,27.29,
668,31-10-2019 00:00,01-11-2019 00:00,16.33,2.61,19.59,
669,01-11-2019 00:00,02-11-2019 00:00,17.89,2.43,19.83,
670,02-11-2019 00:00,03-11-2019 00:00,28.04,3.51,26.01,
671,03-11-2019 00:00,04-11-2019 00:00,31.53,5.32,23.5,
672,04-11-2019 00:00,05-11-2019 00:00,57.01,18.77,28.61,
673,05-11-2019 00:00,06-11-2019 00:00,74.74,33.67,42.43,
674,06-11-2019 00:00,07-11-2019 00:00,73.06,24.53,44.86,
675,07-11-2019 00:00,08-11-2019 00:00,67.86,10.95,34.51,
676,08-11-2019 00:00,09-11-2019 00:00,71.58,12.85,29.69,
677,09-11-2019 00:00,10-11-2019 00:00,78.29,26.13,31.73,
678,10-11-2019 00:00,11-11-2019 00:00,64.03,25.0,23.22,
679,11-11-2019 00:00,12-11-2019 00:00,57.53,9.24,31.0,
680,12-11-2019 00:00,13-11-2019 00:00,51.95,13.48,23.25,
681,13-11-2019 00:00,14-11-2019 00:00,58.58,8.31,30.08,
682,14-11-2019 00:00,15-11-2019 00:00,67.92,4.86,29.54,
683,15-11-2019 00:00,16-11-2019 00:00,70.63,6.77,35.83,
684,16-11-2019 00:00,17-11-2019 00:00,63.58,9.8,30.02,
685,17-11-2019 00:00,18-11-2019 00:00,66.59,19.58,23.28,
686,18-11-2019 00:00,19-11-2019 00:00,74.95,19.69,31.04,
687,19-11-2019 00:00,20-11-2019 00:00,78.1,18.42,31.93,
688,20-11-2019 00:00,21-11-2019 00:00,78.78,15.02,35.26,
689,21-11-2019 00:00,22-11-2019 00:00,67.0,3.6,25.2,
690,22-11-2019 00:00,23-11-2019 00:00,72.29,4.99,47.85,
691,23-11-2019 00:00,24-11-2019 00:00,71.37,14.04,46.43,
692,24-11-2019 00:00,25-11-2019 00:00,76.23,8.78,36.31,
693,25-11-2019 00:00,26-11-2019 00:00,77.38,7.28,36.47,
694,26-11-2019 00:00,27-11-2019 00:00,77.76,5.53,37.23,
695,27-11-2019 00:00,28-11-2019 00:00,72.37,5.71,37.61,
696,28-11-2019 00:00,29-11-2019 00:00,76.27,7.68,37.72,
697,29-11-2019 00:00,30-11-2019 00:00,64.37,3.68,36.8,
698,30-11-2019 00:00,01-12-2019 00:00,62.32,5.9,44.11,
699,01-12-2019 00:00,02-12-2019 00:00,57.99,3.16,23.88,
700,02-12-2019 00:00,03-12-2019 00:00,43.77,2.95,24.76,
701,03-12-2019 00:00,04-12-2019 00:00,51.3,3.36,35.0,
702,04-12-2019 00:00,05-12-2019 00:00,75.74,3.65,34.42,
703,05-12-2019 00:00,06-12-2019 00:00,76.89,6.74,43.35,
704,06-12-2019 00:00,07-12-2019 00:00,80.25,6.86,38.93,
705,07-12-2019 00:00,08-12-2019 00:00,78.91,5.74,43.09,
706,08-12-2019 00:00,09-12-2019 00:00,67.57,4.34,31.57,
707,09-12-2019 00:00,10-12-2019 00:00,57.42,4.15,33.86,
708,10-12-2019 00:00,11-12-2019 00:00,55.18,4.91,37.84,
709,11-12-2019 00:00,12-12-2019 00:00,67.37,4.57,43.53,
710,12-12-2019 00:00,13-12-2019 00:00,63.23,4.24,42.17,
711,13-12-2019 00:00,14-12-2019 00:00,36.81,5.19,31.26,
712,14-12-2019 00:00,15-12-2019 00:00,44.29,2.41,27.87,
713,15-12-2019 00:00,16-12-2019 00:00,47.19,2.79,27.76,
714,16-12-2019 00:00,17-12-2019 00:00,52.5,4.78,35.44,
715,17-12-2019 00:00,18-12-2019 00:00,65.49,4.63,34.1,
716,18-12-2019 00:00,19-12-2019 00:00,72.09,5.15,38.88,
717,19-12-2019 00:00,20-12-2019 00:00,74.72,7.5,40.07,
718,20-12-2019 00:00,21-12-2019 00:00,74.54,8.8,42.4,
719,21-12-2019 00:00,22-12-2019 00:00,77.73,7.43,31.57,
720,22-12-2019 00:00,23-12-2019 00:00,74.61,5.21,34.41,
721,23-12-2019 00:00,24-12-2019 00:00,73.04,4.81,35.58,
722,24-12-2019 00:00,25-12-2019 00:00,64.47,3.8,29.64,
723,25-12-2019 00:00,26-12-2019 00:00,74.55,2.91,24.71,
724,26-12-2019 00:00,27-12-2019 00:00,63.28,3.22,29.98,
725,27-12-2019 00:00,28-12-2019 00:00,,,,
726,28-12-2019 00:00,29-12-2019 00:00,,,,
727,29-12-2019 00:00,30-12-2019 00:00,,,,
728,30-12-2019 00:00,31-12-2019 00:00,,,,
729,31-12-2019 00:00,01-01-2020 00:00,51.98,2.14,32.16,
730,01-01-2020 00:00,02-01-2020 00:00,40.84,1.89,16.84,
731,02-01-2020 00:00,03-01-2020 00:00,30.37,1.86,20.81,
732,03-01-2020 00:00,04-01-2020 00:00,31.89,4.81,19.2,
733,04-01-2020 00:00,05-01-2020 00:00,52.76,4.21,18.96,
734,05-01-2020 00:00,06-01-2020 00:00,62.42,20.96,24.43,
735,06-01-2020 00:00,07-01-2020 00:00,53.0,9.76,30.3,
736,07-01-2020 00:00,08-01-2020 00:00,54.78,2.43,26.49,
737,08-01-2020 00:00,09-01-2020 00:00,42.3,6.25,25.03,
738,09-01-2020 00:00,10-01-2020 00:00,49.85,4.88,25.02,
739,10-01-2020 00:00,11-01-2020 00:00,75.05,6.78,20.12,
740,11-01-2020 00:00,12-01-2020 00:00,73.67,15.66,32.56,
741,12-01-2020 00:00,13-01-2020 00:00,64.11,18.98,30.48,
742,13-01-2020 00:00,14-01-2020 00:00,66.74,16.22,42.86,
743,14-01-2020 00:00,15-01-2020 00:00,76.24,8.12,37.87,
744,15-01-2020 00:00,16-01-2020 00:00,52.94,4.32,15.08,
745,16-01-2020 00:00,17-01-2020 00:00,37.66,4.75,17.83,
746,17-01-2020 00:00,18-01-2020 00:00,32.67,4.36,20.69,
747,18-01-2020 00:00,19-01-2020 00:00,32.74,4.35,19.29,
748,19-01-2020 00:00,20-01-2020 00:00,35.71,5.88,22.28,
749,20-01-2020 00:00,21-01-2020 00:00,42.44,4.88,23.94,
750,21-01-2020 00:00,22-01-2020 00:00,38.24,4.78,24.62,
751,22-01-2020 00:00,23-01-2020 00:00,44.01,5.88,26.27,
752,23-01-2020 00:00,24-01-2020 00:00,58.35,6.19,38.88,
753,24-01-2020 00:00,25-01-2020 00:00,59.88,9.24,40.19,
754,25-01-2020 00:00,26-01-2020 00:00,63.6,12.24,36.93,
755,26-01-2020 00:00,27-01-2020 00:00,62.4,9.1,41.12,
756,27-01-2020 00:00,28-01-2020 00:00,58.74,8.97,38.92,
757,28-01-2020 00:00,29-01-2020 00:00,56.33,16.55,34.51,
758,29-01-2020 00:00,30-01-2020 00:00,64.63,26.38,41.42,
759,30-01-2020 00:00,31-01-2020 00:00,68.59,13.38,26.22,
760,31-01-2020 00:00,01-02-2020 00:00,64.94,16.68,31.44,
761,01-02-2020 00:00,02-02-2020 00:00,53.5,1.33,18.0,
762,02-02-2020 00:00,03-02-2020 00:00,,,,
763,03-02-2020 00:00,04-02-2020 00:00,33.33,3.96,23.79,
764,04-02-2020 00:00,05-02-2020 00:00,28.6,3.5,23.64,
765,05-02-2020 00:00,06-02-2020 00:00,35.16,6.48,32.36,
766,06-02-2020 00:00,07-02-2020 00:00,32.34,5.52,28.47,
767,07-02-2020 00:00,08-02-2020 00:00,30.91,5.67,23.74,
768,08-02-2020 00:00,09-02-2020 00:00,37.33,6.12,23.65,
769,09-02-2020 00:00,10-02-2020 00:00,33.84,5.94,18.16,
770,10-02-2020 00:00,11-02-2020 00:00,35.41,4.68,19.43,
771,11-02-2020 00:00,12-02-2020 00:00,41.64,5.11,21.09,
772,12-02-2020 00:00,13-02-2020 00:00,55.68,6.19,31.3,
773,13-02-2020 00:00,14-02-2020 00:00,56.16,11.75,33.59,
774,14-02-2020 00:00,15-02-2020 00:00,66.11,28.31,54.11,
775,15-02-2020 00:00,16-02-2020 00:00,57.91,14.96,47.6,
776,16-02-2020 00:00,17-02-2020 00:00,62.41,13.05,29.55,
777,17-02-2020 00:00,18-02-2020 00:00,55.82,10.52,34.88,
778,18-02-2020 00:00,19-02-2020 00:00,33.13,17.27,28.4,
779,19-02-2020 00:00,20-02-2020 00:00,46.8,8.35,34.14,
780,20-02-2020 00:00,21-02-2020 00:00,49.98,5.49,25.44,
781,21-02-2020 00:00,22-02-2020 00:00,37.23,5.96,19.8,
782,22-02-2020 00:00,23-02-2020 00:00,29.23,3.57,22.51,
783,23-02-2020 00:00,24-02-2020 00:00,29.51,5.0,23.1,
784,24-02-2020 00:00,25-02-2020 00:00,37.54,5.31,30.76,
785,25-02-2020 00:00,26-02-2020 00:00,43.6,19.76,28.17,
786,26-02-2020 00:00,27-02-2020 00:00,50.05,19.5,27.02,
787,27-02-2020 00:00,28-02-2020 00:00,34.73,12.6,29.34,
788,28-02-2020 00:00,29-02-2020 00:00,37.49,8.01,24.49,
789,29-02-2020 00:00,01-03-2020 00:00,40.14,6.14,21.2,
790,01-03-2020 00:00,02-03-2020 00:00,39.48,6.06,21.64,
791,02-03-2020 00:00,03-03-2020 00:00,48.11,10.03,32.7,
792,03-03-2020 00:00,04-03-2020 00:00,48.57,11.15,31.83,
793,04-03-2020 00:00,05-03-2020 00:00,48.48,31.12,30.48,
794,05-03-2020 00:00,06-03-2020 00:00,53.86,28.27,30.74,
795,06-03-2020 00:00,07-03-2020 00:00,30.08,9.86,22.62,
796,07-03-2020 00:00,08-03-2020 00:00,35.5,8.99,21.55,
797,08-03-2020 00:00,09-03-2020 00:00,29.24,5.47,15.39,
798,09-03-2020 00:00,10-03-2020 00:00,28.15,5.95,21.15,
799,10-03-2020 00:00,11-03-2020 00:00,23.6,4.52,21.26,
800,11-03-2020 00:00,12-03-2020 00:00,28.43,6.74,22.8,
801,12-03-2020 00:00,13-03-2020 00:00,31.83,6.85,27.1,
802,13-03-2020 00:00,14-03-2020 00:00,23.38,5.19,22.86,
803,14-03-2020 00:00,15-03-2020 00:00,31.24,10.4,26.48,
804,15-03-2020 00:00,16-03-2020 00:00,26.18,6.05,22.01,
805,16-03-2020 00:00,17-03-2020 00:00,24.74,5.34,24.39,
806,17-03-2020 00:00,18-03-2020 00:00,21.3,4.96,25.94,
807,18-03-2020 00:00,19-03-2020 00:00,28.77,9.14,35.78,
808,19-03-2020 00:00,20-03-2020 00:00,40.41,9.96,33.76,
809,20-03-2020 00:00,21-03-2020 00:00,31.49,9.4,27.44,
810,21-03-2020 00:00,22-03-2020 00:00,38.23,9.2,30.16,
811,22-03-2020 00:00,23-03-2020 00:00,34.94,6.1,21.95,
812,23-03-2020 00:00,24-03-2020 00:00,36.04,4.6,14.53,
813,24-03-2020 00:00,25-03-2020 00:00,26.48,7.26,13.95,
814,25-03-2020 00:00,26-03-2020 00:00,28.39,6.86,14.8,
815,26-03-2020 00:00,27-03-2020 00:00,25.95,7.1,12.58,
816,27-03-2020 00:00,28-03-2020 00:00,35.72,3.59,13.49,
817,28-03-2020 00:00,29-03-2020 00:00,34.45,7.51,14.35,
818,29-03-2020 00:00,30-03-2020 00:00,40.31,8.94,15.22,
819,30-03-2020 00:00,31-03-2020 00:00,30.91,11.08,13.94,
820,31-03-2020 00:00,01-04-2020 00:00,39.6,10.68,14.64,
821,01-04-2020 00:00,02-04-2020 00:00,47.1,12.07,18.12,
822,02-04-2020 00:00,03-04-2020 00:00,43.13,11.05,16.04,
823,03-04-2020 00:00,04-04-2020 00:00,35.8,11.64,15.21,
824,04-04-2020 00:00,05-04-2020 00:00,37.32,11.19,18.45,
825,05-04-2020 00:00,06-04-2020 00:00,28.69,8.89,14.73,
826,06-04-2020 00:00,07-04-2020 00:00,27.92,13.56,20.03,
827,07-04-2020 00:00,08-04-2020 00:00,21.09,10.4,17.6,
828,08-04-2020 00:00,09-04-2020 00:00,20.28,21.6,19.53,
829,09-04-2020 00:00,10-04-2020 00:00,31.06,12.63,16.86,
830,10-04-2020 00:00,11-04-2020 00:00,19.15,9.99,17.03,
831,11-04-2020 00:00,12-04-2020 00:00,19.88,11.51,16.59,
832,12-04-2020 00:00,13-04-2020 00:00,28.62,9.23,16.45,
833,13-04-2020 00:00,14-04-2020 00:00,32.5,2.93,16.41,
834,14-04-2020 00:00,15-04-2020 00:00,33.4,5.99,18.04,
835,15-04-2020 00:00,16-04-2020 00:00,28.52,3.12,15.99,
836,16-04-2020 00:00,17-04-2020 00:00,33.61,3.73,17.84,
837,17-04-2020 00:00,18-04-2020 00:00,32.68,10.12,19.36,
838,18-04-2020 00:00,19-04-2020 00:00,32.18,5.13,18.58,
839,19-04-2020 00:00,20-04-2020 00:00,25.84,9.96,16.11,
840,20-04-2020 00:00,21-04-2020 00:00,24.22,13.44,20.58,
841,21-04-2020 00:00,22-04-2020 00:00,25.25,19.27,30.1,
842,22-04-2020 00:00,23-04-2020 00:00,22.19,8.01,18.71,
843,23-04-2020 00:00,24-04-2020 00:00,23.12,6.28,16.05,
844,24-04-2020 00:00,25-04-2020 00:00,24.99,3.67,15.14,
845,25-04-2020 00:00,26-04-2020 00:00,28.49,8.15,15.63,
846,26-04-2020 00:00,27-04-2020 00:00,23.57,3.29,10.08,
847,27-04-2020 00:00,28-04-2020 00:00,17.98,2.96,10.14,
848,28-04-2020 00:00,29-04-2020 00:00,18.39,3.62,9.14,
849,29-04-2020 00:00,30-04-2020 00:00,12.98,4.95,12.48,
850,30-04-2020 00:00,01-05-2020 00:00,19.01,4.92,14.82,
851,01-05-2020 00:00,02-05-2020 00:00,21.12,5.72,14.57,
852,02-05-2020 00:00,03-05-2020 00:00,22.18,23.39,14.58,
853,03-05-2020 00:00,04-05-2020 00:00,33.85,10.08,21.11,
854,04-05-2020 00:00,05-05-2020 00:00,26.7,6.05,15.95,
855,05-05-2020 00:00,06-05-2020 00:00,30.55,4.83,14.73,
856,06-05-2020 00:00,07-05-2020 00:00,25.63,5.14,13.04,
857,07-05-2020 00:00,08-05-2020 00:00,25.45,3.41,12.51,
858,08-05-2020 00:00,09-05-2020 00:00,29.28,7.52,16.56,
859,09-05-2020 00:00,10-05-2020 00:00,23.49,6.38,15.51,
860,10-05-2020 00:00,11-05-2020 00:00,23.04,3.06,20.67,
861,11-05-2020 00:00,12-05-2020 00:00,31.29,15.55,23.79,
862,12-05-2020 00:00,13-05-2020 00:00,32.72,10.47,24.25,
863,13-05-2020 00:00,14-05-2020 00:00,18.65,3.99,16.3,
864,14-05-2020 00:00,15-05-2020 00:00,18.03,3.51,13.75,
865,15-05-2020 00:00,16-05-2020 00:00,19.17,11.62,16.69,
866,16-05-2020 00:00,17-05-2020 00:00,25.99,13.94,19.14,
867,17-05-2020 00:00,18-05-2020 00:00,25.2,7.97,16.78,
868,18-05-2020 00:00,19-05-2020 00:00,28.49,22.03,20.49,
869,19-05-2020 00:00,20-05-2020 00:00,46.04,25.56,23.93,
870,20-05-2020 00:00,21-05-2020 00:00,43.35,34.96,28.4,
871,21-05-2020 00:00,22-05-2020 00:00,49.28,50.3,28.48,
872,22-05-2020 00:00,23-05-2020 00:00,29.19,10.61,21.42,
873,23-05-2020 00:00,24-05-2020 00:00,49.06,15.59,25.75,
874,24-05-2020 00:00,25-05-2020 00:00,44.58,9.82,18.9,
875,25-05-2020 00:00,26-05-2020 00:00,33.45,6.26,12.86,
876,26-05-2020 00:00,27-05-2020 00:00,33.76,8.29,13.09,
877,27-05-2020 00:00,28-05-2020 00:00,32.04,4.93,13.88,
878,28-05-2020 00:00,29-05-2020 00:00,22.89,7.35,7.31,
879,29-05-2020 00:00,30-05-2020 00:00,26.05,16.93,16.28,
880,30-05-2020 00:00,31-05-2020 00:00,20.34,7.09,11.1,
881,31-05-2020 00:00,01-06-2020 00:00,22.52,3.67,17.15,
882,01-06-2020 00:00,02-06-2020 00:00,29.04,6.61,22.71,
883,02-06-2020 00:00,03-06-2020 00:00,18.43,3.12,14.75,
884,03-06-2020 00:00,04-06-2020 00:00,11.46,5.03,13.41,
885,04-06-2020 00:00,05-06-2020 00:00,14.76,6.82,10.38,
886,05-06-2020 00:00,06-06-2020 00:00,24.88,13.86,17.5,
887,06-06-2020 00:00,07-06-2020 00:00,32.36,29.93,17.84,
888,07-06-2020 00:00,08-06-2020 00:00,26.15,24.25,15.48,
889,08-06-2020 00:00,09-06-2020 00:00,27.22,26.91,19.55,
890,09-06-2020 00:00,10-06-2020 00:00,25.11,23.62,14.3,
891,10-06-2020 00:00,11-06-2020 00:00,23.98,9.91,13.42,
892,11-06-2020 00:00,12-06-2020 00:00,35.11,13.67,21.21,
893,12-06-2020 00:00,13-06-2020 00:00,27.15,9.61,16.42,
894,13-06-2020 00:00,14-06-2020 00:00,8.81,5.89,12.02,
895,14-06-2020 00:00,15-06-2020 00:00,15.13,12.89,15.36,
896,15-06-2020 00:00,16-06-2020 00:00,15.94,10.7,15.48,
897,16-06-2020 00:00,17-06-2020 00:00,7.25,4.56,8.46,
898,17-06-2020 00:00,18-06-2020 00:00,13.12,7.21,13.42,
899,18-06-2020 00:00,19-06-2020 00:00,14.14,5.84,10.87,
900,19-06-2020 00:00,20-06-2020 00:00,28.12,19.38,23.08,
901,20-06-2020 00:00,21-06-2020 00:00,30.49,21.16,15.0,
902,21-06-2020 00:00,22-06-2020 00:00,36.63,21.15,20.64,
903,22-06-2020 00:00,23-06-2020 00:00,29.43,17.31,13.02,
904,23-06-2020 00:00,24-06-2020 00:00,20.52,12.15,13.79,
905,24-06-2020 00:00,25-06-2020 00:00,13.0,11.0,6.83,
906,25-06-2020 00:00,26-06-2020 00:00,22.37,3.88,11.4,
907,26-06-2020 00:00,27-06-2020 00:00,26.17,3.98,11.86,
908,27-06-2020 00:00,28-06-2020 00:00,23.41,5.32,14.47,
909,28-06-2020 00:00,29-06-2020 00:00,25.92,10.16,18.57,
910,29-06-2020 00:00,30-06-2020 00:00,20.76,11.27,22.68,
911,30-06-2020 00:00,01-07-2020 00:00,21.55,6.27,20.04,
912,01-07-2020 00:00,02-07-2020 00:00,12.4,8.7,14.08,
913,02-07-2020 00:00,03-07-2020 00:00,14.67,15.55,14.21,
914,03-07-2020 00:00,04-07-2020 00:00,13.31,14.88,13.91,
915,04-07-2020 00:00,05-07-2020 00:00,16.59,11.99,15.2,
916,05-07-2020 00:00,06-07-2020 00:00,20.07,18.64,20.41,
917,06-07-2020 00:00,07-07-2020 00:00,21.56,12.26,17.36,
918,07-07-2020 00:00,08-07-2020 00:00,11.23,4.25,6.21,
919,08-07-2020 00:00,09-07-2020 00:00,9.14,7.39,9.46,
920,09-07-2020 00:00,10-07-2020 00:00,12.41,6.97,15.75,
921,10-07-2020 00:00,11-07-2020 00:00,15.86,13.57,17.86,
922,11-07-2020 00:00,12-07-2020 00:00,19.56,8.91,16.8,
923,12-07-2020 00:00,13-07-2020 00:00,20.4,13.89,13.72,
924,13-07-2020 00:00,14-07-2020 00:00,19.86,11.16,21.25,
925,14-07-2020 00:00,15-07-2020 00:00,16.75,7.87,13.9,
926,15-07-2020 00:00,16-07-2020 00:00,17.42,8.75,15.09,
927,16-07-2020 00:00,17-07-2020 00:00,9.22,6.86,14.35,
928,17-07-2020 00:00,18-07-2020 00:00,8.36,3.57,6.54,
929,18-07-2020 00:00,19-07-2020 00:00,14.0,5.76,11.0,
930,19-07-2020 00:00,20-07-2020 00:00,21.33,9.87,15.76,
931,20-07-2020 00:00,21-07-2020 00:00,20.34,12.37,18.14,
932,21-07-2020 00:00,22-07-2020 00:00,12.21,4.28,13.91,
933,22-07-2020 00:00,23-07-2020 00:00,19.29,5.05,18.58,
934,23-07-2020 00:00,24-07-2020 00:00,26.06,6.3,25.98,
935,24-07-2020 00:00,25-07-2020 00:00,18.64,5.6,20.06,
936,25-07-2020 00:00,26-07-2020 00:00,24.02,7.47,27.3,
937,26-07-2020 00:00,27-07-2020 00:00,11.87,4.63,13.28,
938,27-07-2020 00:00,28-07-2020 00:00,20.8,23.83,20.72,
939,28-07-2020 00:00,29-07-2020 00:00,26.96,28.0,18.07,
940,29-07-2020 00:00,30-07-2020 00:00,20.58,9.04,20.75,
941,30-07-2020 00:00,31-07-2020 00:00,23.24,3.77,22.46,
942,31-07-2020 00:00,01-08-2020 00:00,19.79,3.77,20.91,
943,01-08-2020 00:00,02-08-2020 00:00,28.79,6.94,28.53,
944,02-08-2020 00:00,03-08-2020 00:00,16.68,6.6,18.11,
945,03-08-2020 00:00,04-08-2020 00:00,13.8,11.22,14.69,
946,04-08-2020 00:00,05-08-2020 00:00,8.05,8.14,13.4,
947,05-08-2020 00:00,06-08-2020 00:00,5.91,6.65,13.05,
948,06-08-2020 00:00,07-08-2020 00:00,9.52,3.14,8.08,
949,07-08-2020 00:00,08-08-2020 00:00,8.25,5.17,9.29,
950,08-08-2020 00:00,09-08-2020 00:00,16.29,19.84,21.23,
951,09-08-2020 00:00,10-08-2020 00:00,22.12,20.99,17.09,
952,10-08-2020 00:00,11-08-2020 00:00,22.89,15.77,19.94,
953,11-08-2020 00:00,12-08-2020 00:00,17.8,19.17,19.19,
954,12-08-2020 00:00,13-08-2020 00:00,18.0,18.18,17.29,
955,13-08-2020 00:00,14-08-2020 00:00,14.31,14.18,20.23,
956,14-08-2020 00:00,15-08-2020 00:00,14.73,10.92,18.96,
957,15-08-2020 00:00,16-08-2020 00:00,8.4,6.85,8.06,
958,16-08-2020 00:00,17-08-2020 00:00,5.33,8.83,18.93,
959,17-08-2020 00:00,18-08-2020 00:00,14.61,16.62,25.89,
960,18-08-2020 00:00,19-08-2020 00:00,19.4,21.97,21.28,
961,19-08-2020 00:00,20-08-2020 00:00,21.24,24.27,19.41,
962,20-08-2020 00:00,21-08-2020 00:00,17.07,19.01,18.28,
963,21-08-2020 00:00,22-08-2020 00:00,8.7,7.84,12.37,
964,22-08-2020 00:00,23-08-2020 00:00,,,,
965,23-08-2020 00:00,24-08-2020 00:00,,,,
966,24-08-2020 00:00,25-08-2020 00:00,16.96,10.89,11.41,
967,25-08-2020 00:00,26-08-2020 00:00,20.19,10.06,18.72,
968,26-08-2020 00:00,27-08-2020 00:00,35.39,16.75,16.56,
969,27-08-2020 00:00,28-08-2020 00:00,29.85,12.39,17.65,
970,28-08-2020 00:00,29-08-2020 00:00,18.36,15.53,15.86,
971,29-08-2020 00:00,30-08-2020 00:00,14.55,17.09,14.03,
972,30-08-2020 00:00,31-08-2020 00:00,16.67,20.01,15.44,
973,31-08-2020 00:00,01-09-2020 00:00,21.45,26.4,15.69,
974,01-09-2020 00:00,02-09-2020 00:00,31.87,11.37,14.4,
975,02-09-2020 00:00,03-09-2020 00:00,25.78,9.99,11.84,
976,03-09-2020 00:00,04-09-2020 00:00,18.15,5.63,13.5,
977,04-09-2020 00:00,05-09-2020 00:00,13.11,2.28,11.93,
978,05-09-2020 00:00,06-09-2020 00:00,12.43,4.08,14.32,
979,06-09-2020 00:00,07-09-2020 00:00,13.52,3.08,10.37,
980,07-09-2020 00:00,08-09-2020 00:00,18.35,7.0,13.98,
981,08-09-2020 00:00,09-09-2020 00:00,18.24,15.39,16.77,
982,09-09-2020 00:00,10-09-2020 00:00,26.16,16.24,21.57,
983,10-09-2020 00:00,11-09-2020 00:00,34.1,34.27,23.24,
984,11-09-2020 00:00,12-09-2020 00:00,23.43,21.41,26.64,
985,12-09-2020 00:00,13-09-2020 00:00,8.02,26.1,14.9,
986,13-09-2020 00:00,14-09-2020 00:00,20.51,28.39,19.48,
987,14-09-2020 00:00,15-09-2020 00:00,30.27,39.01,18.94,
988,15-09-2020 00:00,16-09-2020 00:00,18.89,32.63,21.73,
989,16-09-2020 00:00,17-09-2020 00:00,20.82,28.38,15.84,
990,17-09-2020 00:00,18-09-2020 00:00,32.91,50.22,25.71,
991,18-09-2020 00:00,19-09-2020 00:00,31.59,36.34,26.19,
992,19-09-2020 00:00,20-09-2020 00:00,46.83,34.68,25.22,
993,20-09-2020 00:00,21-09-2020 00:00,34.96,22.48,14.67,
994,21-09-2020 00:00,22-09-2020 00:00,9.3,24.71,17.69,
995,22-09-2020 00:00,23-09-2020 00:00,10.16,23.88,11.85,
996,23-09-2020 00:00,24-09-2020 00:00,7.99,33.0,11.23,
997,24-09-2020 00:00,25-09-2020 00:00,10.12,41.39,12.83,
998,25-09-2020 00:00,26-09-2020 00:00,12.47,20.38,17.05,
999,26-09-2020 00:00,27-09-2020 00:00,11.09,26.35,21.73,
1000,27-09-2020 00:00,28-09-2020 00:00,25.01,25.11,15.42,
1001,28-09-2020 00:00,29-09-2020 00:00,26.49,25.45,27.5,
1002,29-09-2020 00:00,30-09-2020 00:00,41.17,27.98,22.12,
1003,30-09-2020 00:00,01-10-2020 00:00,34.29,17.24,16.95,
1004,01-10-2020 00:00,02-10-2020 00:00,53.3,34.03,20.04,
1005,02-10-2020 00:00,03-10-2020 00:00,45.85,36.52,22.76,
1006,03-10-2020 00:00,04-10-2020 00:00,45.11,22.26,17.45,
1007,04-10-2020 00:00,05-10-2020 00:00,49.44,36.26,29.47,
1008,05-10-2020 00:00,06-10-2020 00:00,49.95,40.91,28.02,
1009,06-10-2020 00:00,07-10-2020 00:00,48.95,30.84,20.64,
1010,07-10-2020 00:00,08-10-2020 00:00,61.91,48.43,24.95,
1011,08-10-2020 00:00,09-10-2020 00:00,58.16,21.63,21.32,
1012,09-10-2020 00:00,10-10-2020 00:00,48.69,10.74,24.38,
1013,10-10-2020 00:00,11-10-2020 00:00,43.93,26.51,34.49,
1014,11-10-2020 00:00,12-10-2020 00:00,24.92,18.92,17.83,
1015,12-10-2020 00:00,13-10-2020 00:00,23.25,22.02,20.01,
1016,13-10-2020 00:00,14-10-2020 00:00,36.28,9.41,10.8,
1017,14-10-2020 00:00,15-10-2020 00:00,8.95,7.72,14.23,
1018,15-10-2020 00:00,16-10-2020 00:00,17.06,2.71,18.3,
1019,16-10-2020 00:00,17-10-2020 00:00,24.15,12.36,20.89,
1020,17-10-2020 00:00,18-10-2020 00:00,29.18,24.07,21.97,
1021,18-10-2020 00:00,19-10-2020 00:00,28.85,27.0,25.5,
1022,19-10-2020 00:00,20-10-2020 00:00,48.02,33.31,33.73,
1023,20-10-2020 00:00,21-10-2020 00:00,51.26,15.19,30.76,
1024,21-10-2020 00:00,22-10-2020 00:00,55.08,33.66,25.54,
1025,22-10-2020 00:00,23-10-2020 00:00,77.38,34.81,27.55,
1026,23-10-2020 00:00,24-10-2020 00:00,71.78,36.06,40.86,
1027,24-10-2020 00:00,25-10-2020 00:00,69.88,29.33,43.72,
1028,25-10-2020 00:00,26-10-2020 00:00,61.26,7.62,25.85,
1029,26-10-2020 00:00,27-10-2020 00:00,59.55,19.08,19.46,
1030,27-10-2020 00:00,28-10-2020 00:00,57.71,16.64,17.59,
1031,28-10-2020 00:00,29-10-2020 00:00,64.66,15.13,25.16,
1032,29-10-2020 00:00,30-10-2020 00:00,68.8,16.85,27.7,
1033,30-10-2020 00:00,31-10-2020 00:00,74.67,29.77,19.67,
1034,31-10-2020 00:00,01-11-2020 00:00,77.8,21.26,18.8,
1035,01-11-2020 00:00,02-11-2020 00:00,69.91,13.21,20.97,
1036,02-11-2020 00:00,03-11-2020 00:00,74.71,26.16,28.22,
1037,03-11-2020 00:00,04-11-2020 00:00,79.55,15.79,18.32,
1038,04-11-2020 00:00,05-11-2020 00:00,65.22,27.01,25.14,
1039,05-11-2020 00:00,06-11-2020 00:00,54.62,13.47,22.17,
1040,06-11-2020 00:00,07-11-2020 00:00,61.17,11.9,22.51,
1041,07-11-2020 00:00,08-11-2020 00:00,76.5,14.92,19.91,
1042,08-11-2020 00:00,09-11-2020 00:00,,,,
1043,09-11-2020 00:00,10-11-2020 00:00,67.66,22.62,23.9,
1044,10-11-2020 00:00,11-11-2020 00:00,73.63,20.13,26.36,
1045,11-11-2020 00:00,12-11-2020 00:00,54.38,17.52,27.68,
1046,12-11-2020 00:00,13-11-2020 00:00,28.69,7.64,22.52,
1047,13-11-2020 00:00,14-11-2020 00:00,27.69,5.46,21.92,
1048,14-11-2020 00:00,15-11-2020 00:00,42.82,9.9,25.4,
1049,15-11-2020 00:00,16-11-2020 00:00,45.15,5.75,15.67,
1050,16-11-2020 00:00,17-11-2020 00:00,37.41,3.87,16.26,
1051,17-11-2020 00:00,18-11-2020 00:00,51.9,4.11,26.82,
1052,18-11-2020 00:00,19-11-2020 00:00,33.35,3.47,23.16,
1053,19-11-2020 00:00,20-11-2020 00:00,26.1,3.09,19.57,
1054,20-11-2020 00:00,21-11-2020 00:00,30.14,6.7,28.96,
1055,21-11-2020 00:00,22-11-2020 00:00,53.11,12.91,34.99,
1056,22-11-2020 00:00,23-11-2020 00:00,57.94,9.29,22.95,
1057,23-11-2020 00:00,24-11-2020 00:00,61.11,12.99,24.02,
1058,24-11-2020 00:00,25-11-2020 00:00,59.19,24.15,30.53,
1059,25-11-2020 00:00,26-11-2020 00:00,48.32,14.08,22.55,
1060,26-11-2020 00:00,27-11-2020 00:00,33.06,5.18,13.16,
1061,27-11-2020 00:00,28-11-2020 00:00,45.65,4.49,13.68,
1062,28-11-2020 00:00,29-11-2020 00:00,32.8,5.54,18.29,
1063,29-11-2020 00:00,30-11-2020 00:00,40.38,3.5,21.3,
1064,30-11-2020 00:00,01-12-2020 00:00,61.73,5.52,36.22,
1065,01-12-2020 00:00,02-12-2020 00:00,64.16,8.21,36.71,
1066,02-12-2020 00:00,03-12-2020 00:00,63.46,15.33,27.36,
1067,03-12-2020 00:00,04-12-2020 00:00,67.76,13.15,29.15,
1068,04-12-2020 00:00,05-12-2020 00:00,62.54,12.83,28.66,
1069,05-12-2020 00:00,06-12-2020 00:00,60.67,15.27,27.91,
1070,06-12-2020 00:00,07-12-2020 00:00,51.69,11.27,26.51,
1071,07-12-2020 00:00,08-12-2020 00:00,54.2,13.8,26.15,
1072,08-12-2020 00:00,09-12-2020 00:00,56.63,9.74,41.52,
1073,09-12-2020 00:00,10-12-2020 00:00,60.62,10.54,46.12,
1074,10-12-2020 00:00,11-12-2020 00:00,63.34,8.04,44.1,
1075,11-12-2020 00:00,12-12-2020 00:00,54.75,5.56,25.93,
1076,12-12-2020 00:00,13-12-2020 00:00,70.33,6.9,27.64,
1077,13-12-2020 00:00,14-12-2020 00:00,74.95,8.0,32.07,
1078,14-12-2020 00:00,15-12-2020 00:00,65.15,6.74,24.76,
1079,15-12-2020 00:00,16-12-2020 00:00,64.04,5.37,24.95,
1080,16-12-2020 00:00,17-12-2020 00:00,72.79,5.72,27.76,
1081,17-12-2020 00:00,18-12-2020 00:00,68.57,6.17,28.86,
1082,18-12-2020 00:00,19-12-2020 00:00,75.1,9.78,29.59,
1083,19-12-2020 00:00,20-12-2020 00:00,73.43,10.14,22.73,
1084,20-12-2020 00:00,21-12-2020 00:00,67.11,14.26,21.06,
1085,21-12-2020 00:00,22-12-2020 00:00,60.16,18.09,27.63,
1086,22-12-2020 00:00,23-12-2020 00:00,62.71,19.99,33.5,
1087,23-12-2020 00:00,24-12-2020 00:00,70.96,14.02,37.54,
1088,24-12-2020 00:00,25-12-2020 00:00,77.97,8.87,36.06,
1089,25-12-2020 00:00,26-12-2020 00:00,78.65,6.34,36.29,
1090,26-12-2020 00:00,27-12-2020 00:00,77.54,7.15,38.18,
1091,27-12-2020 00:00,28-12-2020 00:00,74.42,10.23,51.17,
1092,28-12-2020 00:00,29-12-2020 00:00,80.04,10.26,35.42,
1093,29-12-2020 00:00,30-12-2020 00:00,80.14,6.03,28.64,
1094,30-12-2020 00:00,31-12-2020 00:00,80.27,5.52,22.78,
1095,31-12-2020 00:00,01-01-2021 00:00,80.91,3.39,23.63,
1096,01-01-2021 00:00,02-01-2021 00:00,79.27,3.28,22.23,
1097,02-01-2021 00:00,03-01-2021 00:00,78.15,3.77,30.47,
1098,03-01-2021 00:00,04-01-2021 00:00,78.24,2.76,32.12,
1099,04-01-2021 00:00,05-01-2021 00:00,70.44,3.46,23.6,
1100,05-01-2021 00:00,06-01-2021 00:00,53.74,2.79,20.45,
1101,06-01-2021 00:00,07-01-2021 00:00,58.73,3.41,22.37,
1102,07-01-2021 00:00,08-01-2021 00:00,62.79,6.25,34.11,
1103,08-01-2021 00:00,09-01-2021 00:00,59.66,2.41,21.8,
1104,09-01-2021 00:00,10-01-2021 00:00,38.57,3.83,32.34,
1105,10-01-2021 00:00,11-01-2021 00:00,52.93,4.96,38.0,
1106,11-01-2021 00:00,12-01-2021 00:00,68.24,11.57,49.48,
1107,12-01-2021 00:00,13-01-2021 00:00,63.43,11.4,52.43,
1108,13-01-2021 00:00,14-01-2021 00:00,72.8,5.46,43.69,
1109,14-01-2021 00:00,15-01-2021 00:00,68.06,2.87,20.16,
1110,15-01-2021 00:00,16-01-2021 00:00,79.28,4.39,26.57,
1111,16-01-2021 00:00,17-01-2021 00:00,76.63,2.56,24.25,
1112,17-01-2021 00:00,18-01-2021 00:00,66.62,2.59,24.08,
1113,18-01-2021 00:00,19-01-2021 00:00,54.37,3.11,21.86,
1114,19-01-2021 00:00,20-01-2021 00:00,60.91,3.31,31.61,
1115,20-01-2021 00:00,21-01-2021 00:00,60.92,4.26,39.95,
1116,21-01-2021 00:00,22-01-2021 00:00,62.87,6.23,41.38,
1117,22-01-2021 00:00,23-01-2021 00:00,67.73,5.34,31.48,
1118,23-01-2021 00:00,24-01-2021 00:00,74.08,2.95,30.91,
1119,24-01-2021 00:00,25-01-2021 00:00,60.27,3.35,17.98,
1120,25-01-2021 00:00,26-01-2021 00:00,57.96,3.77,22.04,
1121,26-01-2021 00:00,27-01-2021 00:00,52.74,4.0,22.19,
1122,27-01-2021 00:00,28-01-2021 00:00,62.61,2.23,22.32,
1123,28-01-2021 00:00,29-01-2021 00:00,67.12,2.86,21.85,
1124,29-01-2021 00:00,30-01-2021 00:00,61.26,2.21,23.78,
1125,30-01-2021 00:00,31-01-2021 00:00,66.73,2.64,32.71,
1126,31-01-2021 00:00,01-02-2021 00:00,74.96,2.58,24.37,
1127,01-02-2021 00:00,02-02-2021 00:00,74.78,2.94,25.35,
1128,02-02-2021 00:00,03-02-2021 00:00,59.73,5.7,34.83,
1129,03-02-2021 00:00,04-02-2021 00:00,62.15,7.46,48.69,
1130,04-02-2021 00:00,05-02-2021 00:00,60.38,7.38,47.22,
1131,05-02-2021 00:00,06-02-2021 00:00,52.9,4.66,31.83,
1132,06-02-2021 00:00,07-02-2021 00:00,49.96,7.07,29.02,
1133,07-02-2021 00:00,08-02-2021 00:00,71.79,12.56,29.97,
1134,08-02-2021 00:00,09-02-2021 00:00,55.12,23.45,28.88,
1135,09-02-2021 00:00,10-02-2021 00:00,64.99,10.41,36.05,
1136,10-02-2021 00:00,11-02-2021 00:00,71.59,11.07,46.47,
1137,11-02-2021 00:00,12-02-2021 00:00,59.27,5.07,33.74,
1138,12-02-2021 00:00,13-02-2021 00:00,51.69,5.13,33.1,
1139,13-02-2021 00:00,14-02-2021 00:00,59.47,6.54,33.47,
1140,14-02-2021 00:00,15-02-2021 00:00,52.26,5.12,31.67,
1141,15-02-2021 00:00,16-02-2021 00:00,54.35,4.18,33.73,
1142,16-02-2021 00:00,17-02-2021 00:00,58.64,4.21,33.12,
1143,17-02-2021 00:00,18-02-2021 00:00,54.06,3.58,24.79,
1144,18-02-2021 00:00,19-02-2021 00:00,55.55,4.04,20.46,
1145,19-02-2021 00:00,20-02-2021 00:00,55.31,3.12,19.74,
1146,20-02-2021 00:00,21-02-2021 00:00,59.52,6.6,25.39,
1147,21-02-2021 00:00,22-02-2021 00:00,39.83,2.76,18.12,
1148,22-02-2021 00:00,23-02-2021 00:00,61.67,5.24,39.87,
1149,23-02-2021 00:00,24-02-2021 00:00,64.97,10.47,51.61,
1150,24-02-2021 00:00,25-02-2021 00:00,61.71,8.55,47.04,
1151,25-02-2021 00:00,26-02-2021 00:00,61.26,9.06,52.48,
1152,26-02-2021 00:00,27-02-2021 00:00,65.42,16.07,49.55,
1153,27-02-2021 00:00,28-02-2021 00:00,63.17,34.14,49.4,
1154,28-02-2021 00:00,01-03-2021 00:00,61.67,20.09,58.25,
1155,01-03-2021 00:00,02-03-2021 00:00,62.67,15.13,39.53,
1156,02-03-2021 00:00,03-03-2021 00:00,56.37,7.98,43.86,
1157,03-03-2021 00:00,04-03-2021 00:00,60.6,10.26,38.96,
1158,04-03-2021 00:00,05-03-2021 00:00,61.26,10.47,43.46,
1159,05-03-2021 00:00,06-03-2021 00:00,54.87,9.74,39.61,
1160,06-03-2021 00:00,07-03-2021 00:00,58.45,14.12,43.05,
1161,07-03-2021 00:00,08-03-2021 00:00,62.87,6.37,44.13,
1162,08-03-2021 00:00,09-03-2021 00:00,56.86,6.24,31.79,
1163,09-03-2021 00:00,10-03-2021 00:00,52.72,4.63,24.99,
1164,10-03-2021 00:00,11-03-2021 00:00,51.96,4.32,30.37,
1165,11-03-2021 00:00,12-03-2021 00:00,32.62,6.32,27.07,
1166,12-03-2021 00:00,13-03-2021 00:00,29.41,3.28,20.59,
1167,13-03-2021 00:00,14-03-2021 00:00,32.03,5.07,29.57,
1168,14-03-2021 00:00,15-03-2021 00:00,39.26,5.51,34.94,
1169,15-03-2021 00:00,16-03-2021 00:00,57.54,7.02,42.4,
1170,16-03-2021 00:00,17-03-2021 00:00,57.76,4.91,35.59,
1171,17-03-2021 00:00,18-03-2021 00:00,71.34,6.2,34.07,
1172,18-03-2021 00:00,19-03-2021 00:00,61.46,4.58,24.7,
1173,19-03-2021 00:00,20-03-2021 00:00,59.76,6.46,27.39,
1174,20-03-2021 00:00,21-03-2021 00:00,49.44,5.73,21.64,
1175,21-03-2021 00:00,22-03-2021 00:00,55.16,7.42,20.72,
1176,22-03-2021 00:00,23-03-2021 00:00,80.14,15.18,36.45,
1177,23-03-2021 00:00,24-03-2021 00:00,69.03,13.68,19.25,
1178,24-03-2021 00:00,25-03-2021 00:00,65.37,12.94,25.86,
1179,25-03-2021 00:00,26-03-2021 00:00,72.62,15.99,41.87,
1180,26-03-2021 00:00,27-03-2021 00:00,74.19,12.99,36.2,
1181,27-03-2021 00:00,28-03-2021 00:00,78.64,15.82,41.02,
1182,28-03-2021 00:00,29-03-2021 00:00,69.85,13.89,34.75,
1183,29-03-2021 00:00,30-03-2021 00:00,70.18,9.4,24.4,
1184,30-03-2021 00:00,31-03-2021 00:00,71.8,22.06,30.92,
1185,31-03-2021 00:00,01-04-2021 00:00,58.09,42.12,39.45,
1186,01-04-2021 00:00,02-04-2021 00:00,65.8,36.32,41.74,
1187,02-04-2021 00:00,03-04-2021 00:00,67.48,32.43,41.21,
1188,03-04-2021 00:00,04-04-2021 00:00,68.38,31.27,38.4,
1189,04-04-2021 00:00,05-04-2021 00:00,69.47,11.21,26.21,
1190,05-04-2021 00:00,06-04-2021 00:00,62.02,12.0,25.43,
1191,06-04-2021 00:00,07-04-2021 00:00,60.54,4.72,20.06,
1192,07-04-2021 00:00,08-04-2021 00:00,52.96,4.63,21.1,
1193,08-04-2021 00:00,09-04-2021 00:00,57.97,10.77,31.15,
1194,09-04-2021 00:00,10-04-2021 00:00,57.07,6.21,29.09,
1195,10-04-2021 00:00,11-04-2021 00:00,38.45,2.81,17.29,
1196,11-04-2021 00:00,12-04-2021 00:00,23.88,2.5,12.64,
1197,12-04-2021 00:00,13-04-2021 00:00,43.99,3.37,24.54,
1198,13-04-2021 00:00,14-04-2021 00:00,39.03,4.57,14.97,
1199,14-04-2021 00:00,15-04-2021 00:00,27.26,5.39,24.15,
1200,15-04-2021 00:00,16-04-2021 00:00,34.26,5.85,23.89,
1201,16-04-2021 00:00,17-04-2021 00:00,42.53,8.58,29.41,
1202,17-04-2021 00:00,18-04-2021 00:00,44.19,4.16,23.76,
1203,18-04-2021 00:00,19-04-2021 00:00,54.98,4.66,32.18,
1204,19-04-2021 00:00,20-04-2021 00:00,54.99,11.86,35.62,
1205,20-04-2021 00:00,21-04-2021 00:00,58.36,9.18,30.76,
1206,21-04-2021 00:00,22-04-2021 00:00,50.04,5.88,22.36,
1207,22-04-2021 00:00,23-04-2021 00:00,38.65,5.58,12.76,
1208,23-04-2021 00:00,24-04-2021 00:00,37.43,10.87,17.86,
1209,24-04-2021 00:00,25-04-2021 00:00,41.76,9.03,18.33,
1210,25-04-2021 00:00,26-04-2021 00:00,48.96,4.29,17.7,
1211,26-04-2021 00:00,27-04-2021 00:00,40.97,13.05,22.56,
1212,27-04-2021 00:00,28-04-2021 00:00,35.02,4.48,16.48,
1213,28-04-2021 00:00,29-04-2021 00:00,41.91,20.19,28.83,
1214,29-04-2021 00:00,30-04-2021 00:00,52.53,24.51,35.78,
1215,30-04-2021 00:00,01-05-2021 00:00,38.81,13.72,21.85,
1216,01-05-2021 00:00,02-05-2021 00:00,52.74,14.3,21.78,
1217,02-05-2021 00:00,03-05-2021 00:00,31.13,6.78,12.53,
1218,03-05-2021 00:00,04-05-2021 00:00,26.31,6.73,24.66,
1219,04-05-2021 00:00,05-05-2021 00:00,35.73,5.74,37.48,
1220,05-05-2021 00:00,06-05-2021 00:00,30.69,6.87,30.26,
1221,06-05-2021 00:00,07-05-2021 00:00,24.87,6.66,17.95,
1222,07-05-2021 00:00,08-05-2021 00:00,17.36,3.4,12.55,
1223,08-05-2021 00:00,09-05-2021 00:00,25.73,7.65,16.78,
1224,09-05-2021 00:00,10-05-2021 00:00,8.85,3.67,11.62,
1225,10-05-2021 00:00,11-05-2021 00:00,20.88,4.96,18.54,
1226,11-05-2021 00:00,12-05-2021 00:00,28.56,5.13,12.1,
1227,12-05-2021 00:00,13-05-2021 00:00,21.78,2.81,10.0,
1228,13-05-2021 00:00,14-05-2021 00:00,24.6,4.71,11.4,
1229,14-05-2021 00:00,15-05-2021 00:00,28.02,4.96,13.28,
1230,15-05-2021 00:00,16-05-2021 00:00,6.95,2.94,6.15,
1231,16-05-2021 00:00,17-05-2021 00:00,12.45,2.38,6.03,
1232,17-05-2021 00:00,18-05-2021 00:00,11.73,3.72,8.45,
1233,18-05-2021 00:00,19-05-2021 00:00,13.5,1.86,11.48,
1234,19-05-2021 00:00,20-05-2021 00:00,10.41,2.49,9.74,
1235,20-05-2021 00:00,21-05-2021 00:00,13.57,4.61,14.9,
1236,21-05-2021 00:00,22-05-2021 00:00,27.79,4.72,15.57,
1237,22-05-2021 00:00,23-05-2021 00:00,30.65,5.83,14.83,
1238,23-05-2021 00:00,24-05-2021 00:00,39.76,10.15,14.33,
1239,24-05-2021 00:00,25-05-2021 00:00,38.74,13.05,20.7,
1240,25-05-2021 00:00,26-05-2021 00:00,44.25,36.59,30.24,
1241,26-05-2021 00:00,27-05-2021 00:00,41.3,22.03,32.54,
1242,27-05-2021 00:00,28-05-2021 00:00,23.56,14.44,15.31,
1243,28-05-2021 00:00,29-05-2021 00:00,25.89,15.61,19.73,
1244,29-05-2021 00:00,30-05-2021 00:00,21.48,12.13,14.89,
1245,30-05-2021 00:00,31-05-2021 00:00,38.84,13.69,24.72,
1246,31-05-2021 00:00,01-06-2021 00:00,25.69,14.29,24.18,
1247,01-06-2021 00:00,02-06-2021 00:00,16.26,12.13,16.89,
1248,02-06-2021 00:00,03-06-2021 00:00,18.29,7.08,21.8,
1249,03-06-2021 00:00,04-06-2021 00:00,27.55,6.69,27.17,
1250,04-06-2021 00:00,05-06-2021 00:00,19.35,4.58,19.22,
1251,05-06-2021 00:00,06-06-2021 00:00,17.99,5.01,14.79,
1252,06-06-2021 00:00,07-06-2021 00:00,15.36,6.83,17.59,
1253,07-06-2021 00:00,08-06-2021 00:00,12.73,7.49,12.83,
1254,08-06-2021 00:00,09-06-2021 00:00,14.83,16.51,15.38,
1255,09-06-2021 00:00,10-06-2021 00:00,10.48,10.17,19.59,
1256,10-06-2021 00:00,11-06-2021 00:00,10.33,10.21,14.18,
1257,11-06-2021 00:00,12-06-2021 00:00,11.4,14.98,18.41,
1258,12-06-2021 00:00,13-06-2021 00:00,7.78,17.84,14.95,
1259,13-06-2021 00:00,14-06-2021 00:00,9.4,15.86,19.24,
1260,14-06-2021 00:00,15-06-2021 00:00,10.8,10.79,15.35,
1261,15-06-2021 00:00,16-06-2021 00:00,2.58,6.63,13.1,
1262,16-06-2021 00:00,17-06-2021 00:00,4.22,10.31,14.97,
1263,17-06-2021 00:00,18-06-2021 00:00,8.12,17.95,16.07,
1264,18-06-2021 00:00,19-06-2021 00:00,15.63,20.68,12.49,
1265,19-06-2021 00:00,20-06-2021 00:00,7.54,25.31,8.88,
1266,20-06-2021 00:00,21-06-2021 00:00,20.56,31.22,18.75,
1267,21-06-2021 00:00,22-06-2021 00:00,48.86,32.63,18.24,
1268,22-06-2021 00:00,23-06-2021 00:00,43.72,27.12,22.92,
1269,23-06-2021 00:00,24-06-2021 00:00,39.59,31.7,20.89,
1270,24-06-2021 00:00,25-06-2021 00:00,29.25,20.5,18.38,
1271,25-06-2021 00:00,26-06-2021 00:00,16.57,26.15,16.37,
1272,26-06-2021 00:00,27-06-2021 00:00,20.02,23.46,17.99,
1273,27-06-2021 00:00,28-06-2021 00:00,24.52,16.14,20.02,
1274,28-06-2021 00:00,29-06-2021 00:00,17.82,21.44,17.52,
1275,29-06-2021 00:00,30-06-2021 00:00,21.5,20.08,25.34,
1276,30-06-2021 00:00,01-07-2021 00:00,16.84,18.85,20.35,
1277,01-07-2021 00:00,02-07-2021 00:00,12.33,22.53,16.48,
1278,02-07-2021 00:00,03-07-2021 00:00,14.67,17.17,23.42,
1279,03-07-2021 00:00,04-07-2021 00:00,16.35,16.36,16.9,
1280,04-07-2021 00:00,05-07-2021 00:00,26.28,20.5,21.53,
1281,05-07-2021 00:00,06-07-2021 00:00,25.68,22.64,26.35,
1282,06-07-2021 00:00,07-07-2021 00:00,31.11,25.35,25.24,
1283,07-07-2021 00:00,08-07-2021 00:00,26.1,14.12,20.19,
1284,08-07-2021 00:00,09-07-2021 00:00,21.03,26.08,23.7,
1285,09-07-2021 00:00,10-07-2021 00:00,16.59,24.82,20.13,
1286,10-07-2021 00:00,11-07-2021 00:00,9.82,23.01,16.93,
1287,11-07-2021 00:00,12-07-2021 00:00,14.44,22.6,17.91,
1288,12-07-2021 00:00,13-07-2021 00:00,6.11,17.33,12.66,
1289,13-07-2021 00:00,14-07-2021 00:00,6.83,18.25,15.7,
1290,14-07-2021 00:00,15-07-2021 00:00,8.01,22.07,18.25,
1291,15-07-2021 00:00,16-07-2021 00:00,8.02,18.2,16.1,
1292,16-07-2021 00:00,17-07-2021 00:00,6.94,30.06,11.66,
1293,17-07-2021 00:00,18-07-2021 00:00,7.86,16.96,14.52,
1294,18-07-2021 00:00,19-07-2021 00:00,11.56,22.46,20.8,
1295,19-07-2021 00:00,20-07-2021 00:00,6.33,15.55,13.57,
1296,20-07-2021 00:00,21-07-2021 00:00,6.75,10.93,10.86,
1297,21-07-2021 00:00,22-07-2021 00:00,4.57,6.12,13.1,
1298,22-07-2021 00:00,23-07-2021 00:00,4.39,6.56,10.32,
1299,23-07-2021 00:00,24-07-2021 00:00,9.68,22.51,16.0,
1300,24-07-2021 00:00,25-07-2021 00:00,10.23,45.77,18.6,
1301,25-07-2021 00:00,26-07-2021 00:00,8.23,27.0,14.83,
1302,26-07-2021 00:00,27-07-2021 00:00,9.74,13.16,15.74,
1303,27-07-2021 00:00,28-07-2021 00:00,9.63,9.77,17.87,
1304,28-07-2021 00:00,29-07-2021 00:00,8.47,11.62,12.94,
1305,29-07-2021 00:00,30-07-2021 00:00,11.21,14.24,13.76,
1306,30-07-2021 00:00,31-07-2021 00:00,9.76,17.36,14.66,
1307,31-07-2021 00:00,01-08-2021 00:00,9.75,15.23,17.33,
1308,01-08-2021 00:00,02-08-2021 00:00,9.76,7.68,59.17,
1309,02-08-2021 00:00,03-08-2021 00:00,18.54,7.86,37.23,
1310,03-08-2021 00:00,04-08-2021 00:00,21.17,15.62,15.85,
1311,04-08-2021 00:00,05-08-2021 00:00,12.65,19.49,13.93,
1312,05-08-2021 00:00,06-08-2021 00:00,16.21,23.43,15.69,
1313,06-08-2021 00:00,07-08-2021 00:00,26.86,26.87,19.4,
1314,07-08-2021 00:00,08-08-2021 00:00,34.56,31.72,20.64,
1315,08-08-2021 00:00,09-08-2021 00:00,26.67,23.8,14.7,
1316,09-08-2021 00:00,10-08-2021 00:00,20.14,26.25,14.78,
1317,10-08-2021 00:00,11-08-2021 00:00,40.07,31.29,27.2,
1318,11-08-2021 00:00,12-08-2021 00:00,24.94,24.55,17.38,
1319,12-08-2021 00:00,13-08-2021 00:00,26.33,20.39,21.21,
1320,13-08-2021 00:00,14-08-2021 00:00,27.29,18.58,17.66,
1321,14-08-2021 00:00,15-08-2021 00:00,25.88,31.74,21.39,
1322,15-08-2021 00:00,16-08-2021 00:00,11.63,36.04,14.66,
1323,16-08-2021 00:00,17-08-2021 00:00,22.07,16.99,15.91,
1324,17-08-2021 00:00,18-08-2021 00:00,25.59,28.61,19.16,
1325,18-08-2021 00:00,19-08-2021 00:00,16.89,33.68,18.0,
1326,19-08-2021 00:00,20-08-2021 00:00,15.71,42.86,14.99,
1327,20-08-2021 00:00,21-08-2021 00:00,22.49,48.17,21.76,
1328,21-08-2021 00:00,22-08-2021 00:00,15.38,20.72,15.58,
1329,22-08-2021 00:00,23-08-2021 00:00,14.89,19.2,16.39,
1330,23-08-2021 00:00,24-08-2021 00:00,19.8,10.32,21.48,
1331,24-08-2021 00:00,25-08-2021 00:00,38.02,14.97,29.21,
1332,25-08-2021 00:00,26-08-2021 00:00,34.81,29.97,22.31,
1333,26-08-2021 00:00,27-08-2021 00:00,22.67,14.84,20.42,
1334,27-08-2021 00:00,28-08-2021 00:00,26.36,28.04,21.77,
1335,28-08-2021 00:00,29-08-2021 00:00,14.99,20.46,18.23,
1336,29-08-2021 00:00,30-08-2021 00:00,31.19,33.44,20.47,
1337,30-08-2021 00:00,31-08-2021 00:00,21.92,23.7,24.27,
1338,31-08-2021 00:00,01-09-2021 00:00,18.28,17.66,12.61,
1339,01-09-2021 00:00,02-09-2021 00:00,22.22,17.23,19.26,
1340,02-09-2021 00:00,03-09-2021 00:00,27.45,23.14,19.71,
1341,03-09-2021 00:00,04-09-2021 00:00,23.76,36.1,23.12,
1342,04-09-2021 00:00,05-09-2021 00:00,15.2,24.47,15.56,
1343,05-09-2021 00:00,06-09-2021 00:00,15.88,30.76,17.12,
1344,06-09-2021 00:00,07-09-2021 00:00,16.26,38.42,24.41,
1345,07-09-2021 00:00,08-09-2021 00:00,8.38,34.74,9.98,
1346,08-09-2021 00:00,09-09-2021 00:00,8.03,29.0,6.37,
1347,09-09-2021 00:00,10-09-2021 00:00,11.62,32.94,11.75,
1348,10-09-2021 00:00,11-09-2021 00:00,14.96,33.78,11.91,
1349,11-09-2021 00:00,12-09-2021 00:00,8.93,23.15,9.83,
1350,12-09-2021 00:00,13-09-2021 00:00,7.91,25.7,8.87,
1351,13-09-2021 00:00,14-09-2021 00:00,4.53,15.84,8.93,
1352,14-09-2021 00:00,15-09-2021 00:00,5.55,18.19,9.56,
1353,15-09-2021 00:00,16-09-2021 00:00,18.8,15.57,10.3,
1354,16-09-2021 00:00,17-09-2021 00:00,19.9,20.93,10.51,
1355,17-09-2021 00:00,18-09-2021 00:00,19.11,18.89,14.3,
1356,18-09-2021 00:00,19-09-2021 00:00,31.09,24.47,19.95,
1357,19-09-2021 00:00,20-09-2021 00:00,29.52,11.85,20.88,
1358,20-09-2021 00:00,21-09-2021 00:00,18.85,13.0,16.01,
1359,21-09-2021 00:00,22-09-2021 00:00,18.89,20.21,19.1,
1360,22-09-2021 00:00,23-09-2021 00:00,25.24,25.09,17.13,
1361,23-09-2021 00:00,24-09-2021 00:00,26.15,26.36,22.17,
1362,24-09-2021 00:00,25-09-2021 00:00,19.65,24.59,23.67,
1363,25-09-2021 00:00,26-09-2021 00:00,22.99,20.73,15.61,
1364,26-09-2021 00:00,27-09-2021 00:00,30.16,34.24,18.69,
1365,27-09-2021 00:00,28-09-2021 00:00,26.49,16.19,14.89,
1366,28-09-2021 00:00,29-09-2021 00:00,8.84,18.29,12.59,
1367,29-09-2021 00:00,30-09-2021 00:00,15.66,20.7,17.97,
1368,30-09-2021 00:00,01-10-2021 00:00,17.85,36.89,21.21,
1369,01-10-2021 00:00,02-10-2021 00:00,39.85,18.37,23.05,
1370,02-10-2021 00:00,03-10-2021 00:00,14.31,5.04,13.9,
1371,03-10-2021 00:00,04-10-2021 00:00,16.38,7.9,17.4,
1372,04-10-2021 00:00,05-10-2021 00:00,25.41,9.53,27.38,
1373,05-10-2021 00:00,06-10-2021 00:00,32.68,15.17,19.55,
1374,06-10-2021 00:00,07-10-2021 00:00,15.85,5.7,9.53,
1375,07-10-2021 00:00,08-10-2021 00:00,12.04,7.15,14.58,
1376,08-10-2021 00:00,09-10-2021 00:00,32.3,12.24,27.56,
1377,09-10-2021 00:00,10-10-2021 00:00,26.66,21.98,22.5,
1378,10-10-2021 00:00,11-10-2021 00:00,36.34,20.17,21.4,
1379,11-10-2021 00:00,12-10-2021 00:00,45.86,20.93,20.7,
1380,12-10-2021 00:00,13-10-2021 00:00,50.53,14.53,21.72,
1381,13-10-2021 00:00,14-10-2021 00:00,64.26,18.2,26.44,
1382,14-10-2021 00:00,15-10-2021 00:00,62.46,30.22,27.76,
1383,15-10-2021 00:00,16-10-2021 00:00,54.47,24.65,16.6,
1384,16-10-2021 00:00,17-10-2021 00:00,59.14,9.45,14.28,
1385,17-10-2021 00:00,18-10-2021 00:00,31.84,13.0,19.01,
1386,18-10-2021 00:00,19-10-2021 00:00,48.91,22.41,24.77,
1387,19-10-2021 00:00,20-10-2021 00:00,50.97,26.49,29.15,
1388,20-10-2021 00:00,21-10-2021 00:00,57.57,17.41,24.08,
1389,21-10-2021 00:00,22-10-2021 00:00,46.57,17.24,20.78,
1390,22-10-2021 00:00,23-10-2021 00:00,51.3,24.01,24.72,
1391,23-10-2021 00:00,24-10-2021 00:00,51.7,15.61,25.62,
1392,24-10-2021 00:00,25-10-2021 00:00,52.72,15.7,26.41,
1393,25-10-2021 00:00,26-10-2021 00:00,54.26,11.26,15.65,
1394,26-10-2021 00:00,27-10-2021 00:00,57.66,21.8,22.13,
1395,27-10-2021 00:00,28-10-2021 00:00,59.95,15.22,17.61,
1396,28-10-2021 00:00,29-10-2021 00:00,59.51,13.28,18.08,
1397,29-10-2021 00:00,30-10-2021 00:00,55.27,11.05,13.99,
1398,30-10-2021 00:00,31-10-2021 00:00,59.53,9.41,15.43,
1399,31-10-2021 00:00,01-11-2021 00:00,59.94,10.19,16.11,
1400,01-11-2021 00:00,02-11-2021 00:00,57.8,15.59,31.14,
1401,02-11-2021 00:00,03-11-2021 00:00,42.12,8.24,22.74,
1402,03-11-2021 00:00,04-11-2021 00:00,17.84,4.71,12.83,
1403,04-11-2021 00:00,05-11-2021 00:00,34.66,11.78,17.07,
1404,05-11-2021 00:00,06-11-2021 00:00,41.45,8.77,18.3,
1405,06-11-2021 00:00,07-11-2021 00:00,55.62,6.41,16.44,
1406,07-11-2021 00:00,08-11-2021 00:00,72.26,16.02,17.58,
1407,08-11-2021 00:00,09-11-2021 00:00,63.58,13.62,17.85,
1408,09-11-2021 00:00,10-11-2021 00:00,72.39,15.46,23.19,
1409,10-11-2021 00:00,11-11-2021 00:00,78.47,16.36,24.06,
1410,11-11-2021 00:00,12-11-2021 00:00,78.6,15.17,16.32,
1411,12-11-2021 00:00,13-11-2021 00:00,60.48,13.52,19.47,
1412,13-11-2021 00:00,14-11-2021 00:00,17.62,7.31,15.51,
1413,14-11-2021 00:00,15-11-2021 00:00,18.71,5.86,17.1,
1414,15-11-2021 00:00,16-11-2021 00:00,14.74,6.33,16.49,
1415,16-11-2021 00:00,17-11-2021 00:00,9.7,6.01,12.65,
1416,17-11-2021 00:00,18-11-2021 00:00,14.31,4.75,15.35,
1417,18-11-2021 00:00,19-11-2021 00:00,36.02,7.62,26.33,
1418,19-11-2021 00:00,20-11-2021 00:00,14.39,4.77,13.25,
1419,20-11-2021 00:00,21-11-2021 00:00,7.25,5.31,12.72,
1420,21-11-2021 00:00,22-11-2021 00:00,7.0,5.23,12.72,
1421,22-11-2021 00:00,23-11-2021 00:00,16.96,4.88,19.95,
1422,23-11-2021 00:00,24-11-2021 00:00,29.42,8.27,29.4,
1423,24-11-2021 00:00,25-11-2021 00:00,40.26,8.48,23.02,
1424,25-11-2021 00:00,26-11-2021 00:00,54.35,10.78,25.84,
1425,26-11-2021 00:00,27-11-2021 00:00,61.7,10.33,28.56,
1426,27-11-2021 00:00,28-11-2021 00:00,59.25,10.69,22.33,
1427,28-11-2021 00:00,29-11-2021 00:00,63.47,9.7,16.5,
1428,29-11-2021 00:00,30-11-2021 00:00,74.0,9.85,16.94,
1429,30-11-2021 00:00,01-12-2021 00:00,64.85,13.54,27.41,
1430,01-12-2021 00:00,02-12-2021 00:00,70.38,10.49,23.29,
1431,02-12-2021 00:00,03-12-2021 00:00,78.66,6.65,22.75,
1432,03-12-2021 00:00,04-12-2021 00:00,79.22,9.94,21.24,
1433,04-12-2021 00:00,05-12-2021 00:00,73.89,15.07,21.31,
1434,05-12-2021 00:00,06-12-2021 00:00,68.13,22.49,26.5,
1435,06-12-2021 00:00,07-12-2021 00:00,46.89,9.43,18.7,
1436,07-12-2021 00:00,08-12-2021 00:00,47.47,10.47,19.87,
1437,08-12-2021 00:00,09-12-2021 00:00,61.05,11.29,21.7,
1438,09-12-2021 00:00,10-12-2021 00:00,49.58,7.5,19.11,
1439,10-12-2021 00:00,11-12-2021 00:00,40.27,6.3,19.81,
1440,11-12-2021 00:00,12-12-2021 00:00,56.67,8.24,17.25,
1441,12-12-2021 00:00,13-12-2021 00:00,65.67,9.73,18.06,
1442,13-12-2021 00:00,14-12-2021 00:00,65.23,11.3,25.68,
1443,14-12-2021 00:00,15-12-2021 00:00,75.13,8.55,28.09,
1444,15-12-2021 00:00,16-12-2021 00:00,74.91,13.36,26.9,
1445,16-12-2021 00:00,17-12-2021 00:00,68.93,11.53,23.29,
1446,17-12-2021 00:00,18-12-2021 00:00,69.58,12.86,24.32,
1447,18-12-2021 00:00,19-12-2021 00:00,68.46,11.77,20.33,
1448,19-12-2021 00:00,20-12-2021 00:00,76.74,15.42,23.49,
1449,20-12-2021 00:00,21-12-2021 00:00,75.02,17.75,30.29,
1450,21-12-2021 00:00,22-12-2021 00:00,67.33,21.31,43.54,
1451,22-12-2021 00:00,23-12-2021 00:00,64.94,14.69,56.65,
1452,23-12-2021 00:00,24-12-2021 00:00,74.09,13.66,62.69,
1453,24-12-2021 00:00,25-12-2021 00:00,73.84,8.9,46.89,
1454,25-12-2021 00:00,26-12-2021 00:00,79.14,12.81,41.32,
1455,26-12-2021 00:00,27-12-2021 00:00,76.49,8.97,29.14,
1456,27-12-2021 00:00,28-12-2021 00:00,74.46,5.9,18.26,
1457,28-12-2021 00:00,29-12-2021 00:00,62.2,6.46,22.64,
1458,29-12-2021 00:00,30-12-2021 00:00,49.59,5.74,21.9,
1459,30-12-2021 00:00,31-12-2021 00:00,56.38,5.07,24.67,
1460,31-12-2021 00:00,01-01-2022 00:00,61.18,5.85,19.73,
1461,01-01-2022 00:00,02-01-2022 00:00,65.96,6.36,17.12,
1462,02-01-2022 00:00,03-01-2022 00:00,69.49,5.66,19.22,
1463,03-01-2022 00:00,04-01-2022 00:00,64.05,6.64,22.01,
1464,04-01-2022 00:00,05-01-2022 00:00,68.93,6.82,20.28,
1465,05-01-2022 00:00,06-01-2022 00:00,76.48,6.73,20.02,
1466,06-01-2022 00:00,07-01-2022 00:00,58.51,5.96,20.08,
1467,07-01-2022 00:00,08-01-2022 00:00,40.9,5.81,13.16,
1468,08-01-2022 00:00,09-01-2022 00:00,30.39,4.85,9.14,
1469,09-01-2022 00:00,10-01-2022 00:00,32.8,5.9,11.29,
1470,10-01-2022 00:00,11-01-2022 00:00,37.24,4.69,10.34,
1471,11-01-2022 00:00,12-01-2022 00:00,35.0,15.21,9.06,
1472,12-01-2022 00:00,13-01-2022 00:00,38.66,6.24,9.84,
1473,13-01-2022 00:00,14-01-2022 00:00,29.95,5.28,5.74,
1474,14-01-2022 00:00,15-01-2022 00:00,38.4,10.16,8.47,
1475,15-01-2022 00:00,16-01-2022 00:00,31.58,7.47,3.14,
1476,16-01-2022 00:00,17-01-2022 00:00,48.99,10.62,4.77,
1477,17-01-2022 00:00,18-01-2022 00:00,38.95,6.74,5.46,
1478,18-01-2022 00:00,19-01-2022 00:00,52.87,9.62,7.45,
1479,19-01-2022 00:00,20-01-2022 00:00,62.19,9.12,10.3,
1480,20-01-2022 00:00,21-01-2022 00:00,58.03,14.92,12.76,
1481,21-01-2022 00:00,22-01-2022 00:00,56.71,14.35,8.12,
1482,22-01-2022 00:00,23-01-2022 00:00,52.04,17.01,7.53,
1483,23-01-2022 00:00,24-01-2022 00:00,53.51,29.58,7.96,
1484,24-01-2022 00:00,25-01-2022 00:00,68.33,8.02,2.35,
1485,25-01-2022 00:00,26-01-2022 00:00,79.84,13.83,18.81,
1486,26-01-2022 00:00,27-01-2022 00:00,79.01,24.63,18.3,
1487,27-01-2022 00:00,28-01-2022 00:00,75.13,32.81,22.53,
1488,28-01-2022 00:00,29-01-2022 00:00,44.32,18.88,20.21,
1489,29-01-2022 00:00,30-01-2022 00:00,49.83,24.36,27.66,
1490,30-01-2022 00:00,31-01-2022 00:00,59.55,25.95,36.58,
1491,31-01-2022 00:00,01-02-2022 00:00,64.41,17.11,45.18,
1492,01-02-2022 00:00,02-02-2022 00:00,68.86,24.17,41.11,
1493,02-02-2022 00:00,03-02-2022 00:00,68.06,10.28,26.77,
1494,03-02-2022 00:00,04-02-2022 00:00,60.79,11.31,24.42,
1495,04-02-2022 00:00,05-02-2022 00:00,56.39,21.61,20.75,
1496,05-02-2022 00:00,06-02-2022 00:00,67.84,20.5,35.15,
1497,06-02-2022 00:00,07-02-2022 00:00,53.47,13.55,19.11,
1498,07-02-2022 00:00,08-02-2022 00:00,55.38,11.87,23.04,
1499,08-02-2022 00:00,09-02-2022 00:00,58.9,7.88,20.6,
1500,09-02-2022 00:00,10-02-2022 00:00,48.56,8.94,18.48,
1501,10-02-2022 00:00,11-02-2022 00:00,57.16,10.24,25.07,
1502,11-02-2022 00:00,12-02-2022 00:00,67.78,15.76,17.93,
1503,12-02-2022 00:00,13-02-2022 00:00,55.95,39.93,30.73,
1504,13-02-2022 00:00,14-02-2022 00:00,52.56,19.41,26.82,
1505,14-02-2022 00:00,15-02-2022 00:00,64.07,11.26,26.91,
1506,15-02-2022 00:00,16-02-2022 00:00,62.13,8.71,27.16,
1507,16-02-2022 00:00,17-02-2022 00:00,56.38,6.84,31.74,
1508,17-02-2022 00:00,18-02-2022 00:00,50.41,10.63,18.34,
1509,18-02-2022 00:00,19-02-2022 00:00,49.17,5.15,14.9,
1510,19-02-2022 00:00,20-02-2022 00:00,47.49,6.94,23.38,
1511,20-02-2022 00:00,21-02-2022 00:00,56.69,23.08,31.66,
1512,21-02-2022 00:00,22-02-2022 00:00,59.68,38.29,41.47,
1513,22-02-2022 00:00,23-02-2022 00:00,60.87,22.53,30.56,
1514,23-02-2022 00:00,24-02-2022 00:00,44.12,8.4,19.66,
1515,24-02-2022 00:00,25-02-2022 00:00,43.18,9.47,25.74,
1516,25-02-2022 00:00,26-02-2022 00:00,36.09,12.74,27.22,
1517,26-02-2022 00:00,27-02-2022 00:00,28.44,7.76,16.22,
1518,27-02-2022 00:00,28-02-2022 00:00,19.18,8.6,16.11,
1519,28-02-2022 00:00,01-03-2022 00:00,22.19,8.88,21.94,
1520,01-03-2022 00:00,02-03-2022 00:00,24.15,10.16,24.98,
1521,02-03-2022 00:00,03-03-2022 00:00,29.87,11.9,25.27,
1522,03-03-2022 00:00,04-03-2022 00:00,31.0,9.95,24.42,
1523,04-03-2022 00:00,05-03-2022 00:00,36.89,12.29,25.83,
1524,05-03-2022 00:00,06-03-2022 00:00,36.04,10.8,22.43,
1525,06-03-2022 00:00,07-03-2022 00:00,40.2,11.12,17.78,
1526,07-03-2022 00:00,08-03-2022 00:00,36.79,12.38,20.96,
1527,08-03-2022 00:00,09-03-2022 00:00,53.36,13.68,27.35,
1528,09-03-2022 00:00,10-03-2022 00:00,63.81,16.11,38.09,
1529,10-03-2022 00:00,11-03-2022 00:00,68.85,28.74,27.55,
1530,11-03-2022 00:00,12-03-2022 00:00,67.96,13.41,25.83,
1531,12-03-2022 00:00,13-03-2022 00:00,68.94,21.72,36.06,
1532,13-03-2022 00:00,14-03-2022 00:00,67.79,21.25,48.49,
1533,14-03-2022 00:00,15-03-2022 00:00,51.08,26.75,31.34,
1534,15-03-2022 00:00,16-03-2022 00:00,49.36,36.8,64.15,
1535,16-03-2022 00:00,17-03-2022 00:00,56.94,34.77,56.54,
1536,17-03-2022 00:00,18-03-2022 00:00,61.04,42.3,61.29,
1537,18-03-2022 00:00,19-03-2022 00:00,68.29,33.1,33.97,
1538,19-03-2022 00:00,20-03-2022 00:00,56.25,13.14,25.37,
1539,20-03-2022 00:00,21-03-2022 00:00,52.12,32.56,28.22,
1540,21-03-2022 00:00,22-03-2022 00:00,63.5,27.3,37.78,
1541,22-03-2022 00:00,23-03-2022 00:00,66.43,10.46,22.16,
1542,23-03-2022 00:00,24-03-2022 00:00,67.81,22.64,30.78,
1543,24-03-2022 00:00,25-03-2022 00:00,68.95,8.05,18.98,
1544,25-03-2022 00:00,26-03-2022 00:00,62.24,8.58,17.39,
1545,26-03-2022 00:00,27-03-2022 00:00,54.96,14.41,21.04,
1546,27-03-2022 00:00,28-03-2022 00:00,53.95,12.65,23.59,
1547,28-03-2022 00:00,29-03-2022 00:00,55.62,9.08,27.51,
1548,29-03-2022 00:00,30-03-2022 00:00,58.45,14.78,35.59,
1549,30-03-2022 00:00,31-03-2022 00:00,63.26,28.6,38.85,
1550,31-03-2022 00:00,01-04-2022 00:00,60.66,29.9,32.48,
1551,01-04-2022 00:00,02-04-2022 00:00,65.94,18.59,26.73,
1552,02-04-2022 00:00,03-04-2022 00:00,50.77,10.55,13.12,
1553,03-04-2022 00:00,04-04-2022 00:00,48.14,12.62,16.6,
1554,04-04-2022 00:00,05-04-2022 00:00,46.96,15.3,22.07,
1555,05-04-2022 00:00,06-04-2022 00:00,39.81,11.36,24.15,
1556,06-04-2022 00:00,07-04-2022 00:00,41.61,13.93,27.2,
1557,07-04-2022 00:00,08-04-2022 00:00,50.24,14.01,25.34,
1558,08-04-2022 00:00,09-04-2022 00:00,41.9,9.18,23.23,
1559,09-04-2022 00:00,10-04-2022 00:00,27.79,10.24,20.95,
1560,10-04-2022 00:00,11-04-2022 00:00,25.2,10.01,20.12,
1561,11-04-2022 00:00,12-04-2022 00:00,31.62,14.01,22.98,
1562,12-04-2022 00:00,13-04-2022 00:00,33.32,9.67,27.02,
1563,13-04-2022 00:00,14-04-2022 00:00,26.67,9.83,26.28,
1564,14-04-2022 00:00,15-04-2022 00:00,25.26,8.44,20.33,
1565,15-04-2022 00:00,16-04-2022 00:00,40.85,23.52,31.88,
1566,16-04-2022 00:00,17-04-2022 00:00,49.28,36.3,37.6,
1567,17-04-2022 00:00,18-04-2022 00:00,46.34,29.12,27.5,
1568,18-04-2022 00:00,19-04-2022 00:00,46.68,12.63,25.47,
1569,19-04-2022 00:00,20-04-2022 00:00,59.0,21.37,38.85,
1570,20-04-2022 00:00,21-04-2022 00:00,48.58,11.95,28.41,
1571,21-04-2022 00:00,22-04-2022 00:00,51.7,11.14,27.31,
1572,22-04-2022 00:00,23-04-2022 00:00,46.12,20.07,27.7,
1573,23-04-2022 00:00,24-04-2022 00:00,43.3,21.44,44.13,
1574,24-04-2022 00:00,25-04-2022 00:00,32.82,13.65,20.37,
1575,25-04-2022 00:00,26-04-2022 00:00,60.25,38.97,52.67,
1576,26-04-2022 00:00,27-04-2022 00:00,40.79,19.83,29.93,
1577,27-04-2022 00:00,28-04-2022 00:00,57.89,28.5,39.35,
1578,28-04-2022 00:00,29-04-2022 00:00,49.53,30.13,30.07,
1579,29-04-2022 00:00,30-04-2022 00:00,55.8,36.26,43.38,
1580,30-04-2022 00:00,01-05-2022 00:00,57.54,12.9,50.64,
1581,01-05-2022 00:00,02-05-2022 00:00,48.46,21.67,34.37,
1582,02-05-2022 00:00,03-05-2022 00:00,42.11,13.14,31.44,
1583,03-05-2022 00:00,04-05-2022 00:00,62.22,17.06,36.4,
1584,04-05-2022 00:00,05-05-2022 00:00,38.45,10.71,26.47,
1585,05-05-2022 00:00,06-05-2022 00:00,48.52,7.25,47.1,
1586,06-05-2022 00:00,07-05-2022 00:00,50.84,7.67,37.98,
1587,07-05-2022 00:00,08-05-2022 00:00,46.4,10.35,25.34,
1588,08-05-2022 00:00,09-05-2022 00:00,47.88,9.39,29.52,
1589,09-05-2022 00:00,10-05-2022 00:00,59.78,13.85,32.45,
1590,10-05-2022 00:00,11-05-2022 00:00,57.53,20.78,35.94,
1591,11-05-2022 00:00,12-05-2022 00:00,29.79,6.85,19.04,
1592,12-05-2022 00:00,13-05-2022 00:00,19.79,5.09,18.38,
1593,13-05-2022 00:00,14-05-2022 00:00,37.09,9.33,20.63,
1594,14-05-2022 00:00,15-05-2022 00:00,37.2,12.27,17.26,
1595,15-05-2022 00:00,16-05-2022 00:00,41.67,14.65,24.81,
1596,16-05-2022 00:00,17-05-2022 00:00,37.44,9.18,17.99,
1597,17-05-2022 00:00,18-05-2022 00:00,38.62,7.42,20.5,
1598,18-05-2022 00:00,19-05-2022 00:00,56.13,12.13,40.76,
1599,19-05-2022 00:00,20-05-2022 00:00,17.05,6.34,11.99,
1600,20-05-2022 00:00,21-05-2022 00:00,27.1,4.29,18.01,
1601,21-05-2022 00:00,22-05-2022 00:00,44.12,9.2,27.3,
1602,22-05-2022 00:00,23-05-2022 00:00,35.05,11.66,16.69,
1603,23-05-2022 00:00,24-05-2022 00:00,38.09,25.54,21.27,
1604,24-05-2022 00:00,25-05-2022 00:00,35.99,15.28,24.37,
1605,25-05-2022 00:00,26-05-2022 00:00,50.59,33.74,26.23,
1606,26-05-2022 00:00,27-05-2022 00:00,48.85,23.35,33.27,
1607,27-05-2022 00:00,28-05-2022 00:00,38.36,22.07,27.89,
1608,28-05-2022 00:00,29-05-2022 00:00,29.45,19.37,25.15,
1609,29-05-2022 00:00,30-05-2022 00:00,37.04,33.57,25.37,
1610,30-05-2022 00:00,31-05-2022 00:00,41.25,35.44,25.41,
1611,31-05-2022 00:00,01-06-2022 00:00,40.62,23.37,23.1,
1612,01-06-2022 00:00,02-06-2022 00:00,43.08,20.32,27.78,
1613,02-06-2022 00:00,03-06-2022 00:00,52.86,27.05,31.45,
1614,03-06-2022 00:00,04-06-2022 00:00,41.1,23.07,29.49,
1615,04-06-2022 00:00,05-06-2022 00:00,50.11,20.09,34.07,
1616,05-06-2022 00:00,06-06-2022 00:00,61.0,30.54,37.81,
1617,06-06-2022 00:00,07-06-2022 00:00,46.02,23.71,24.3,
1618,07-06-2022 00:00,08-06-2022 00:00,34.51,18.27,28.1,
1619,08-06-2022 00:00,09-06-2022 00:00,41.43,24.05,24.73,
1620,09-06-2022 00:00,10-06-2022 00:00,34.36,17.3,19.03,
1621,10-06-2022 00:00,11-06-2022 00:00,17.78,24.7,18.74,
1622,11-06-2022 00:00,12-06-2022 00:00,16.93,19.44,15.8,
1623,12-06-2022 00:00,13-06-2022 00:00,13.33,33.93,16.38,
1624,13-06-2022 00:00,14-06-2022 00:00,19.55,16.39,16.97,
1625,14-06-2022 00:00,15-06-2022 00:00,21.89,16.6,27.12,
1626,15-06-2022 00:00,16-06-2022 00:00,20.31,9.22,19.25,
1627,16-06-2022 00:00,17-06-2022 00:00,27.11,10.47,25.45,
1628,17-06-2022 00:00,18-06-2022 00:00,31.15,13.53,30.64,
1629,18-06-2022 00:00,19-06-2022 00:00,31.0,11.21,22.88,
1630,19-06-2022 00:00,20-06-2022 00:00,23.53,10.63,29.8,
1631,20-06-2022 00:00,21-06-2022 00:00,15.17,10.9,18.08,
1632,21-06-2022 00:00,22-06-2022 00:00,17.73,10.64,20.61,
1633,22-06-2022 00:00,23-06-2022 00:00,21.26,15.84,29.98,
1634,23-06-2022 00:00,24-06-2022 00:00,18.17,22.25,22.51,
1635,24-06-2022 00:00,25-06-2022 00:00,14.06,13.07,22.46,
1636,25-06-2022 00:00,26-06-2022 00:00,17.76,15.3,25.29,
1637,26-06-2022 00:00,27-06-2022 00:00,19.03,20.2,18.52,
1638,27-06-2022 00:00,28-06-2022 00:00,22.32,22.06,16.45,
1639,28-06-2022 00:00,29-06-2022 00:00,17.2,15.24,19.49,
1640,29-06-2022 00:00,30-06-2022 00:00,30.13,15.64,27.85,
1641,30-06-2022 00:00,01-07-2022 00:00,22.51,12.42,24.83,
1642,01-07-2022 00:00,02-07-2022 00:00,16.09,11.56,15.24,
1643,02-07-2022 00:00,03-07-2022 00:00,32.82,19.38,28.37,
1644,03-07-2022 00:00,04-07-2022 00:00,26.26,14.45,17.08,
1645,04-07-2022 00:00,05-07-2022 00:00,23.44,12.94,17.05,
1646,05-07-2022 00:00,06-07-2022 00:00,11.63,14.38,18.31,
1647,06-07-2022 00:00,07-07-2022 00:00,15.86,13.13,15.03,
1648,07-07-2022 00:00,08-07-2022 00:00,16.51,9.82,16.91,
1649,08-07-2022 00:00,09-07-2022 00:00,20.09,13.09,14.91,
1650,09-07-2022 00:00,10-07-2022 00:00,20.97,12.04,15.28,
1651,10-07-2022 00:00,11-07-2022 00:00,26.56,18.68,13.91,
1652,11-07-2022 00:00,12-07-2022 00:00,19.52,10.91,10.73,
1653,12-07-2022 00:00,13-07-2022 00:00,12.84,8.96,9.4,
1654,13-07-2022 00:00,14-07-2022 00:00,8.11,6.49,6.8,
1655,14-07-2022 00:00,15-07-2022 00:00,14.14,11.31,10.75,
1656,15-07-2022 00:00,16-07-2022 00:00,19.95,12.12,13.83,
1657,16-07-2022 00:00,17-07-2022 00:00,27.84,12.21,21.87,
1658,17-07-2022 00:00,18-07-2022 00:00,20.47,12.44,17.06,
1659,18-07-2022 00:00,19-07-2022 00:00,17.16,15.11,16.31,
1660,19-07-2022 00:00,20-07-2022 00:00,22.3,20.6,22.83,
1661,20-07-2022 00:00,21-07-2022 00:00,33.58,18.37,21.19,
1662,21-07-2022 00:00,22-07-2022 00:00,30.23,15.91,18.61,
1663,22-07-2022 00:00,23-07-2022 00:00,28.36,12.62,25.75,
1664,23-07-2022 00:00,24-07-2022 00:00,31.34,29.11,21.61,
1665,24-07-2022 00:00,25-07-2022 00:00,15.64,17.6,16.56,
1666,25-07-2022 00:00,26-07-2022 00:00,17.6,17.45,15.06,
1667,26-07-2022 00:00,27-07-2022 00:00,21.92,11.73,15.55,
1668,27-07-2022 00:00,28-07-2022 00:00,30.49,18.05,19.17,
1669,28-07-2022 00:00,29-07-2022 00:00,38.04,10.01,34.53,
1670,29-07-2022 00:00,30-07-2022 00:00,43.3,18.82,33.84,
1671,30-07-2022 00:00,31-07-2022 00:00,19.29,9.87,20.15,
1672,31-07-2022 00:00,01-08-2022 00:00,23.36,13.19,15.85,
1673,01-08-2022 00:00,02-08-2022 00:00,28.76,10.01,17.04,
1674,02-08-2022 00:00,03-08-2022 00:00,35.65,11.03,26.3,
1675,03-08-2022 00:00,04-08-2022 00:00,30.9,13.41,24.09,
1676,04-08-2022 00:00,05-08-2022 00:00,30.82,18.01,27.9,
1677,05-08-2022 00:00,06-08-2022 00:00,18.29,17.8,22.11,
1678,06-08-2022 00:00,07-08-2022 00:00,18.0,22.65,17.35,
1679,07-08-2022 00:00,08-08-2022 00:00,14.14,19.9,15.7,
1680,08-08-2022 00:00,09-08-2022 00:00,10.28,9.79,11.67,
1681,09-08-2022 00:00,10-08-2022 00:00,11.23,9.52,8.35,
1682,10-08-2022 00:00,11-08-2022 00:00,17.18,19.87,11.42,
1683,11-08-2022 00:00,12-08-2022 00:00,18.04,30.32,11.49,
1684,12-08-2022 00:00,13-08-2022 00:00,12.62,17.79,13.39,
1685,13-08-2022 00:00,14-08-2022 00:00,14.04,10.02,17.54,
1686,14-08-2022 00:00,15-08-2022 00:00,11.69,20.02,13.19,
1687,15-08-2022 00:00,16-08-2022 00:00,8.75,18.93,8.67,
1688,16-08-2022 00:00,17-08-2022 00:00,15.13,22.76,13.94,
1689,17-08-2022 00:00,18-08-2022 00:00,20.56,34.58,27.48,
1690,18-08-2022 00:00,19-08-2022 00:00,32.58,31.97,19.62,
1691,19-08-2022 00:00,20-08-2022 00:00,27.21,49.49,19.96,
1692,20-08-2022 00:00,21-08-2022 00:00,26.95,47.25,24.16,
1693,21-08-2022 00:00,22-08-2022 00:00,21.43,24.88,19.96,
1694,22-08-2022 00:00,22-08-2022 12:51,12.17,17.47,15.29,
