,City,Lat,Lng,Date,CO,NO2,SO2,PM2_5
0,Ludhiana,30.91,75.855,2020-11-24,1875.8775,45.7525,13.175,209.975
1,Ludhiana,30.91,75.855,2020-11-25,1047.5316666666665,28.10291666666666,13.415833333333333,143.80083333333334
2,Ludhiana,30.91,75.855,2020-11-26,678.1437500000001,19.825,5.5079166666666675,38.52916666666666
3,Ludhiana,30.91,75.855,2020-11-27,1185.497083333333,18.84958333333333,6.529583333333332,109.54291666666666
4,Ludhiana,30.91,75.855,2020-11-28,2158.4841666666675,42.76791666666666,6.3450000000000015,208.33583333333334
5,Ludhiana,30.91,75.855,2020-11-29,2723.138333333333,74.03750000000001,22.05583333333333,297.07708333333335
6,Ludhiana,30.91,75.855,2020-11-30,1999.9345833333334,33.870416666666664,8.067916666666667,265.59541666666667
7,Ludhiana,30.91,75.855,2020-12-01,2195.199583333333,46.46541666666667,7.806249999999998,253.79958333333335
8,Ludhiana,30.91,75.855,2020-12-02,2532.3224999999998,50.86458333333334,8.426666666666666,284.93375
9,Ludhiana,30.91,75.855,2020-12-03,2744.27875,62.85499999999999,21.069583333333334,339.71000000000004
10,Ludhiana,30.91,75.855,2020-12-04,1497.03,29.65291666666666,17.496250000000003,254.90333333333328
11,Ludhiana,30.91,75.855,2020-12-05,1051.7045833333334,27.703749999999996,18.32666666666667,161.36833333333334
12,Ludhiana,30.91,75.855,2020-12-06,1374.0862499999996,35.85833333333333,18.15666666666667,249.7520833333334
13,Ludhiana,30.91,75.855,2020-12-07,1569.6287499999996,36.74416666666667,7.246250000000001,239.49541666666664
14,Ludhiana,30.91,75.855,2020-12-08,2006.8883333333333,48.05958333333333,7.785416666666669,224.51
15,Ludhiana,30.91,75.855,2020-12-09,767.43,19.0725,5.538333333333333,50.10124999999999
16,Ludhiana,30.91,75.855,2020-12-10,1208.0270833333332,32.57708333333333,5.046250000000001,81.59750000000001
17,Ludhiana,30.91,75.855,2020-12-11,1376.5887500000001,35.97875,8.911666666666667,112.47333333333331
18,Ludhiana,30.91,75.855,2020-12-12,1129.5883333333334,24.31708333333334,8.59083333333333,119.09166666666664
19,Ludhiana,30.91,75.855,2020-12-13,1277.01,30.35833333333333,4.18875,114.31333333333333
20,Ludhiana,30.91,75.855,2020-12-14,1460.8695833333334,35.417916666666656,5.649583333333332,124.04833333333333
21,Ludhiana,30.91,75.855,2020-12-15,1209.9754166666667,22.032916666666665,5.825833333333333,119.30833333333335
22,Ludhiana,30.91,75.855,2020-12-16,1362.6808333333336,24.105833333333333,6.37625,140.555
23,Ludhiana,30.91,75.855,2020-12-17,1634.7183333333332,32.56,6.208750000000001,157.08166666666668
24,Ludhiana,30.91,75.855,2020-12-18,1864.7512500000003,34.77,6.750833333333335,193.47458333333338
25,Ludhiana,30.91,75.855,2020-12-19,1765.1716666666664,18.478749999999998,7.375833333333333,266.22249999999997
26,Ludhiana,30.91,75.855,2020-12-20,1709.5404166666667,17.918333333333337,5.992916666666666,253.26666666666674
27,Ludhiana,30.91,75.855,2020-12-21,2352.6349999999998,46.43958333333333,7.077916666666667,286.86041666666665
28,Ludhiana,30.91,75.855,2020-12-22,2341.51,44.275416666666665,10.485833333333336,268.10999999999996
29,Ludhiana,30.91,75.855,2020-12-23,2451.657916666667,42.70583333333334,9.576666666666666,337.7858333333333
30,Ludhiana,30.91,75.855,2020-12-24,2261.9566666666665,40.96458333333334,9.879999999999999,326.6125
31,Ludhiana,30.91,75.855,2020-12-25,1958.7695833333335,31.94958333333334,5.114166666666667,299.59
32,Ludhiana,30.91,75.855,2020-12-26,2330.939166666667,46.17458333333334,13.31375,326.37666666666667
33,Ludhiana,30.91,75.855,2020-12-27,1379.0924999999997,23.241666666666664,10.035833333333333,242.6320833333333
34,Ludhiana,30.91,75.855,2020-12-28,1471.4399999999996,43.50875,8.147916666666665,145.36708333333334
35,Ludhiana,30.91,75.855,2020-12-29,1309.2758333333331,25.406250000000004,6.312500000000001,140.20458333333335
36,Ludhiana,30.91,75.855,2020-12-30,2017.7366666666667,40.13875000000001,7.3495833333333325,233.0554166666667
37,Ludhiana,30.91,75.855,2020-12-31,2094.5075000000006,39.92083333333334,10.808749999999998,263.19250000000005
38,Ludhiana,30.91,75.855,2021-01-01,2483.3679166666666,50.32375000000001,15.2175,350.565
39,Ludhiana,30.91,75.855,2021-01-02,1040.300833333333,28.81833333333333,11.422916666666667,131.74208333333334
40,Ludhiana,30.91,75.855,2021-01-03,631.4120833333334,15.316250000000002,10.863750000000001,52.887916666666655
41,Ludhiana,30.91,75.855,2021-01-04,709.57375,19.765416666666663,13.727083333333331,41.51791666666666
42,Ludhiana,30.91,75.855,2021-01-05,529.8862499999999,12.827916666666667,9.971666666666666,27.759166666666673
43,Ludhiana,30.91,75.855,2021-01-06,1270.3345833333333,28.46083333333333,8.929166666666665,85.76875
44,Ludhiana,30.91,75.855,2021-01-07,1703.4204166666666,29.021666666666665,6.383333333333333,144.23458333333335
45,Ludhiana,30.91,75.855,2021-01-08,1737.0779166666669,38.175,6.516249999999999,182.1404166666667
46,Ludhiana,30.91,75.855,2021-01-09,1396.8949999999998,17.42375,5.0079166666666675,202.1316666666667
47,Ludhiana,30.91,75.855,2021-01-10,1335.1449999999998,17.504166666666666,5.5375000000000005,159.6283333333333
48,Ludhiana,30.91,75.855,2021-01-11,1522.6220833333334,22.797083333333333,6.505416666666668,187.47208333333333
49,Ludhiana,30.91,75.855,2021-01-12,1661.6979166666667,24.941666666666674,7.0704166666666675,202.53833333333338
50,Ludhiana,30.91,75.855,2021-01-13,1597.1666666666667,28.707500000000007,7.215416666666667,232.6070833333333
51,Ludhiana,30.91,75.855,2021-01-14,2452.770833333333,62.81916666666667,29.08166666666666,304.79124999999993
52,Ludhiana,30.91,75.855,2021-01-15,2376.0004166666663,57.86416666666668,17.01833333333333,364.9575
53,Ludhiana,30.91,75.855,2021-01-16,1578.8066666666664,16.584166666666665,4.96375,213.53125000000003
54,Ludhiana,30.91,75.855,2021-01-17,1161.019583333333,18.485833333333332,11.150833333333331,219.87625
55,Ludhiana,30.91,75.855,2021-01-18,1406.0737500000002,28.461250000000003,7.942500000000002,226.37374999999994
56,Ludhiana,30.91,75.855,2021-01-19,1645.2875000000004,18.571666666666662,5.971250000000001,300.32500000000005
57,Ludhiana,30.91,75.855,2021-01-20,2056.1225,24.662916666666664,6.361250000000001,358.5779166666666
58,Ludhiana,30.91,75.855,2021-01-21,2145.1312500000004,39.188750000000006,8.941249999999998,297.5045833333334
59,Ludhiana,30.91,75.855,2021-01-22,1485.904166666667,14.502083333333331,20.871250000000003,330.8066666666667
60,Ludhiana,30.91,75.855,2021-01-23,1270.6120833333332,19.878749999999993,9.596666666666666,241.8416666666666
61,Ludhiana,30.91,75.855,2021-01-24,1058.9370833333332,18.652083333333334,4.035416666666666,105.40625000000001
62,Ludhiana,30.91,75.855,2021-01-25,1639.4454166666667,28.794166666666666,6.5775,193.90833333333333
63,Ludhiana,30.91,75.855,2021-01-26,1590.1565,24.555500000000002,7.799999999999999,225.6045
64,Ludhiana,30.91,75.855,2021-01-27,3057.4800000000005,45.5,10.9975,461.3075
65,Ludhiana,30.91,75.855,2021-01-28,2188.5237500000003,43.310833333333335,14.296666666666662,381.3354166666666
66,Ludhiana,30.91,75.855,2021-01-29,2009.391666666667,27.882083333333338,9.003749999999998,345.45666666666665
67,Ludhiana,30.91,75.855,2021-01-30,1832.485,34.761250000000004,6.942083333333333,261.6791666666667
68,Ludhiana,30.91,75.855,2021-01-31,1725.6745833333334,33.70458333333334,8.953749999999998,249.4608333333333
69,Ludhiana,30.91,75.855,2021-02-01,1517.8929166666667,27.680833333333336,6.159166666666667,189.51583333333338
70,Ludhiana,30.91,75.855,2021-02-02,1966.0004166666668,35.59041666666666,9.90333333333333,290.28041666666667
71,Ludhiana,30.91,75.855,2021-02-03,797.19375,24.202083333333334,15.620833333333332,81.53750000000001
72,Ludhiana,30.91,75.855,2021-02-04,1219.2920833333335,23.23041666666667,11.90125,81.52499999999999
73,Ludhiana,30.91,75.855,2021-02-05,1062.1354166666667,25.717083333333335,8.230416666666667,96.69500000000001
74,Ludhiana,30.91,75.855,2021-02-06,1227.2199999999998,22.004166666666666,5.994583333333334,146.3104166666667
75,Ludhiana,30.91,75.855,2021-02-07,1653.9087499999998,28.389166666666668,6.549583333333332,237.9141666666667
76,Ludhiana,30.91,75.855,2021-02-08,1754.046666666667,26.699166666666667,7.635833333333333,278.3270833333333
77,Ludhiana,30.91,75.855,2021-02-09,2021.074583333334,35.64458333333333,12.359583333333331,355.60041666666666
78,Ludhiana,30.91,75.855,2021-02-10,1930.1183333333336,32.60041666666667,12.055,275.7141666666667
79,Ludhiana,30.91,75.855,2021-02-11,1885.3358333333333,25.173333333333332,7.825833333333331,375.72749999999996
80,Ludhiana,30.91,75.855,2021-02-12,2412.1612500000006,37.290000000000006,9.395833333333332,483.9745833333333
81,Ludhiana,30.91,75.855,2021-02-13,2041.6575,24.95833333333334,6.020000000000002,431.53583333333336
82,Ludhiana,30.91,75.855,2021-02-14,1609.4050000000004,19.83458333333333,4.324583333333332,331.78125000000006
83,Ludhiana,30.91,75.855,2021-02-15,2026.082916666667,28.995833333333326,7.142500000000001,353.25000000000006
84,Ludhiana,30.91,75.855,2021-02-16,1908.699166666667,20.660416666666666,5.978749999999999,396.4795833333333
85,Ludhiana,30.91,75.855,2021-02-17,2130.6674999999996,29.481666666666666,8.708333333333332,398.39708333333334
86,Ludhiana,30.91,75.855,2021-02-18,1642.783333333333,21.971249999999998,6.6475,284.5483333333333
87,Ludhiana,30.91,75.855,2021-02-19,1888.6733333333334,22.156666666666666,6.845416666666665,421.63541666666674
88,Ludhiana,30.91,75.855,2021-02-20,1924.8320833333335,21.315833333333334,7.2525,452.28916666666663
89,Ludhiana,30.91,75.855,2021-02-21,1860.858333333333,24.060416666666665,9.944583333333332,438.9141666666667
90,Ludhiana,30.91,75.855,2021-02-22,1684.229583333333,25.00916666666667,8.982916666666666,341.52666666666664
91,Ludhiana,30.91,75.855,2021-02-23,2120.0966666666664,51.07750000000001,18.569166666666668,262.7425
92,Ludhiana,30.91,75.855,2021-02-24,1476.4466666666665,29.796666666666667,7.370416666666667,181.42208333333335
93,Ludhiana,30.91,75.855,2021-02-25,1478.6716666666669,35.71916666666666,11.171666666666667,154.70041666666665
94,Ludhiana,30.91,75.855,2021-02-26,971.039166666667,24.95833333333333,12.69625,91.45333333333332
95,Ludhiana,30.91,75.855,2021-02-27,1158.51625,23.868333333333336,10.317499999999997,151.17416666666668
96,Ludhiana,30.91,75.855,2021-02-28,1154.8995833333333,25.418750000000006,6.619583333333334,93.91708333333337
97,Ludhiana,30.91,75.855,2021-03-01,971.7358333333335,16.78791666666667,6.402916666666666,107.6041666666667
98,Ludhiana,30.91,75.855,2021-03-02,1491.7454166666666,23.15791666666667,8.166249999999998,165.85416666666666
99,Ludhiana,30.91,75.855,2021-03-03,1350.99875,27.770416666666666,12.308333333333335,154.39666666666665
100,Ludhiana,30.91,75.855,2021-03-04,1107.6133333333335,20.926666666666662,6.6825,117.86041666666665
101,Ludhiana,30.91,75.855,2021-03-05,1125.6933333333334,17.660000000000004,8.886666666666668,151.28541666666666
102,Ludhiana,30.91,75.855,2021-03-06,643.095,8.520416666666666,6.970833333333331,66.13583333333332
103,Ludhiana,30.91,75.855,2021-03-07,312.78625,4.40625,7.15125,20.991249999999997
104,Ludhiana,30.91,75.855,2021-03-08,873.4079166666666,19.374166666666664,10.227083333333335,64.34750000000001
105,Ludhiana,30.91,75.855,2021-03-09,1240.2929166666665,25.374166666666667,12.698749999999999,109.00374999999998
106,Ludhiana,30.91,75.855,2021-03-10,1191.7554166666664,22.668333333333333,9.182083333333333,102.18500000000002
107,Ludhiana,30.91,75.855,2021-03-11,786.2062500000001,17.621666666666663,6.942916666666668,66.32666666666667
108,Ludhiana,30.91,75.855,2021-03-12,769.7945833333332,20.74041666666667,7.752499999999999,64.0375
109,Ludhiana,30.91,75.855,2021-03-13,840.3075000000002,15.249583333333335,4.182083333333334,69.86041666666665
110,Ludhiana,30.91,75.855,2021-03-14,839.9795652173914,12.626956521739132,5.533478260869566,81.99652173913044
111,Ludhiana,30.91,75.855,2021-03-15,868.9566666666668,14.31125,5.6887500000000015,70.12791666666668
112,Ludhiana,30.91,75.855,2021-03-16,914.5741666666668,13.918333333333335,6.378333333333331,90.82541666666664
113,Ludhiana,30.91,75.855,2021-03-17,933.2112499999998,15.113333333333335,5.052499999999999,96.20875
114,Ludhiana,30.91,75.855,2021-03-18,938.495,16.343750000000004,5.545416666666664,94.17000000000002
115,Ludhiana,30.91,75.855,2021-03-19,897.6066666666666,14.400416666666667,5.365416666666666,83.235
116,Ludhiana,30.91,75.855,2021-03-20,1109.0033333333333,19.681250000000002,7.427499999999999,124.56791666666668
117,Ludhiana,30.91,75.855,2021-03-21,587.4645833333333,6.595416666666666,4.421666666666667,55.62291666666665
118,Ludhiana,30.91,75.855,2021-03-22,518.7604166666666,13.94625,15.334583333333333,29.688749999999995
119,Ludhiana,30.91,75.855,2021-03-23,410.1408333333332,9.937916666666668,8.630833333333335,23.27
120,Ludhiana,30.91,75.855,2021-03-24,618.2016666666667,12.969583333333334,5.199583333333333,34.906666666666666
121,Ludhiana,30.91,75.855,2021-03-25,818.3320833333333,13.117083333333333,6.014583333333333,66.4
122,Ludhiana,30.91,75.855,2021-03-26,996.6308333333333,15.954583333333332,7.140833333333334,109.6425
123,Ludhiana,30.91,75.855,2021-03-27,1035.8495833333334,16.334166666666665,5.337083333333333,111.39999999999998
124,Ludhiana,30.91,75.855,2021-03-28,923.7541666666665,11.725,15.669166666666667,120.90416666666668
125,Ludhiana,30.91,75.855,2021-03-29,1007.1995833333334,24.40125,16.227916666666665,120.3983333333333
126,Ludhiana,30.91,75.855,2021-03-30,564.0995833333333,8.27375,12.87958333333333,66.68875000000001
127,Ludhiana,30.91,75.855,2021-03-31,578.98,11.34791666666667,8.449166666666665,26.424166666666665
128,Ludhiana,30.91,75.855,2021-04-01,490.3887500000001,10.387916666666666,7.032916666666666,16.299166666666668
129,Ludhiana,30.91,75.855,2021-04-02,1214.842916666667,37.38125,13.578333333333331,64.86291666666666
130,Ludhiana,30.91,75.855,2021-04-03,855.4670833333333,17.967083333333335,6.531666666666665,52.241666666666674
131,Ludhiana,30.91,75.855,2021-04-04,434.8966666666666,6.165833333333334,4.875416666666666,25.903333333333332
132,Ludhiana,30.91,75.855,2021-04-05,430.02833333333325,8.8225,5.8183333333333325,37.82666666666667
133,Ludhiana,30.91,75.855,2021-04-06,422.6570833333333,6.107916666666668,7.7150000000000025,35.84166666666666
134,Ludhiana,30.91,75.855,2021-04-07,602.48375,9.707916666666668,8.731250000000003,47.12166666666667
135,Ludhiana,30.91,75.855,2021-04-08,837.6645833333333,14.640833333333333,7.125416666666665,56.1525
136,Ludhiana,30.91,75.855,2021-04-09,826.4,16.345833333333335,6.765416666666668,49.26791666666667
137,Ludhiana,30.91,75.855,2021-04-10,708.3224999999999,12.435416666666667,5.928333333333334,47.92624999999999
138,Ludhiana,30.91,75.855,2021-04-11,668.2675,13.073333333333332,6.574166666666667,45.96791666666667
139,Ludhiana,30.91,75.855,2021-04-12,806.0950000000001,17.820000000000004,6.400833333333332,58.92541666666667
140,Ludhiana,30.91,75.855,2021-04-13,611.1070833333334,8.31125,7.75375,48.68625
141,Ludhiana,30.91,75.855,2021-04-14,766.3179166666665,14.965416666666668,6.975416666666667,50.00874999999999
142,Ludhiana,30.91,75.855,2021-04-15,599.5654166666667,12.044583333333334,6.291250000000001,43.484583333333326
143,Ludhiana,30.91,75.855,2021-04-16,470.9166666666667,7.759583333333335,9.60833333333333,41.45583333333334
144,Ludhiana,30.91,75.855,2021-04-17,620.9825,14.093333333333334,11.984583333333335,40.40125
145,Ludhiana,30.91,75.855,2021-04-18,693.4416666666666,13.812083333333332,6.2366666666666655,36.282500000000006
146,Ludhiana,30.91,75.855,2021-04-19,876.6070833333332,17.90625,6.525833333333334,44.57708333333333
147,Ludhiana,30.91,75.855,2021-04-20,450.6116666666666,8.230416666666668,7.703750000000002,21.44125
148,Ludhiana,30.91,75.855,2021-04-21,519.1775,12.277499999999998,12.719166666666666,30.23833333333333
149,Ludhiana,30.91,75.855,2021-04-22,658.2541666666667,15.88541666666667,10.017083333333334,34.45291666666667
150,Ludhiana,30.91,75.855,2021-04-23,591.0799999999999,11.279583333333333,5.489999999999998,23.807916666666667
151,Ludhiana,30.91,75.855,2021-04-24,979.5237499999997,21.64708333333333,5.805416666666666,57.16291666666667
152,Ludhiana,30.91,75.855,2021-04-25,1206.3583333333331,27.906666666666666,10.594583333333334,96.37166666666667
153,Ludhiana,30.91,75.855,2021-04-26,1154.6208333333334,25.474166666666672,10.076666666666666,89.18916666666667
154,Ludhiana,30.91,75.855,2021-04-27,951.2908333333331,19.02166666666667,8.299166666666665,78.84333333333335
155,Ludhiana,30.91,75.855,2021-04-28,1215.5375000000001,30.597916666666663,10.360833333333336,91.45916666666669
156,Ludhiana,30.91,75.855,2021-04-29,1152.3958333333333,29.843333333333334,13.800416666666669,76.24625
157,Ludhiana,30.91,75.855,2021-04-30,1000.2454166666668,23.12708333333333,10.413750000000002,70.19541666666666
158,Ludhiana,30.91,75.855,2021-05-01,904.5604166666667,16.757916666666667,11.577083333333334,71.44666666666667
159,Ludhiana,30.91,75.855,2021-05-02,1075.6254166666668,18.16416666666667,15.819583333333329,115.07625
160,Ludhiana,30.91,75.855,2021-05-03,1043.6391666666666,20.663749999999997,17.067916666666665,95.40583333333332
161,Ludhiana,30.91,75.855,2021-05-04,1065.3345833333335,19.116249999999997,13.983333333333333,96.08541666666667
162,Ludhiana,30.91,75.855,2021-05-05,1005.8083333333333,17.43375,10.453749999999998,76.18708333333333
163,Ludhiana,30.91,75.855,2021-05-06,874.2416666666664,14.041666666666666,16.907500000000002,62.966249999999995
164,Ludhiana,30.91,75.855,2021-05-07,967.0066666666667,24.142916666666675,7.1454166666666685,53.463750000000005
165,Ludhiana,30.91,75.855,2021-05-08,885.3679166666666,16.9875,4.967083333333334,40.84
166,Ludhiana,30.91,75.855,2021-05-09,910.6795833333332,17.40791666666667,9.552083333333334,42.96458333333333
167,Ludhiana,30.91,75.855,2021-05-10,952.6816666666667,14.092916666666666,13.455833333333336,53.24666666666666
168,Ludhiana,30.91,75.855,2021-05-11,1533.1904166666664,35.65624999999999,16.965833333333336,114.35083333333334
169,Ludhiana,30.91,75.855,2021-05-12,1341.8204166666667,27.04416666666666,17.46541666666667,99.33458333333334
170,Ludhiana,30.91,75.855,2021-05-13,977.99375,14.746666666666664,14.790416666666667,53.72791666666666
171,Ludhiana,30.91,75.855,2021-05-14,939.6091666666665,15.559166666666664,13.670833333333329,55.11791666666667
172,Ludhiana,30.91,75.855,2021-05-15,800.5304166666666,10.931666666666665,4.6000000000000005,40.85916666666666
173,Ludhiana,30.91,75.855,2021-05-16,759.3633333333333,11.593333333333334,4.986249999999999,44.371249999999996
174,Ludhiana,30.91,75.855,2021-05-17,1007.7558333333335,20.754999999999995,7.305416666666666,71.77083333333333
175,Ludhiana,30.91,75.855,2021-05-18,668.9645833333333,11.04875,9.534583333333332,58.995000000000005
176,Ludhiana,30.91,75.855,2021-05-19,932.3762500000003,17.778333333333336,10.969166666666668,131.52833333333334
177,Ludhiana,30.91,75.855,2021-05-20,1139.0458333333333,22.752916666666668,12.06083333333333,116.59124999999999
178,Ludhiana,30.91,75.855,2021-05-21,1317.6208333333336,24.33583333333333,11.731249999999998,112.15333333333335
179,Ludhiana,30.91,75.855,2021-05-22,1013.3183333333335,21.836666666666662,8.879166666666668,86.09083333333335
180,Ludhiana,30.91,75.855,2021-05-23,609.7175000000001,9.02833333333333,6.06,46.904583333333335
181,Ludhiana,30.91,75.855,2021-05-24,821.6716666666666,15.567083333333334,7.350833333333333,50.38
182,Ludhiana,30.91,75.855,2021-05-25,1201.63,27.845833333333335,10.349583333333332,64.53500000000001
183,Ludhiana,30.91,75.855,2021-05-26,1683.6725,43.33208333333334,20.305000000000003,95.10875
184,Ludhiana,30.91,75.855,2021-05-27,947.9533333333333,19.19125,13.090416666666668,69.79708333333332
185,Ludhiana,30.91,75.855,2021-05-28,974.0991666666667,15.00083333333333,21.623333333333335,121.66666666666664
186,Ludhiana,30.91,75.855,2021-05-29,636.42,6.797499999999999,15.383333333333335,86.80125
187,Ludhiana,30.91,75.855,2021-05-30,780.7808333333332,9.825416666666666,12.998750000000003,94.46833333333335
188,Ludhiana,30.91,75.855,2021-05-31,775.2170833333333,11.390416666666667,16.113750000000003,99.50625000000001
189,Ludhiana,30.91,75.855,2021-06-01,935.1579166666669,13.01375,16.650000000000002,103.6366666666667
190,Ludhiana,30.91,75.855,2021-06-02,1334.5883333333334,23.174166666666668,9.628749999999998,142.28041666666667
191,Ludhiana,30.91,75.855,2021-06-03,1531.5216666666665,32.67833333333333,14.063333333333333,116.03041666666665
192,Ludhiana,30.91,75.855,2021-06-04,1174.3708333333334,18.824583333333337,8.38625,81.59500000000001
193,Ludhiana,30.91,75.855,2021-06-05,1061.71875,18.854583333333334,10.494166666666667,78.26833333333333
194,Ludhiana,30.91,75.855,2021-06-06,1679.5008333333335,39.06375,20.260833333333334,126.60958333333332
195,Ludhiana,30.91,75.855,2021-06-07,991.0670833333334,15.116666666666669,18.12541666666667,92.54291666666666
196,Ludhiana,30.91,75.855,2021-06-08,775.2183333333332,22.155833333333334,8.767083333333334,82.42791666666665
197,Ludhiana,30.91,75.855,2021-06-09,1099.5475,25.999166666666667,10.405000000000001,125.65708333333333
198,Ludhiana,30.91,75.855,2021-06-10,633.0816666666666,6.393750000000001,16.430833333333332,67.96666666666665
199,Ludhiana,30.91,75.855,2021-06-11,595.8079166666666,5.9775,17.23166666666667,46.69458333333333
200,Ludhiana,30.91,75.855,2021-06-12,685.6525,4.807916666666666,10.600416666666666,31.079583333333343
201,Ludhiana,30.91,75.855,2021-06-13,657.5591666666667,6.304583333333333,14.90625,38.72875
202,Ludhiana,30.91,75.855,2021-06-14,922.0854166666668,13.106250000000001,11.698333333333332,91.51625000000001
203,Ludhiana,30.91,75.855,2021-06-15,935.1574999999999,14.80958333333333,11.919166666666667,85.62125000000002
204,Ludhiana,30.91,75.855,2021-06-16,992.1791666666667,13.957916666666668,13.334583333333335,96.865
205,Ludhiana,30.91,75.855,2021-06-17,830.015416666667,10.82625,12.383750000000001,80.87708333333332
206,Ludhiana,30.91,75.855,2021-06-18,754.3566666666667,12.63,10.979583333333332,38.808749999999996
207,Ludhiana,30.91,75.855,2021-06-19,487.1904166666666,7.439583333333332,12.18416666666667,31.135416666666668
208,Ludhiana,30.91,75.855,2021-06-20,559.5099999999999,9.672500000000001,10.155833333333332,31.242499999999996
209,Ludhiana,30.91,75.855,2021-06-21,1492.8583333333333,32.599583333333335,9.546249999999999,107.57583333333334
210,Ludhiana,30.91,75.855,2021-06-22,1697.0245833333336,42.543749999999996,14.762916666666664,138.0041666666667
211,Ludhiana,30.91,75.855,2021-06-23,1290.0841666666668,18.16458333333333,19.104166666666668,151.23833333333332
212,Ludhiana,30.91,75.855,2021-06-24,1308.1625,21.600416666666664,14.16625,129.95541666666665
213,Ludhiana,30.91,75.855,2021-06-25,1636.3862499999998,30.797083333333333,16.605833333333333,169.0545833333333
214,Ludhiana,30.91,75.855,2021-06-26,1500.6475000000003,25.738749999999996,9.95833333333333,167.15541666666664
215,Ludhiana,30.91,75.855,2021-06-27,1313.4483333333335,24.81916666666667,16.152499999999996,153.96458333333334
216,Ludhiana,30.91,75.855,2021-06-28,1171.3104166666667,26.44,11.914166666666672,119.04124999999999
217,Ludhiana,30.91,75.855,2021-06-29,685.7920833333334,12.770833333333336,8.490833333333331,85.60333333333331
218,Ludhiana,30.91,75.855,2021-06-30,418.90166666666664,7.556666666666666,4.213749999999999,76.36791666666666
219,Ludhiana,30.91,75.855,2021-07-01,882.4479166666669,17.185833333333335,6.897083333333334,111.52791666666667
220,Ludhiana,30.91,75.855,2021-07-02,945.7283333333334,21.08458333333333,14.048750000000004,134.45833333333334
221,Ludhiana,30.91,75.855,2021-07-03,1110.9516666666666,20.919166666666666,9.66875,126.31333333333332
222,Ludhiana,30.91,75.855,2021-07-04,672.9958333333333,13.751666666666665,7.009583333333333,102.29124999999999
223,Ludhiana,30.91,75.855,2021-07-05,1312.0579166666669,25.396666666666672,9.43833333333333,139.54708333333332
224,Ludhiana,30.91,75.855,2021-07-06,1105.2495833333335,25.4675,9.608333333333333,110.57666666666665
225,Ludhiana,30.91,75.855,2021-07-07,1398.5645833333335,27.592499999999998,9.556666666666667,117.44541666666667
226,Ludhiana,30.91,75.855,2021-07-08,759.7820833333335,16.03125,10.145833333333332,75.53833333333334
227,Ludhiana,30.91,75.855,2021-07-09,724.8729166666667,8.691666666666666,12.168333333333331,68.65208333333335
228,Ludhiana,30.91,75.855,2021-07-10,596.3649999999999,6.802916666666667,9.514999999999999,47.13749999999999
229,Ludhiana,30.91,75.855,2021-07-11,494.2816666666667,6.211250000000001,9.209583333333335,21.299583333333327
230,Ludhiana,30.91,75.855,2021-07-12,397.6245833333333,7.301666666666667,10.833333333333334,17.4725
231,Ludhiana,30.91,75.855,2021-07-13,749.0729166666666,16.56166666666667,10.103333333333333,39.17166666666667
232,Ludhiana,30.91,75.855,2021-07-14,741.98,11.972916666666668,11.1225,51.01499999999999
233,Ludhiana,30.91,75.855,2021-07-15,850.5979166666666,12.244583333333333,10.72125,71.24249999999999
234,Ludhiana,30.91,75.855,2021-07-16,836.1349999999999,12.15375,8.59083333333333,62.91583333333333
235,Ludhiana,30.91,75.855,2021-07-17,790.5170833333335,8.726666666666667,8.698333333333336,113.24833333333335
236,Ludhiana,30.91,75.855,2021-07-18,665.6262499999999,9.419583333333334,8.465000000000002,44.437083333333334
237,Ludhiana,30.91,75.855,2021-07-19,716.5275,18.319166666666668,10.882916666666667,31.22916666666666
238,Ludhiana,30.91,75.855,2021-07-20,776.0537499999999,12.787916666666666,12.244166666666667,61.81583333333333
239,Ludhiana,30.91,75.855,2021-07-21,897.6066666666667,16.292499999999997,8.952083333333336,70.44625
240,Ludhiana,30.91,75.855,2021-07-22,811.1008333333334,13.922916666666666,16.1425,67.23291666666668
241,Ludhiana,30.91,75.855,2021-07-23,848.9299999999997,15.433333333333337,8.73875,41.20166666666666
242,Ludhiana,30.91,75.855,2021-07-24,929.0383333333334,10.491666666666665,9.307083333333333,102.63041666666665
243,Ludhiana,30.91,75.855,2021-07-25,883.1433333333333,10.183333333333334,11.250416666666668,118.68750000000001
244,Ludhiana,30.91,75.855,2021-07-26,702.6191666666667,11.859583333333333,11.37916666666667,50.54999999999999
245,Ludhiana,30.91,75.855,2021-07-27,793.8541666666666,14.360416666666671,10.948333333333332,49.110833333333325
246,Ludhiana,30.91,75.855,2021-07-28,720.4220833333333,16.56666666666667,9.4425,31.09583333333333
247,Ludhiana,30.91,75.855,2021-07-29,817.2208333333332,14.927083333333336,9.654583333333335,60.42958333333334
248,Ludhiana,30.91,75.855,2021-07-30,894.8249999999998,13.220416666666667,14.340416666666664,81.13791666666667
249,Ludhiana,30.91,75.855,2021-07-31,767.1520833333333,10.34708333333333,5.3374999999999995,39.36333333333334
250,Ludhiana,30.91,75.855,2021-08-01,939.8866666666668,14.043333333333335,5.1483333333333325,78.78833333333334
251,Ludhiana,30.91,75.855,2021-08-02,1195.2325,13.174166666666665,8.955833333333333,111.44833333333334
252,Ludhiana,30.91,75.855,2021-08-03,1122.63375,15.688749999999999,8.874583333333334,96.02916666666665
253,Ludhiana,30.91,75.855,2021-08-04,830.2929166666664,12.395833333333334,12.043750000000001,73.86125
254,Ludhiana,30.91,75.855,2021-08-05,1037.79625,17.425,9.694166666666666,83.92833333333334
255,Ludhiana,30.91,75.855,2021-08-06,1221.3791666666664,16.22416666666666,6.733333333333334,106.28749999999998
256,Ludhiana,30.91,75.855,2021-08-07,1051.1470833333335,13.014999999999999,6.855,109.87375000000003
257,Ludhiana,30.91,75.855,2021-08-08,1185.4983333333334,16.692916666666665,8.442083333333334,89.37
258,Ludhiana,30.91,75.855,2021-08-09,1412.4712500000003,14.942083333333331,7.343750000000003,128.42208333333335
259,Ludhiana,30.91,75.855,2021-08-10,1161.5754166666666,12.004583333333334,5.862916666666668,146.80541666666664
260,Ludhiana,30.91,75.855,2021-08-11,1069.227916666667,15.803333333333336,6.954583333333333,146.19625
261,Ludhiana,30.91,75.855,2021-08-12,673.8295833333335,10.809166666666668,9.605833333333335,95.92958333333333
262,Ludhiana,30.91,75.855,2021-08-13,734.6066666666669,10.614999999999997,12.062916666666666,121.05833333333332
263,Ludhiana,30.91,75.855,2021-08-14,632.66375,8.746249999999998,7.815,84.56541666666668
264,Ludhiana,30.91,75.855,2021-08-15,818.6112499999999,12.540833333333333,9.038750000000002,89.94416666666666
265,Ludhiana,30.91,75.855,2021-08-16,972.8483333333334,18.36,8.077916666666667,95.42708333333333
266,Ludhiana,30.91,75.855,2021-08-17,1041.4133333333332,18.26875,7.3758333333333335,112.23708333333333
267,Ludhiana,30.91,75.855,2021-08-18,1057.2675,18.67375,10.47875,135.94416666666663
268,Ludhiana,30.91,75.855,2021-08-19,866.4529166666666,10.586666666666666,12.855416666666668,124.71958333333333
269,Ludhiana,30.91,75.855,2021-08-20,598.3120833333334,10.49875,10.545416666666664,26.99541666666666
270,Ludhiana,30.91,75.855,2021-08-21,564.3766666666667,10.43625,5.554583333333333,21.31
271,Ludhiana,30.91,75.855,2021-08-22,1110.6737500000002,16.40166666666667,7.2558333333333325,56.85541666666666
272,Ludhiana,30.91,75.855,2021-08-23,920.9716666666667,13.242916666666671,6.4975,85.94875
273,Ludhiana,30.91,75.855,2021-08-24,931.8191666666665,11.3075,6.592916666666665,98.95666666666666
274,Ludhiana,30.91,75.855,2021-08-25,943.0858333333334,18.447083333333335,6.153750000000001,125.47125
275,Ludhiana,30.91,75.855,2021-08-26,667.8495833333333,14.639999999999999,5.501666666666666,109.96250000000002
276,Ludhiana,30.91,75.855,2021-08-27,652.5516666666668,13.542916666666668,10.031666666666666,104.71875000000004
277,Ludhiana,30.91,75.855,2021-08-28,703.7333333333335,8.534166666666666,10.753750000000002,110.64999999999999
278,Ludhiana,30.91,75.855,2021-08-29,844.7570833333333,12.984583333333335,9.596666666666666,97.01791666666666
279,Ludhiana,30.91,75.855,2021-08-30,857.5525000000001,15.09625,10.187916666666666,68.95625000000001
280,Ludhiana,30.91,75.855,2021-08-31,587.04625,11.1825,10.782916666666665,39.988333333333344
281,Ludhiana,30.91,75.855,2021-09-01,1308.4420833333331,21.36125,11.552916666666667,129.46166666666667
282,Ludhiana,30.91,75.855,2021-09-02,1305.9375,24.54291666666667,10.556666666666667,131.155
283,Ludhiana,30.91,75.855,2021-09-03,1104.554166666667,22.242916666666662,12.763333333333334,120.52083333333336
284,Ludhiana,30.91,75.855,2021-09-04,1377.7029166666669,19.99125,7.516666666666668,101.01291666666667
285,Ludhiana,30.91,75.855,2021-09-05,1530.965833333333,21.527083333333334,8.792083333333336,161.49958333333336
286,Ludhiana,30.91,75.855,2021-09-06,1316.2295833333335,18.8675,12.655833333333334,155.26083333333332
287,Ludhiana,30.91,75.855,2021-09-07,796.0808333333334,11.175000000000002,15.407916666666665,44.818333333333335
288,Ludhiana,30.91,75.855,2021-09-08,610.9683333333332,13.954583333333332,11.703333333333333,23.130416666666665
289,Ludhiana,30.91,75.855,2021-09-09,630.1604166666666,14.083333333333334,11.034583333333332,28.461250000000003
290,Ludhiana,30.91,75.855,2021-09-10,602.06625,14.987916666666665,10.565000000000001,25.076666666666657
291,Ludhiana,30.91,75.855,2021-09-11,520.8462500000002,11.188749999999999,8.495416666666666,22.522499999999994
292,Ludhiana,30.91,75.855,2021-09-12,614.4449999999999,12.11125,3.4175000000000004,22.148750000000003
293,Ludhiana,30.91,75.855,2021-09-13,975.4899999999998,17.912916666666668,8.859166666666665,65.23916666666668
294,Ludhiana,30.91,75.855,2021-09-14,695.3883333333334,13.547083333333333,13.911250000000004,66.4491666666667
295,Ludhiana,30.91,75.855,2021-09-15,885.6475,16.640833333333337,4.73375,50.543749999999996
296,Ludhiana,30.91,75.855,2021-09-16,1534.8595833333331,28.28208333333333,15.12,123.73124999999999
297,Ludhiana,30.91,75.855,2021-09-17,1444.7370833333332,26.532500000000002,10.226666666666668,123.68
298,Ludhiana,30.91,75.855,2021-09-18,1487.8516666666665,22.285416666666663,7.350833333333334,118.13583333333334
299,Ludhiana,30.91,75.855,2021-09-19,1090.3679166666668,16.780833333333334,9.037916666666668,119.73041666666667
300,Ludhiana,30.91,75.855,2021-09-20,937.94,12.252499999999998,11.655833333333332,89.85583333333334
301,Ludhiana,30.91,75.855,2021-09-21,933.76625,13.56666666666667,14.175833333333332,80.50666666666667
302,Ludhiana,30.91,75.855,2021-09-22,1204.4116666666666,16.736666666666668,14.1975,88.17166666666667
303,Ludhiana,30.91,75.855,2021-09-23,1129.3104166666667,19.735833333333336,9.785833333333331,77.82041666666667
304,Ludhiana,30.91,75.855,2021-09-24,1125.6941666666667,18.583333333333332,6.115833333333335,68.66083333333333
305,Ludhiana,30.91,75.855,2021-09-25,1198.8483333333334,20.26625,8.775833333333333,79.86791666666667
306,Ludhiana,30.91,75.855,2021-09-26,1084.8041666666666,16.2075,7.242499999999999,115.29250000000003
307,Ludhiana,30.91,75.855,2021-09-27,1314.8395833333336,28.67333333333333,16.116666666666667,141.9175
308,Ludhiana,30.91,75.855,2021-09-28,1489.2425,27.969583333333322,18.384583333333335,149.0066666666667
309,Ludhiana,30.91,75.855,2021-09-29,1072.0095833333335,19.03833333333333,20.02333333333333,117.22833333333335
310,Ludhiana,30.91,75.855,2021-09-30,1292.8654166666665,22.85666666666667,11.92416666666667,126.21208333333334
311,Ludhiana,30.91,75.855,2021-10-01,1096.4875,16.619583333333335,7.321666666666666,109.74958333333336
312,Ludhiana,30.91,75.855,2021-10-02,1328.1916666666664,19.5025,4.78,104.21666666666668
313,Ludhiana,30.91,75.855,2021-10-03,1173.5358333333331,17.301666666666666,5.366250000000001,98.72625
314,Ludhiana,30.91,75.855,2021-10-04,1237.2337499999999,21.86,9.142083333333332,93.72499999999998
315,Ludhiana,30.91,75.855,2021-10-05,1293.1425000000002,21.732916666666664,10.748333333333333,127.96833333333336
316,Ludhiana,30.91,75.855,2021-10-06,1597.4445833333332,27.714166666666667,10.741249999999999,146.76791666666665
317,Ludhiana,30.91,75.855,2021-10-07,1863.3612500000002,31.727083333333336,14.255833333333333,171.76416666666668
318,Ludhiana,30.91,75.855,2021-10-08,1300.3741666666667,25.139583333333334,9.528749999999997,130.92166666666665
319,Ludhiana,30.91,75.855,2021-10-09,1042.8029166666665,17.6775,7.7629166666666665,121.99291666666666
320,Ludhiana,30.91,75.855,2021-10-10,1078.68625,22.663333333333338,13.247916666666667,108.14666666666666
321,Ludhiana,30.91,75.855,2021-10-11,1357.1179166666668,33.00874999999999,12.507916666666667,120.67625
322,Ludhiana,30.91,75.855,2021-10-12,1383.9608333333333,28.15083333333334,10.145000000000001,137.7254166666667
323,Ludhiana,30.91,75.855,2021-10-13,1668.0962499999998,30.50791666666667,8.342083333333333,175.3025
324,Ludhiana,30.91,75.855,2021-10-14,1479.7858333333334,24.062916666666666,9.264999999999999,159.68041666666667
325,Ludhiana,30.91,75.855,2021-10-15,1799.9420833333334,37.73916666666667,10.466666666666667,171.20375
326,Ludhiana,30.91,75.855,2021-10-16,1751.8208333333332,35.47875,11.302916666666668,168.92375
327,Ludhiana,30.91,75.855,2021-10-17,505.54750000000007,10.45125,8.149166666666666,41.92958333333334
328,Ludhiana,30.91,75.855,2021-10-18,1271.7249999999997,32.734166666666674,10.409166666666666,73.06708333333334
329,Ludhiana,30.91,75.855,2021-10-19,1702.8658333333333,38.71083333333333,13.605416666666672,119.50291666666665
330,Ludhiana,30.91,75.855,2021-10-20,1809.1204166666664,37.6325,15.209166666666668,175.89416666666668
331,Ludhiana,30.91,75.855,2021-10-21,1702.8654166666672,38.151666666666664,10.968333333333334,152.04916666666665
332,Ludhiana,30.91,75.855,2021-10-22,1026.6695833333335,25.62541666666667,10.03875,78.67374999999998
333,Ludhiana,30.91,75.855,2021-10-23,564.6554166666666,8.123333333333333,14.434583333333334,66.85291666666667
334,Ludhiana,30.91,75.855,2021-10-24,781.8945833333333,16.377083333333335,10.811666666666667,65.28875000000001
335,Ludhiana,30.91,75.855,2021-10-25,925.4220833333333,19.481666666666666,6.577916666666667,70.73625
336,Ludhiana,30.91,75.855,2021-10-26,1722.8933333333334,36.688333333333325,7.7320833333333345,134.49333333333334
337,Ludhiana,30.91,75.855,2021-10-27,1493.1358333333335,25.86708333333333,5.991666666666667,140.66750000000002
338,Ludhiana,30.91,75.855,2021-10-28,1929.2833333333335,34.04333333333334,8.883333333333335,186.05249999999998
339,Ludhiana,30.91,75.855,2021-10-29,1884.221666666667,31.47458333333333,7.827916666666666,198.14041666666665
340,Ludhiana,30.91,75.855,2021-10-30,1648.6241666666665,24.423333333333332,8.005833333333333,166.05666666666667
341,Ludhiana,30.91,75.855,2021-10-31,1689.23625,31.992500000000007,12.406666666666666,156.95541666666665
342,Ludhiana,30.91,75.855,2021-11-01,1304.5470833333331,15.461666666666668,24.5325,150.70916666666668
343,Ludhiana,30.91,75.855,2021-11-02,558.2566666666667,14.590416666666664,12.464999999999995,35.23333333333333
344,Ludhiana,30.91,75.855,2021-11-03,1748.4820833333333,50.728333333333325,20.009583333333328,128.6175
345,Ludhiana,30.91,75.855,2021-11-04,2025.5241666666668,50.02416666666665,12.864583333333336,184.7891666666667
346,Ludhiana,30.91,75.855,2021-11-05,1604.3974999999998,39.077916666666674,7.006250000000001,138.76083333333335
347,Ludhiana,30.91,75.855,2021-11-06,1846.3937500000002,33.303333333333335,9.21083333333333,187.30791666666667
348,Ludhiana,30.91,75.855,2021-11-07,2135.6964000000003,34.422799999999995,7.134000000000001,245.1652
349,Ludhiana,30.91,75.855,2021-11-08,1828.5908333333334,24.14125,9.182916666666669,248.97
350,Ludhiana,30.91,75.855,2021-11-09,2610.2070833333332,52.222500000000004,15.547499999999998,305.39916666666664
351,Ludhiana,30.91,75.855,2021-11-10,1950.9795833333337,39.70583333333334,10.023749999999998,215.355
352,Ludhiana,30.91,75.855,2021-11-11,2047.2204166666668,41.19541666666666,8.25875,234.9720833333333
353,Ludhiana,30.91,75.855,2021-11-12,2557.357083333334,46.478333333333346,9.651666666666667,290.30583333333334
354,Ludhiana,30.91,75.855,2021-11-13,2594.0733333333324,41.36625,9.181666666666665,356.7774999999999
355,Ludhiana,30.91,75.855,2021-11-14,2229.1345833333335,49.61375,16.08583333333333,282.8625
356,Ludhiana,30.91,75.855,2021-11-15,2287.54625,40.31875,10.952916666666667,278.2075
357,Ludhiana,30.91,75.855,2021-11-16,2398.252916666667,42.567916666666655,8.656249999999998,287.10583333333335
358,Ludhiana,30.91,75.855,2021-11-17,2201.3195833333325,45.156666666666666,11.82625,264.88000000000005
359,Ludhiana,30.91,75.855,2021-11-18,2080.0437499999994,48.78583333333335,10.947500000000003,255.0691666666667
360,Ludhiana,30.91,75.855,2021-11-19,2435.525416666667,43.45499999999999,7.534583333333331,326.47499999999997
361,Ludhiana,30.91,75.855,2021-11-20,2118.427916666666,33.95708333333333,7.115833333333334,308.1933333333333
362,Ludhiana,30.91,75.855,2021-11-21,1776.8529166666667,23.607916666666668,7.2679166666666655,228.06624999999997
363,Ludhiana,30.91,75.855,2021-11-22,2481.69875,44.096666666666664,8.122083333333332,251.55291666666668
364,Ludhiana,30.91,75.855,2021-11-23,2881.1304166666664,60.85541666666668,21.10458333333334,315.87375000000003
365,Ludhiana,30.91,75.855,2021-11-24,2224.1275000000005,44.904583333333335,19.31,306.1983333333333
366,Ludhiana,30.91,75.855,2021-11-25,1843.0554166666668,38.58541666666666,25.47375,325.43958333333336
367,Ludhiana,30.91,75.855,2021-11-26,2127.32875,52.71958333333333,19.830833333333334,288.28916666666674
368,Ludhiana,30.91,75.855,2021-11-27,1801.8883333333333,45.1225,29.300416666666663,285.34625
369,Ludhiana,30.91,75.855,2021-11-28,1337.6474999999998,33.62499999999999,18.5675,194.63500000000002
370,Ludhiana,30.91,75.855,2021-11-29,1530.965416666667,23.191666666666666,8.370416666666666,197.62249999999995
371,Ludhiana,30.91,75.855,2021-11-30,2371.272083333333,50.81333333333334,18.53791666666667,220.31625000000005
372,Ludhiana,30.91,75.855,2021-12-01,2127.330416666667,42.89124999999999,7.954999999999998,257.8091666666667
373,Ludhiana,30.91,75.855,2021-12-02,2215.226666666667,42.990833333333335,7.230833333333334,291.6033333333333
374,Ludhiana,30.91,75.855,2021-12-03,2264.59875,51.972500000000004,29.4825,158.76958333333332
375,Ludhiana,30.91,75.855,2021-12-04,2155.1454166666667,42.18666666666666,14.569999999999999,200.80625
376,Ludhiana,30.91,75.855,2021-12-05,983.2779166666664,18.45916666666667,5.821666666666666,122.74041666666663
377,Ludhiana,30.91,75.855,2021-12-06,1543.2041666666667,28.079166666666666,5.64125,98.87124999999999
378,Ludhiana,30.91,75.855,2021-12-07,1854.1816666666666,29.960000000000004,6.252916666666667,214.48749999999998
379,Ludhiana,30.91,75.855,2021-12-08,2570.7079166666667,47.37249999999998,8.874583333333334,265.1129166666667
380,Ludhiana,30.91,75.855,2021-12-09,2659.1625000000004,48.25708333333333,8.086666666666668,320.4866666666667
381,Ludhiana,30.91,75.855,2021-12-10,2712.01,41.53041666666667,8.062916666666665,364.3141666666666
382,Ludhiana,30.91,75.855,2021-12-11,2792.6749999999997,46.82333333333333,8.670416666666664,367.9925
383,Ludhiana,30.91,75.855,2021-12-12,2428.2937500000003,57.54916666666666,17.707083333333333,336.7783333333333
384,Ludhiana,30.91,75.855,2021-12-13,2793.2325,62.6475,22.583750000000006,354.96666666666664
385,Ludhiana,30.91,75.855,2021-12-14,2395.4704166666666,58.382083333333334,16.289166666666663,336.7970833333333
386,Ludhiana,30.91,75.855,2021-12-15,2075.8716666666664,41.4675,6.869166666666666,236.0945833333333
387,Ludhiana,30.91,75.855,2021-12-16,1702.031666666666,34.290416666666665,7.287083333333334,206.59041666666667
388,Ludhiana,30.91,75.855,2021-12-17,1569.6283333333333,32.35874999999999,5.880416666666668,166.87291666666667
389,Ludhiana,30.91,75.855,2021-12-18,1673.9366666666665,25.956666666666667,6.3112499999999985,187.76541666666665
390,Ludhiana,30.91,75.855,2021-12-19,1998.8220833333335,29.252916666666664,6.759166666666666,253.50124999999994
391,Ludhiana,30.91,75.855,2021-12-20,2472.7979166666664,55.41458333333333,13.169583333333334,309.3220833333333
392,Ludhiana,30.91,75.855,2021-12-21,2416.8887499999996,50.76458333333333,8.693750000000001,297.3904166666667
393,Ludhiana,30.91,75.855,2021-12-22,2355.9724999999994,45.61416666666667,6.4054166666666665,330.00750000000005
394,Ludhiana,30.91,75.855,2021-12-23,2152.3633333333332,57.98208333333334,31.35166666666667,234.91041666666672
395,Ludhiana,30.91,75.855,2021-12-24,2199.65,61.06166666666669,29.13249999999999,238.69083333333336
396,Ludhiana,30.91,75.855,2021-12-25,2323.706666666667,62.41916666666668,20.192916666666665,273.365
397,Ludhiana,30.91,75.855,2021-12-26,1835.8225000000002,32.045416666666675,8.941250000000002,226.41250000000002
398,Ludhiana,30.91,75.855,2021-12-27,1483.40125,35.57874999999999,8.457083333333332,169.36083333333335
399,Ludhiana,30.91,75.855,2021-12-28,1695.0762499999998,37.56458333333334,6.23875,198.2770833333333
400,Ludhiana,30.91,75.855,2021-12-29,2161.5433333333335,39.08375,6.9383333333333335,238.34124999999997
401,Ludhiana,30.91,75.855,2021-12-30,2368.2108333333326,41.16958333333333,9.502083333333335,322.1566666666667
402,Ludhiana,30.91,75.855,2021-12-31,2483.368749999999,40.778749999999995,5.240416666666667,398.50916666666666
403,Ludhiana,30.91,75.855,2022-01-01,2458.3341666666665,39.26041666666667,4.927499999999999,388.5266666666667
404,Ludhiana,30.91,75.855,2022-01-02,2049.4466666666663,27.47,4.149583333333332,310.4066666666666
405,Ludhiana,30.91,75.855,2022-01-03,1917.0437499999998,27.0675,5.665,288.1120833333334
406,Ludhiana,30.91,75.855,2022-01-04,1967.113333333333,29.58833333333334,5.525000000000001,183.55625
407,Ludhiana,30.91,75.855,2022-01-05,1058.3799999999999,25.176250000000007,10.39625,76.68249999999998
408,Ludhiana,30.91,75.855,2022-01-06,1985.1920833333334,31.53708333333333,10.360416666666666,172.97333333333333
409,Ludhiana,30.91,75.855,2022-01-07,679.5329166666667,13.352916666666667,13.045416666666663,41.903749999999995
410,Ludhiana,30.91,75.855,2022-01-08,929.3154166666667,19.010833333333334,6.343333333333335,56.955833333333324
411,Ludhiana,30.91,75.855,2022-01-09,1591.3254166666666,21.46291666666667,6.194166666666667,116.65291666666667
412,Ludhiana,30.91,75.855,2022-01-10,1697.0241666666664,31.734583333333333,6.431666666666666,131.27208333333334
413,Ludhiana,30.91,75.855,2022-01-11,1580.7541666666666,26.736250000000002,5.271249999999999,184.31375000000003
414,Ludhiana,30.91,75.855,2022-01-12,2473.3549999999996,36.06583333333333,8.99375,330.4591666666666
415,Ludhiana,30.91,75.855,2022-01-13,2666.9500000000003,39.98499999999999,8.904583333333335,386.30791666666664
416,Ludhiana,30.91,75.855,2022-01-14,1657.8037500000003,24.865416666666672,5.258333333333332,223.47875000000002
417,Ludhiana,30.91,75.855,2022-01-15,1899.2429166666664,21.374166666666664,4.944583333333333,237.03249999999994
418,Ludhiana,30.91,75.855,2022-01-16,2048.3329166666663,28.247083333333336,6.225833333333334,222.8479166666667
419,Ludhiana,30.91,75.855,2022-01-17,2564.589583333334,42.76958333333334,10.037083333333333,300.74499999999995
420,Ludhiana,30.91,75.855,2022-01-18,1824.6958333333332,25.16624999999999,5.245,238.10583333333332
421,Ludhiana,30.91,75.855,2022-01-19,1810.2329166666668,23.80833333333334,6.075416666666669,241.84208333333333
422,Ludhiana,30.91,75.855,2022-01-20,1690.3475,26.15833333333333,6.524166666666666,153.12374999999997
423,Ludhiana,30.91,75.855,2022-01-21,1207.7491666666667,26.57541666666666,16.1525,169.90333333333334
424,Ludhiana,30.91,75.855,2022-01-22,588.7995,7.4799999999999995,8.183500000000002,60.5255
425,Ludhiana,30.91,75.855,2022-01-23,1134.875,24.2075,9.0325,70.6775
426,Ludhiana,30.91,75.855,2022-01-24,1767.6745833333337,35.849583333333335,10.185416666666667,160.26125
427,Ludhiana,30.91,75.855,2022-01-25,1573.5233333333333,24.808333333333334,5.335833333333333,198.77166666666665
428,Ludhiana,30.91,75.855,2022-01-26,1938.7404166666668,25.413750000000007,6.654583333333335,235.97500000000002
429,Ludhiana,30.91,75.855,2022-01-27,1858.6329166666667,32.64791666666667,6.725416666666667,228.6475
430,Ludhiana,30.91,75.855,2022-01-28,1963.2179166666672,40.01833333333334,10.720833333333333,256.88708333333335
431,Ludhiana,30.91,75.855,2022-01-29,1413.862916666667,20.727916666666665,9.01125,234.10666666666668
432,Ludhiana,30.91,75.855,2022-01-30,1725.1170833333333,20.33083333333333,6.321666666666666,272.7404166666667
433,Ludhiana,30.91,75.855,2022-01-31,2366.5429166666668,50.42208333333334,21.695833333333336,336.9791666666667
434,Ludhiana,30.91,75.855,2022-02-01,1937.627083333333,26.26,7.430833333333335,326.6504166666667
435,Ludhiana,30.91,75.855,2022-02-02,1476.4466666666667,24.57624999999999,13.41041666666667,197.06250000000003
436,Ludhiana,30.91,75.855,2022-02-03,582.4562500000002,12.277500000000002,8.100833333333336,27.326249999999998
437,Ludhiana,30.91,75.855,2022-02-04,1650.015,30.823750000000004,10.39583333333333,115.46249999999999
438,Ludhiana,30.91,75.855,2022-02-05,1605.5104166666663,29.88500000000001,6.223333333333334,184.1654166666667
439,Ludhiana,30.91,75.855,2022-02-06,1499.5333333333335,35.23458333333333,9.220416666666667,167.15291666666667
440,Ludhiana,30.91,75.855,2022-02-07,1498.1433333333334,30.385416666666668,8.258750000000001,155.86666666666667
441,Ludhiana,30.91,75.855,2022-02-08,2089.4995833333332,48.78124999999999,12.527499999999998,239.12458333333333
442,Ludhiana,30.91,75.855,2022-02-09,2789.6158333333333,38.415000000000006,20.235416666666666,314.68875
443,Ludhiana,30.91,75.855,2022-02-10,1614.9683333333332,21.763749999999998,8.965000000000002,202.79916666666665
444,Ludhiana,30.91,75.855,2022-02-11,1948.7554166666662,26.34583333333333,7.043333333333333,221.8233333333333
445,Ludhiana,30.91,75.855,2022-02-12,1818.5783333333336,36.03041666666666,11.034166666666666,232.31125
446,Ludhiana,30.91,75.855,2022-02-13,2045.5504166666667,51.06375,20.78041666666667,262.3929166666666
447,Ludhiana,30.91,75.855,2022-02-14,1740.137083333333,41.378750000000004,13.30333333333333,220.60916666666665
448,Ludhiana,30.91,75.855,2022-02-15,1715.937916666667,30.21833333333333,7.154583333333332,226.18708333333328
449,Ludhiana,30.91,75.855,2022-02-16,1468.380833333333,21.515,6.434166666666667,231.80375000000006
450,Ludhiana,30.91,75.855,2022-02-17,1670.599583333333,29.4475,6.697500000000001,188.34666666666666
451,Ludhiana,30.91,75.855,2022-02-18,1414.1399999999996,21.109583333333333,5.245,170.5870833333333
452,Ludhiana,30.91,75.855,2022-02-19,1380.5395000000003,20.0745,6.644500000000001,178.79000000000002
453,Ludhiana,30.91,75.855,2022-02-20,1792.4325000000001,22.5325,5.3950000000000005,146.0525
454,Ludhiana,30.91,75.855,2022-02-21,2178.510833333334,42.706250000000004,14.362500000000002,269.16333333333336
455,Ludhiana,30.91,75.855,2022-02-22,590.5225,6.758750000000002,17.612916666666667,76.13791666666667
456,Ludhiana,30.91,75.855,2022-02-23,783.0070833333331,15.849166666666664,9.524999999999997,64.03291666666668
457,Ludhiana,30.91,75.855,2022-02-24,1133.480833333333,18.59541666666667,9.524583333333332,97.28708333333337
458,Ludhiana,30.91,75.855,2022-02-25,649.2145833333334,12.951666666666663,14.093750000000002,45.005833333333335
459,Ludhiana,30.91,75.855,2022-02-26,472.03000000000003,10.390416666666667,5.334583333333334,14.582499999999998
460,Ludhiana,30.91,75.855,2022-02-27,893.1558333333334,15.465000000000002,4.657916666666668,66.33958333333334
461,Ludhiana,30.91,75.855,2022-02-28,1355.7275000000002,18.348333333333333,7.225833333333334,185.10875000000001
462,Ludhiana,30.91,75.855,2022-03-01,1055.0420833333335,16.84458333333333,4.03625,86.15041666666667
463,Ludhiana,30.91,75.855,2022-03-02,827.3725000000001,14.447083333333332,4.437916666666667,61.24125000000001
464,Ludhiana,30.91,75.855,2022-03-03,1011.6495833333332,22.143333333333334,7.167916666666669,77.83916666666666
465,Ludhiana,30.91,75.855,2022-03-04,788.0133333333333,12.352916666666667,4.605416666666667,55.69583333333333
466,Ludhiana,30.91,75.855,2022-03-05,1179.655,15.277916666666664,5.805833333333333,150.1016666666667
467,Ludhiana,30.91,75.855,2022-03-06,1189.6687499999998,17.002083333333335,5.694583333333334,162.19791666666669
468,Ludhiana,30.91,75.855,2022-03-07,1082.3012499999998,18.74125,7.734166666666666,126.41500000000002
469,Ludhiana,30.91,75.855,2022-03-08,1175.7612500000002,16.76458333333333,4.7041666666666675,118.70625000000001
470,Ludhiana,30.91,75.855,2022-03-09,1073.1216666666667,13.807916666666666,5.065416666666668,124.93458333333336
471,Ludhiana,30.91,75.855,2022-03-10,1191.6162499999998,17.719583333333333,5.376666666666668,120.46041666666669
472,Ludhiana,30.91,75.855,2022-03-11,1361.5679166666666,17.572916666666664,6.444166666666667,147.86083333333332
473,Ludhiana,30.91,75.855,2022-03-12,1222.2141666666669,16.356666666666666,6.223749999999999,157.945
474,Ludhiana,30.91,75.855,2022-03-13,1331.0808695652174,22.893478260869568,8.955217391304345,164.46434782608696
475,Ludhiana,30.91,75.855,2022-03-14,1386.325,23.131666666666664,10.522916666666665,181.28374999999997
476,Ludhiana,30.91,75.855,2022-03-15,1435.0008333333335,16.9175,6.771666666666667,229.40124999999998
477,Ludhiana,30.91,75.855,2022-03-16,1540.7004166666668,20.347083333333334,9.073749999999999,201.13583333333335
478,Ludhiana,30.91,75.855,2022-03-17,1522.6208333333332,26.558333333333337,14.979999999999999,210.2295833333333
479,Ludhiana,30.91,75.855,2022-03-18,1080.9104166666664,18.24041666666666,12.708749999999997,166.46416666666667
480,Ludhiana,30.91,75.855,2022-03-19,923.1958333333333,14.30208333333333,12.49916666666667,120.97125
481,Ludhiana,30.91,75.855,2022-03-20,893.7116666666666,12.947916666666666,14.397083333333333,136.78291666666667
482,Ludhiana,30.91,75.855,2022-03-21,1127.6404166666666,16.848333333333333,7.262916666666666,151.56666666666666
483,Ludhiana,30.91,75.855,2022-03-22,1371.86,19.352083333333336,11.112916666666669,174.74583333333337
484,Ludhiana,30.91,75.855,2022-03-23,1347.1045833333335,29.344583333333343,13.804166666666662,153.98749999999998
485,Ludhiana,30.91,75.855,2022-03-24,1076.7370833333332,20.35375,12.23625,112.83333333333333
486,Ludhiana,30.91,75.855,2022-03-25,1168.25125,16.41,7.9125000000000005,141.72083333333333
487,Ludhiana,30.91,75.855,2022-03-26,1187.9995833333332,15.637083333333331,7.557083333333332,139.25791666666663
488,Ludhiana,30.91,75.855,2022-03-27,1231.1141666666667,23.762083333333337,8.448333333333336,142.93125
489,Ludhiana,30.91,75.855,2022-03-28,1531.104583333333,42.946666666666665,17.85125,137.6895833333333
490,Ludhiana,30.91,75.855,2022-03-29,1228.47125,28.579999999999995,10.239583333333334,135.2579166666667
491,Ludhiana,30.91,75.855,2022-03-30,1121.5208333333335,25.556250000000002,10.204166666666666,114.87583333333333
492,Ludhiana,30.91,75.855,2022-03-31,1081.4658333333334,20.433333333333337,7.909999999999999,121.16208333333331
493,Ludhiana,30.91,75.855,2022-04-01,1476.4462500000002,30.553750000000004,16.59958333333333,165.76416666666668
494,Ludhiana,30.91,75.855,2022-04-02,854.4933333333335,13.631250000000001,18.700833333333332,85.00708333333331
495,Ludhiana,30.91,75.855,2022-04-03,1102.0504166666667,22.412916666666664,13.808333333333335,97.5
496,Ludhiana,30.91,75.855,2022-04-04,1455.4458333333334,31.152083333333334,12.68625,142.30875
497,Ludhiana,30.91,75.855,2022-04-05,1379.9258333333335,27.88541666666666,15.01,136.03958333333333
498,Ludhiana,30.91,75.855,2022-04-06,1744.5874999999999,36.897499999999994,18.353749999999998,185.3395833333333
499,Ludhiana,30.91,75.855,2022-04-07,1703.4204166666666,35.805,18.696250000000003,174.92000000000004
500,Ludhiana,30.91,75.855,2022-04-08,1359.9004166666668,27.387083333333333,14.781250000000002,140.79291666666666
501,Ludhiana,30.91,75.855,2022-04-09,908.1758333333336,17.90625,9.861666666666668,83.1425
502,Ludhiana,30.91,75.855,2022-04-10,1060.605,24.334166666666672,9.750416666666665,86.95458333333333
503,Ludhiana,30.91,75.855,2022-04-11,1182.15875,21.957083333333333,12.969166666666666,119.32833333333333
504,Ludhiana,30.91,75.855,2022-04-12,1100.3812499999997,25.762500000000003,17.305,95.05291666666665
505,Ludhiana,30.91,75.855,2022-04-13,833.7712500000001,20.394583333333333,15.105416666666663,78.34416666666671
506,Ludhiana,30.91,75.855,2022-04-14,700.6720833333334,14.57125,10.839166666666666,59.51041666666666
507,Ludhiana,30.91,75.855,2022-04-15,982.9995833333336,24.40166666666667,10.842916666666667,65.66
508,Ludhiana,30.91,75.855,2022-04-16,805.5375,19.25,10.18,48.63291666666667
509,Ludhiana,30.91,75.855,2022-04-17,865.4799999999999,18.544166666666666,8.804583333333333,56.18541666666667
510,Ludhiana,30.91,75.855,2022-04-18,860.4725,18.562916666666666,8.769583333333332,65.23500000000001
511,Ludhiana,30.91,75.855,2022-04-19,827.37125,16.531249999999996,6.6450000000000005,68.89041666666667
512,Ludhiana,30.91,75.855,2022-04-20,696.77875,12.73166666666667,8.064166666666663,56.82625000000001
513,Ludhiana,30.91,75.855,2022-04-21,546.9920833333334,11.790416666666665,7.888333333333336,48.53583333333332
514,Ludhiana,30.91,75.855,2022-04-22,515.6995833333334,9.992916666666664,5.617916666666666,37.67958333333333
515,Ludhiana,30.91,75.855,2022-04-23,600.6754166666667,10.663749999999999,5.166666666666667,35.15
516,Ludhiana,30.91,75.855,2022-04-24,883.9775,17.266250000000003,7.416666666666667,54.84458333333333
517,Ludhiana,30.91,75.855,2022-04-25,704.0104166666669,13.327916666666667,6.39875,45.33833333333334
518,Ludhiana,30.91,75.855,2022-04-26,1096.6266666666668,25.25208333333333,9.45875,63.80375000000001
519,Ludhiana,30.91,75.855,2022-04-27,1248.6379166666666,25.3,11.290833333333333,89.3025
520,Ludhiana,30.91,75.855,2022-04-28,1333.7541666666666,18.998333333333335,12.445,105.76166666666667
521,Ludhiana,30.91,75.855,2022-04-29,906.5070833333333,15.80625,8.525833333333335,74.32291666666667
522,Ludhiana,30.91,75.855,2022-04-30,746.29,11.200833333333334,7.526666666666666,56.221666666666664
523,Ludhiana,30.91,75.855,2022-05-01,671.0479166666667,7.028749999999999,17.32458333333333,69.36291666666668
524,Ludhiana,30.91,75.855,2022-05-02,669.5187500000001,8.3925,17.89625,59.26749999999999
525,Ludhiana,30.91,75.855,2022-05-03,823.06,11.079166666666666,19.92791666666667,68.57083333333331
526,Ludhiana,30.91,75.855,2022-05-04,1266.5779166666666,33.48416666666666,15.047916666666664,79.32958333333335
527,Ludhiana,30.91,75.855,2022-05-05,961.3045833333334,18.968333333333337,11.570833333333333,70.91000000000001
528,Ludhiana,30.91,75.855,2022-05-06,827.0941666666666,16.10666666666667,9.522916666666665,51.82749999999999
529,Ludhiana,30.91,75.855,2022-05-07,891.4862499999998,15.286666666666667,8.887083333333331,55.64000000000001
530,Ludhiana,30.91,75.855,2022-05-08,862.5599999999998,11.047916666666666,13.38125,66.73833333333333
531,Ludhiana,30.91,75.855,2022-05-09,1040.5783333333331,17.02916666666667,19.44125,82.36583333333333
532,Ludhiana,30.91,75.855,2022-05-10,998.0204166666668,13.741666666666669,16.360833333333336,88.87124999999999
533,Ludhiana,30.91,75.855,2022-05-11,1121.7987499999997,19.295416666666668,17.573750000000008,103.86791666666666
534,Ludhiana,30.91,75.855,2022-05-12,1117.0704166666665,20.392500000000002,20.02833333333334,108.84208333333338
535,Ludhiana,30.91,75.855,2022-05-13,848.9283333333334,13.524583333333334,15.419583333333335,90.62625000000001
536,Ludhiana,30.91,75.855,2022-05-14,1204.9670833333334,26.81416666666667,18.095000000000002,94.3775
537,Ludhiana,30.91,75.855,2022-05-15,1492.0233333333335,36.169583333333335,23.493333333333336,112.99999999999999
538,Ludhiana,30.91,75.855,2022-05-16,1306.6325000000004,24.604166666666668,18.357916666666668,152.70916666666668
539,Ludhiana,30.91,75.855,2022-05-17,1121.10375,22.890833333333333,15.978333333333333,124.54083333333331
540,Ludhiana,30.91,75.855,2022-05-18,1119.5725,24.48125,13.303333333333333,121.05541666666666
541,Ludhiana,30.91,75.855,2022-05-19,859.6379166666666,17.139583333333334,13.505416666666667,101.38125000000001
542,Ludhiana,30.91,75.855,2022-05-20,628.9083333333334,12.014583333333333,16.81375,80.14583333333333
543,Ludhiana,30.91,75.855,2022-05-21,735.0254166666667,17.015,10.633750000000001,90.25375000000001
544,Ludhiana,30.91,75.855,2022-05-22,488.99708333333336,5.734583333333333,15.410833333333331,81.11333333333333
545,Ludhiana,30.91,75.855,2022-05-23,518.4804166666667,6.108333333333333,10.5175,41.29749999999999
546,Ludhiana,30.91,75.855,2022-05-24,890.9304166666666,20.54875,10.280833333333335,43.96
547,Ludhiana,30.91,75.855,2022-05-25,1334.5866666666668,27.863333333333333,10.069999999999999,73.71958333333335
548,Ludhiana,30.91,75.855,2022-05-26,915.4083333333332,14.072916666666666,12.79208333333333,75.465
549,Ludhiana,30.91,75.855,2022-05-27,937.3825000000002,12.945416666666667,14.156250000000002,98.98333333333333
550,Ludhiana,30.91,75.855,2022-05-28,830.57125,12.915833333333333,15.265416666666662,108.01208333333335
551,Ludhiana,30.91,75.855,2022-05-29,618.0591666666667,8.635416666666666,20.697916666666664,113.57833333333333
552,Ludhiana,30.91,75.855,2022-05-30,992.4566666666666,19.17291666666667,11.614166666666664,121.41458333333334
553,Ludhiana,30.91,75.855,2022-05-31,1257.5387500000002,29.81875000000001,17.703333333333333,144.71374999999998
554,Ludhiana,30.91,75.855,2022-06-01,1370.3312500000002,37.32000000000001,18.705833333333334,128.09541666666664
555,Ludhiana,30.91,75.855,2022-06-02,1171.1708333333333,29.866250000000004,15.062916666666666,104.22083333333332
556,Ludhiana,30.91,75.855,2022-06-03,1136.4025,29.67166666666667,14.864166666666664,74.20333333333333
557,Ludhiana,30.91,75.855,2022-06-04,1379.6491666666664,33.08416666666667,18.90166666666666,104.23833333333333
558,Ludhiana,30.91,75.855,2022-06-05,1452.525416666667,38.606249999999996,16.5275,101.54833333333333
559,Ludhiana,30.91,75.855,2022-06-06,1550.9920833333335,37.548750000000005,16.117916666666666,139.26083333333335
560,Ludhiana,30.91,75.855,2022-06-07,1000.8016666666666,25.95625,12.363750000000003,106.21791666666667
561,Ludhiana,30.91,75.855,2022-06-08,975.4895833333334,28.184583333333336,9.447499999999998,79.93333333333332
562,Ludhiana,30.91,75.855,2022-06-09,1273.5320833333333,34.495,16.637499999999996,106.46291666666667
563,Ludhiana,30.91,75.855,2022-06-10,896.7704166666664,26.403333333333336,7.895833333333332,80.75500000000001
564,Ludhiana,30.91,75.855,2022-06-11,880.9175,21.166666666666668,6.832083333333334,86.26291666666667
565,Ludhiana,30.91,75.855,2022-06-12,910.1241666666668,21.22375,6.935833333333332,107.09666666666668
566,Ludhiana,30.91,75.855,2022-06-13,589.41,10.863333333333335,7.885416666666668,72.42416666666666
567,Ludhiana,30.91,75.855,2022-06-14,445.3258333333333,9.49,5.293333333333333,34.345
568,Ludhiana,30.91,75.855,2022-06-15,832.7970833333334,23.917083333333338,9.385,47.56625
569,Ludhiana,30.91,75.855,2022-06-16,695.3879166666666,16.00833333333333,11.018749999999999,38.355
570,Ludhiana,30.91,75.855,2022-06-17,682.1750000000001,15.915833333333339,7.692916666666665,51.17250000000001
571,Ludhiana,30.91,75.855,2022-06-18,678.4195833333332,14.808750000000002,4.779999999999999,27.805833333333336
572,Ludhiana,30.91,75.855,2022-06-19,836.8287499999998,14.405416666666667,3.69875,62.44625
573,Ludhiana,30.91,75.855,2022-06-20,930.9850000000001,17.314999999999998,7.090416666666666,76.76958333333336
574,Ludhiana,30.91,75.855,2022-06-21,709.8504166666667,8.782083333333334,16.540416666666665,86.56708333333336
575,Ludhiana,30.91,75.855,2022-06-22,617.3649999999999,10.728333333333333,6.158333333333332,42.89583333333334
576,Ludhiana,30.91,75.855,2022-06-23,878.1358333333334,12.329166666666666,5.892083333333335,58.51791666666667
577,Ludhiana,30.91,75.855,2022-06-24,1459.7570833333332,27.754583333333333,8.787083333333333,101.2975
578,Ludhiana,30.91,75.855,2022-06-25,1217.7629166666668,22.93166666666667,11.862083333333333,90.48666666666666
579,Ludhiana,30.91,75.855,2022-06-26,1071.4533333333334,16.37708333333333,16.304166666666667,79.36583333333333
580,Ludhiana,30.91,75.855,2022-06-27,1090.0895833333336,17.745416666666667,11.121250000000002,69.46791666666665
581,Ludhiana,30.91,75.855,2022-06-28,1454.4729166666666,24.16791666666667,12.936666666666666,107.83999999999999
582,Ludhiana,30.91,75.855,2022-06-29,758.2508333333334,7.050416666666668,14.89583333333333,52.12458333333334
583,Ludhiana,30.91,75.855,2022-06-30,750.4608333333332,11.910833333333334,11.696666666666665,22.861250000000002
584,Ludhiana,30.91,75.855,2022-07-01,1253.0883333333334,23.984166666666667,10.783333333333331,80.44333333333331
585,Ludhiana,30.91,75.855,2022-07-02,781.05875,7.180416666666669,10.349583333333333,54.375
586,Ludhiana,30.91,75.855,2022-07-03,865.3400000000001,14.919583333333335,7.864999999999998,38.38124999999999
587,Ludhiana,30.91,75.855,2022-07-04,1483.957916666667,23.206666666666667,11.617083333333335,108.78916666666669
588,Ludhiana,30.91,75.855,2022-07-05,913.7387499999999,10.27125,9.909166666666666,71.41416666666667
589,Ludhiana,30.91,75.855,2022-07-06,1065.0562499999999,17.934166666666666,11.061666666666666,59.341249999999995
590,Ludhiana,30.91,75.855,2022-07-07,946.0050000000002,14.629583333333334,11.52875,62.684583333333315
591,Ludhiana,30.91,75.855,2022-07-08,752.6870833333334,11.839166666666669,12.081666666666669,63.58208333333332
592,Ludhiana,30.91,75.855,2022-07-09,640.0350000000002,8.320833333333335,9.725416666666666,26.529999999999998
593,Ludhiana,30.91,75.855,2022-07-10,845.8687499999997,12.997916666666667,6.684166666666665,38.927083333333336
594,Ludhiana,30.91,75.855,2022-07-11,1061.1612499999999,16.8075,5.369166666666666,52.02958333333334
595,Ludhiana,30.91,75.855,2022-07-12,1022.7766666666666,12.502916666666666,9.825000000000001,81.31583333333332
596,Ludhiana,30.91,75.855,2022-07-13,949.62125,11.501250000000004,12.213750000000005,84.83833333333332
597,Ludhiana,30.91,75.855,2022-07-14,1047.25375,17.875,8.979999999999999,81.87291666666665
598,Ludhiana,30.91,75.855,2022-07-15,1049.7562500000001,18.42166666666667,8.2125,65.76083333333334
599,Ludhiana,30.91,75.855,2022-07-16,979.9395833333333,15.599166666666667,8.486666666666665,77.97333333333334
600,Ludhiana,30.91,75.855,2022-07-17,982.4429166666665,14.107083333333335,6.778750000000001,99.19916666666666
601,Ludhiana,30.91,75.855,2022-07-18,1394.6691666666668,26.691666666666674,8.009166666666667,126.34166666666668
602,Ludhiana,30.91,75.855,2022-07-19,929.1971428571428,13.688095238095235,6.650952380952382,100.48857142857143
603,Ludhiana,30.91,75.855,2022-07-21,979.1066666666667,17.646666666666665,16.173333333333332,82.11
604,Ludhiana,30.91,75.855,2022-07-22,1011.9279166666666,19.345833333333335,11.247500000000002,53.562083333333355
605,Ludhiana,30.91,75.855,2022-07-23,698.1691666666667,11.408333333333333,8.860416666666666,37.090833333333336
606,Ludhiana,30.91,75.855,2022-07-24,602.205,10.257500000000002,10.1025,32.62333333333333
607,Ludhiana,30.91,75.855,2022-07-25,873.6841666666668,20.19,12.050833333333332,46.778333333333336
