date,open_NO2,sate_NO2,"FTI Kidwai Nagar, Kanpur - UPPCB","Nehru Nagar, Kanpur - UPPCB","NSI Kalyanpur, Kanpur - UPPCB"
2020-11-24,23.0075,4896612000000000.0,38.25333333333334,84.41,32.71
2020-11-25,35.594166666666666,4628000000000000.0,60.10166666666667,94.98,41.99
2020-11-26,24.6625,6979340000000000.0,31.5,46.49,16.855
2020-11-27,44.21791666666666,5048910000000000.0,9.041666666666666,19.86,11.197500000000002
2020-11-28,32.17791666666667,5758310000000000.0,13.534999999999998,20.27,8.105
2020-11-29,39.2675,5145594000000000.0,11.788333333333332,23.78,13.1125
2020-11-30,53.86791666666665,4822730000000000.0,12.391666666666666,15.71,10.845
2020-12-01,50.05291666666667,4434030000000000.0,12.361666666666666,24.98,7.1975
2020-12-02,49.44541666666666,5206180000000000.0,13.356666666666667,29.94,15.9625
2020-12-03,47.665,4586450000000000.0,25.28,39.22,15.1125
2020-12-04,44.622083333333336,5724750000000000.0,51.39999999999999,115.1,28.612500000000004
2020-12-05,32.33833333333334,7375940000000000.0,50.99,137.98,26.225
2020-12-06,50.12583333333334,5347168000000000.0,48.711,126.16,26.558333333333334
2020-12-07,54.640833333333326,4905650000000000.0,48.66,115.6,36.51499999999999
2020-12-08,58.52125000000001,5164078000000000.0,43.511,86.75,32.181666666666665
2020-12-09,51.47708333333333,3830450000000000.0,41.675,101.79,24.865
2020-12-10,46.56833333333333,4608064000000000.0,42.718,116.02,20.96833333333333
2020-12-11,27.162083333333328,4543872000000000.0,51.177,120.83,23.408
2020-12-12,20.131666666666664,7943560000000000.0,30.672000000000004,95.67,21.012
2020-12-13,27.56500000000001,5156946000000000.0,35.267,65.53,20.396
2020-12-14,39.43458333333333,3901190000000000.0,30.853,64.02,20.698
2020-12-15,48.93833333333334,5155278000000000.0,34.078,62.96,21.55
2020-12-16,17.965833333333332,4116758000000000.0,36.745,62.11,22.457142857142856
2020-12-17,14.645416666666668,4627198000000000.0,37.584,54.88,24.415000000000003
2020-12-18,18.76833333333333,4340870000000000.0,42.14,76.62,26.78
2020-12-19,20.504166666666677,5167010000000000.0,43.342,101.29,34.05166666666666
2020-12-20,38.65375,4914970000000000.0,36.545,111.12,32.9625
2020-12-21,37.33999999999999,6142610000000000.0,48.314,117.66,35.136
2020-12-22,36.40375,5086586000000000.0,57.78399999999999,135.85,35.562
2020-12-23,48.79666666666668,5214340000000000.0,58.618,129.82,29.43428571428572
2020-12-24,39.07791666666667,4892770000000000.0,53.407,138.72,32.548571428571435
2020-12-25,18.756666666666668,4615960000000000.0,56.23499999999999,95.91,31.54
2020-12-26,35.30375,6446394000000000.0,51.996,115.19,32.97
2020-12-27,21.27458333333333,4901870000000000.0,46.413,146.67,29.798571428571428
2020-12-28,19.35,7500980000000000.0,45.506,75.22,29.282857142857143
2020-12-29,28.011250000000008,4439102000000000.0,44.57666666666667,81.09,31.01
2020-12-30,30.72416666666666,4992080000000000.0,46.354,74.08,33.18
2020-12-31,45.23666666666667,5049586000000000.0,46.815,73.04,31.23
2021-01-01,50.187916666666666,3964800000000000.0,49.576,100.24,30.95
2021-01-02,25.05875,5433018000000000.0,41.439,119.39,32.5625
2021-01-03,14.210000000000004,5053850000000000.0,42.55,106.9,33.28142857142857
2021-01-04,21.63583333333333,4766464000000000.0,44.631,99.0,33.1575
2021-01-05,23.788333333333327,5527810000000000.0,38.193,100.24,31.72625
2021-01-06,22.81458333333333,1.97e+16,48.199000000000005,102.49,33.83
2021-01-07,20.35375,4778102000000000.0,53.66799999999999,66.66,35.03285714285715
2021-01-08,16.059166666666666,4896366000000000.0,41.36,57.03,29.34875
2021-01-09,14.235,4636752000000000.0,36.752,72.41,28.3075
2021-01-10,9.600833333333332,3626930000000000.0,36.13,49.37,27.67
2021-01-11,13.58125,5076004000000000.0,42.849,52.76,26.14875
2021-01-12,18.50375,6020600000000000.0,42.65399999999999,63.64,29.65222222222222
2021-01-13,32.99208333333333,6250370000000000.0,36.323,69.67,32.169999999999995
2021-01-14,40.85666666666666,4361780000000000.0,37.469,82.14,29.95888888888889
2021-01-15,40.64875000000001,5996510000000000.0,43.385000000000005,102.73,28.02375
2021-01-16,32.52041666666667,4473634000000000.0,45.669,115.16,29.401250000000005
2021-01-17,11.164166666666668,4743826000000000.0,38.951,64.58,24.195714285714285
2021-01-18,35.89541666666666,4956314000000000.0,41.602,84.09,25.867500000000007
2021-01-19,27.889166666666668,5437150000000000.0,42.536,88.52,33.4
2021-01-20,12.499999999999998,5689370000000000.0,47.593,77.28,29.74875
2021-01-21,27.795833333333334,5256930000000000.0,41.829,73.08,29.383750000000003
2021-01-22,26.337083333333336,6642310000000000.0,48.54666666666666,57.99,30.742500000000003
2021-01-23,15.559166666666668,5106640000000000.0,43.407777777777774,58.79,28.551428571428573
2021-01-24,18.66625,4827740000000000.0,38.54,54.92,25.25375
2021-01-25,31.988333333333333,4154838000000000.0,43.47111111111112,59.33,27.11888888888889
2021-01-26,32.231,3365750000000000.0,45.0588888888889,58.36,26.62110168921193
2021-01-27,32.475,4780908000000000.0,45.25888888888889,83.94,30.59444444444444
2021-01-28,45.30708333333333,3859268000000000.0,45.142222222222216,70.9,47.0525
2021-01-29,16.440833333333334,4937840000000000.0,55.86555555555555,66.77,27.53
2021-01-30,18.408750000000005,4957010000000000.0,56.723333333333336,103.26,33.45
2021-01-31,35.54416666666666,5506170000000000.0,48.11111111111112,123.69,34.536652533817886
2021-02-01,43.23000000000001,4828434000000000.0,59.75222222222222,128.47,27.792845028986765
2021-02-02,38.695,4123650000000000.0,62.2011111111111,147.21,27.302857142857142
2021-02-03,21.99625,5205656000000000.0,69.15888888888888,98.3,30.798571428571428
2021-02-04,20.621666666666663,6162850000000000.0,62.17222222222222,76.99,30.10571428571429
2021-02-05,20.97875,4191609800000000.0,52.330000000000005,66.4,28.7925
2021-02-06,16.689583333333335,5156250000000000.0,52.88,62.29,29.7325
2021-02-07,26.6425,5595380000000000.0,41.31875,70.22,26.50375
2021-02-08,28.784166666666675,7738380000000000.0,58.27125,92.11,33.865
2021-02-09,38.84291666666668,4215880000000000.0,57.23875,109.81,42.4025
2021-02-10,46.32916666666666,4488174000000000.0,66.88000000000001,112.9,34.294285714285714
2021-02-11,39.10333333333333,4879320000000000.0,63.8975,94.01,38.53625
2021-02-12,40.3275,4637048000000000.0,55.54999999999999,104.24,36.26375
2021-02-13,28.689583333333346,4321840000000000.0,59.10375,103.34,35.5525
2021-02-14,33.095416666666665,4196580000000000.0,41.875,98.56,30.87
2021-02-15,40.299166666666665,5327126000000000.0,41.5225,120.82,26.395714285714284
2021-02-16,33.487500000000004,4763190000000000.0,44.1625,97.33,21.20142857142857
2021-02-17,34.37583333333333,4346868000000000.0,40.878888888888895,98.73,29.218333333333337
2021-02-18,25.430000000000003,5817420000000000.0,49.995000000000005,102.35,29.292500000000004
2021-02-19,37.395,5393082000000000.0,40.672,93.58,25.882857142857144
2021-02-20,27.0825,5639890000000000.0,43.784,96.85,26.514285714285712
2021-02-21,24.727500000000003,4038775800000000.0,42.854,81.86,26.592857142857145
2021-02-22,22.543333333333333,5863800000000000.0,48.475,90.72,28.898571428571422
2021-02-23,26.589166666666667,5138240000000000.0,45.455000000000005,105.34,28.822500000000005
2021-02-24,17.807916666666667,5358162000000000.0,48.66499999999999,121.3,32.4275
2021-02-25,12.5375,4204520000000000.0,49.487,95.69,29.651428571428568
2021-02-26,16.357083333333332,5576072000000000.0,38.595,76.48,30.012857142857143
2021-02-27,23.61333333333333,4610310000000000.0,41.854,83.22,27.37857142857143
2021-02-28,23.6225,5372100000000000.0,36.93444444444444,69.74,26.53857142857143
2021-03-01,12.3825,5780670000000000.0,37.201,63.09,28.787142857142857
2021-03-02,12.0925,5120300000000000.0,35.943000000000005,48.45,28.825714285714287
2021-03-03,28.40625,5661780000000000.0,43.71000000000001,80.84,34.55333333333333
2021-03-04,38.29458333333334,3991200000000000.0,42.542,118.44,36.12
2021-03-05,11.190833333333332,4539102000000000.0,35.477000000000004,79.6,33.145
2021-03-06,20.922500000000003,5924520000000000.0,31.464,83.01,28.93166666666666
2021-03-07,20.629166666666663,4137154000000000.0,28.963,85.47,24.52
2021-03-08,17.487500000000004,5056680000000000.0,27.525,65.03,23.451666666666668
2021-03-09,24.027916666666663,4997924000000000.0,33.67900000000001,75.64,26.758571428571432
2021-03-10,15.793750000000005,6196900000000000.0,35.46,82.84,27.85
2021-03-11,19.83208333333334,5423960000000000.0,28.841,83.81,22.708571428571428
2021-03-12,14.304583333333332,4980214000000000.0,33.352,75.89,24.198571428571427
2021-03-13,30.869583333333328,4293540000000000.0,37.64,65.7,27.585714285714285
2021-03-14,20.61782608695652,4968300000000000.0,38.731,89.13,31.09142857142857
2021-03-15,23.394166666666678,4415320000000000.0,40.720000000000006,95.04,31.63428571428571
2021-03-16,24.015833333333337,5062380000000000.0,37.311,91.1,28.56571428571428
2021-03-17,31.037083333333324,4552260000000000.0,43.91,96.37,30.37714285714286
2021-03-18,26.68,5071090000000000.0,38.069,104.88,31.1025
2021-03-19,16.123749999999998,4391162000000000.0,42.896,85.93,22.5625
2021-03-20,23.19458333333333,5126090000000000.0,32.46,71.5,23.375
2021-03-21,26.880416666666665,4893846000000000.0,27.034,97.57,20.271666666666665
2021-03-22,17.665000000000003,5236050000000000.0,32.746,70.97,23.02666666666667
2021-03-23,15.628750000000002,4934822000000000.0,33.188,51.92,26.191666666666663
2021-03-24,11.40375,5405830000000000.0,36.37500000000001,48.48,26.85
2021-03-25,16.294999999999998,3717300000000000.0,39.42,46.01,28.723333333333333
2021-03-26,24.75708333333333,6110780000000000.0,37.084,63.84,35.35666666666667
2021-03-27,17.199583333333333,4927050000000000.0,46.387,91.71,46.24333333333333
2021-03-28,15.858749999999995,6195740000000000.0,28.271,96.11,31.76666666666667
2021-03-29,27.42166666666667,4367680000000000.0,17.779999999999998,75.79,21.697142857142858
2021-03-30,9.077916666666669,5934184000000000.0,20.160000000000004,62.23,20.78
2021-03-31,8.020833333333332,5565240000000000.0,20.08,46.59,19.11
2021-04-01,20.48,5061272000000000.0,18.972,61.47,17.26875
2021-04-02,15.612916666666663,5237600000000000.0,18.582,62.36,20.06625
2021-04-03,14.257916666666668,4315710000000000.0,22.29,70.62,22.645
2021-04-04,16.345,4711318000000000.0,19.160000000000004,81.07,18.35998788612962
2021-04-05,23.7075,5084560000000000.0,21.041,117.07,33.18125
2021-04-06,16.257083333333334,5269200000000000.0,20.962,77.17,18.0225
2021-04-07,13.267500000000004,5236660000000000.0,16.607777777777777,66.28,18.6575
2021-04-08,14.120000000000005,4931098000000000.0,16.253333333333334,61.96,18.227500000000003
2021-04-09,13.907083333333333,5313750000000000.0,16.934444444444445,64.51,17.51125
2021-04-10,18.98125,5961410000000000.0,15.123333333333337,66.93,15.62125
2021-04-11,13.236666666666666,6395590000000000.0,15.25222222222222,88.84,14.5925
2021-04-12,18.72083333333333,4279700000000000.0,17.957,85.94,19.4425
2021-04-13,25.110416666666666,6147290000000000.0,17.939,117.89,18.4875
2021-04-14,10.857916666666668,6441690000000000.0,14.817999999999998,92.57,15.12375
2021-04-15,24.239166666666662,4668974000000000.0,15.353,76.29,15.951250000000002
2021-04-16,30.09375,5714780000000000.0,16.376000000000005,97.67,15.332499999999998
2021-04-17,13.1575,5068180000000000.0,13.788999999999998,44.15,16.450000000000003
2021-04-18,11.753333333333332,5568170000000000.0,14.605,42.75,17.25
2021-04-19,28.102083333333336,4624660000000000.0,13.763,69.01,17.9675
2021-04-20,25.010000000000005,4414108000000000.0,12.449000000000002,97.04,14.27125
2021-04-21,15.26833333333333,4565420000000000.0,13.37,40.91,14.1375
2021-04-22,9.558750000000002,6528930000000000.0,17.366999999999997,46.21,13.97625
2021-04-23,11.884583333333332,6117460000000000.0,24.197777777777773,62.61,17.736250000000002
2021-04-24,7.643333333333333,4709990000000000.0,17.753333333333337,32.11,15.15375
2021-04-25,17.264166666666668,6736840000000000.0,17.288888888888888,41.16,15.29375
2021-04-26,24.72791666666667,6321120000000000.0,15.578,76.3,15.055
2021-04-27,41.62875,6432760000000000.0,17.990000000000002,109.1,18.44875
2021-04-28,23.993333333333336,6613130000000000.0,16.767000000000003,127.39,18.9525
2021-04-29,10.525416666666668,6500320000000000.0,16.602,109.63,15.2275
2021-04-30,7.859583333333334,6159750000000000.0,14.079,59.91,14.4775
2021-05-01,8.592916666666666,5830636000000000.0,13.777,55.38,13.63375
2021-05-02,20.86875,5277722000000000.0,14.817000000000002,33.54,15.5325
2021-05-03,12.166666666666666,5337408000000000.0,15.419,44.79,17.9
2021-05-04,5.735833333333332,5810780000000000.0,15.311999999999998,43.81,16.995
2021-05-05,5.032916666666666,3901880000000000.0,15.463,33.46,16.41875
2021-05-06,5.022083333333334,6105812000000000.0,14.368999999999996,33.83,16.08125
2021-05-07,11.083333333333334,4018430000000000.0,13.012,34.48,17.2375
2021-05-08,16.522499999999997,2535700000000000.0,13.986,34.61,17.3175
2021-05-09,12.77875,5878240000000000.0,12.691,38.22,17.43285714285714
2021-05-10,13.406250000000002,5129492000000000.0,14.766666666666667,33.67,16.174999999999997
2021-05-11,13.606250000000005,6535500000000000.0,13.998888888888889,39.47,16.66375
2021-05-12,7.237500000000002,6487930000000000.0,11.669999999999998,33.44,16.915
2021-05-13,10.38625,6336120000000000.0,13.853,30.88,18.715
2021-05-14,21.15041666666667,5696750000000000.0,12.508,42.96,18.79625
2021-05-15,7.292083333333333,6049200000000000.0,11.475,46.21,20.965
2021-05-16,17.512083333333333,6809660000000000.0,11.836000000000002,49.74,16.265
2021-05-17,18.9825,4259224000000000.0,9.571,36.78,15.1725
2021-05-18,10.089999999999998,4450750000000000.0,8.715,37.09,14.31
2021-05-19,5.367500000000001,4914142000000000.0,12.013,30.93,17.0225
2021-05-20,10.14375,4034060000000000.0,13.174444444444443,34.48,16.28
2021-05-21,23.555,5766310000000000.0,12.761111111111113,43.56,16.21875
2021-05-22,20.15791666666667,4716386000000000.0,14.436249999999998,40.24,17.537499999999998
2021-05-23,9.254999999999995,5894820000000000.0,13.708749999999998,40.54,17.53875
2021-05-24,11.0925,5495680000000000.0,35.4,41.49,17.642500000000002
2021-05-25,10.1725,4245120000000000.0,35.109,42.75,17.2025
2021-05-26,7.552916666666666,4307636000000000.0,14.003,37.79,15.63
2021-05-27,10.33,6847550000000000.0,33.395,27.87,14.1925
2021-05-28,6.791249999999999,5218280000000000.0,17.130000000000003,26.66,14.04625
2021-05-29,8.910416666666668,7138520000000000.0,29.235000000000003,21.55,13.52875
2021-05-30,6.2425,6463600000000000.0,11.217,27.86,14.70857142857143
2021-05-31,21.692916666666672,5940180000000000.0,13.935,56.44,17.33285714285714
2021-06-01,10.105,4506890000000000.0,13.156,40.15,23.882857142857144
2021-06-02,10.910833333333334,5493884000000000.0,12.68,49.89,14.623333333333337
2021-06-03,14.071666666666667,6258530000000000.0,11.463,48.9,14.97777777777778
2021-06-04,14.804166666666664,5137532000000000.0,12.529,57.11,13.789090909090907
2021-06-05,12.127916666666666,4994980000000000.0,13.413,55.5,13.103636363636362
2021-06-06,6.098749999999999,4905920000000000.0,13.48777777777778,45.81,10.50777777777778
2021-06-07,10.704166666666667,4280486000000000.0,12.883,71.92,11.503636363636362
2021-06-08,7.031666666666669,6561190000000000.0,13.623,79.02,10.146000000000004
2021-06-09,5.751666666666668,2451510000000000.0,13.4,53.89,10.203
2021-06-10,6.305833333333333,4711358000000000.0,14.283999999999995,35.59,10.547999999999998
2021-06-11,9.36125,4942240000000000.0,16.437,45.36,12.723
2021-06-12,5.026666666666667,5330550000000000.0,15.579999999999998,49.59,13.015
2021-06-13,6.24625,5146600000000000.0,11.011,43.09,12.855555555555556
2021-06-14,10.768333333333333,4164389800000000.0,10.954,44.64,12.858
2021-06-15,13.895833333333336,7056630000000000.0,10.834,42.54,11.933
2021-06-16,9.113749999999998,7917570000000000.0,14.65,36.6,14.406
2021-06-17,7.94,5835460000000000.0,16.105555555555558,28.56,13.534545454545457
2021-06-18,8.587499999999999,4065088000000000.0,16.787777777777777,36.61,12.254545454545456
2021-06-19,14.320416666666668,4480882000000000.0,14.043,30.8,13.116363636363635
2021-06-20,18.37541666666667,4019117800000000.0,16.813333333333333,40.72,12.59909090909091
2021-06-21,13.079583333333334,5722710000000000.0,15.047777777777776,47.53,13.11181818181818
2021-06-22,13.204166666666673,5304460000000000.0,12.993333333333334,46.28,12.88
2021-06-23,7.777916666666666,4784524000000000.0,12.46,33.18,11.143636363636364
2021-06-24,19.70458333333333,4078156000000000.0,10.797999999999998,27.58,11.224545454545456
2021-06-25,16.151666666666667,5140280000000000.0,10.344,25.21,11.668181818181818
2021-06-26,6.760000000000001,4438690000000000.0,13.163,23.09,12.695
2021-06-27,9.002083333333331,4618836000000000.0,10.645,22.19,13.875
2021-06-28,21.00333333333333,5498120000000000.0,11.214000000000002,31.43,15.666363636363634
2021-06-29,13.387499999999998,6730370000000000.0,12.676,64.82,14.075454545454546
2021-06-30,12.046250000000002,3894410000000000.0,18.513,75.35,12.488181818181818
2021-07-01,8.472083333333334,3719200000000000.0,12.937,38.35,12.159999999999998
2021-07-02,8.860000000000001,7442150000000000.0,10.502,36.85,12.405454545454546
2021-07-03,14.619166666666665,3343910000000000.0,8.82,35.88,13.987272727272726
2021-07-04,10.682083333333331,5175676000000000.0,9.758999999999997,30.88,15.20090909090909
2021-07-05,14.309583333333334,5562210000000000.0,11.089,37.77,16.182727272727274
2021-07-06,13.562916666666668,4706898000000000.0,10.69,34.75,13.832727272727272
2021-07-07,21.175833333333337,4676826000000000.0,11.247,40.51,20.52
2021-07-08,13.477500000000004,4219330000000000.0,24.219,36.3,33.399285714285725
2021-07-09,8.525,4517132000000000.0,16.353333333333335,30.61,4.62
2021-07-10,5.9745833333333325,5032990000000000.0,15.652222222222225,22.81,4.8
2021-07-11,8.339166666666666,4982214000000000.0,9.573333333333332,21.48,3.87
2021-07-12,5.853750000000001,5083610000000000.0,10.238888888888887,24.72,2.77
2021-07-13,4.867083333333333,4923306000000000.0,13.957777777777777,26.33,2.11
2021-07-14,4.6066666666666665,4877470000000000.0,12.407777777777776,23.58,5.44
2021-07-15,5.982916666666667,5293680000000000.0,12.38111111111111,22.22,4.24
2021-07-16,8.572916666666668,4040320000000000.0,9.99111111111111,24.8,3.49
2021-07-17,11.331666666666663,4665728000000000.0,7.498888888888889,31.85,6.16
2021-07-18,11.950833333333334,5000302000000000.0,8.97111111111111,25.89,5.13
2021-07-19,18.20125,4594780000000000.0,9.148888888888887,33.31,4.17
2021-07-20,12.81375,4436894000000000.0,12.97375,28.66,4.85
2021-07-21,17.930000000000003,4717846000000000.0,12.63125,23.87,3.78
2021-07-22,16.333333333333332,4255586000000000.0,10.74875,28.91,3.23
2021-07-23,10.155,5556322000000000.0,9.86,34.1,3.55
2021-07-24,4.105416666666667,5727990000000000.0,12.025,23.29,3.03
2021-07-25,6.152083333333334,5270848000000000.0,12.3275,20.51,2.46
2021-07-26,10.134166666666664,3552260000000000.0,11.476666666666668,22.33,4.86
2021-07-27,17.036666666666672,5019080000000000.0,12.787777777777778,32.44,5.01
2021-07-28,13.83125,5169274000000000.0,17.296,32.93,4.14
2021-07-29,14.951250000000002,4744856000000000.0,11.70111111111111,27.35,4.43
2021-07-30,14.955416666666666,4900264000000000.0,10.566666666666666,30.4,8.02
2021-07-31,7.425833333333334,3945540000000000.0,11.344444444444443,29.43,4.84
2021-08-01,6.867916666666666,4829580000000000.0,10.35,13.57,2.37
2021-08-02,5.775416666666666,4118673800000000.0,12.662222222222224,19.29,4.43
2021-08-03,6.450833333333333,4740422000000000.0,14.863,19.2,4.42
2021-08-04,7.883333333333333,5080247800000000.0,15.994,20.4,5.29
2021-08-05,8.405,5070684000000000.0,15.026,25.27,3.51
2021-08-06,9.33,4539510000000000.0,12.776666666666667,27.84,4.78
2021-08-07,9.439583333333331,4577670000000000.0,14.202000000000002,26.77,5.16
2021-08-08,11.94875,5011582000000000.0,13.301999999999998,24.25,3.44
2021-08-09,18.41541666666667,2959710000000000.0,14.867,37.25,3.71
2021-08-10,14.302916666666668,4777464000000000.0,14.392,38.37,6.81
2021-08-11,11.15,5040040000000000.0,11.393,42.98,6.15
2021-08-12,15.081250000000002,4421630000000000.0,11.327000000000002,37.5,5.67
2021-08-13,11.64875,5148958000000000.0,11.112,43.38,9.93
2021-08-14,8.794583333333335,5059711800000000.0,9.028,40.8,8.19
2021-08-15,11.153333333333334,4830710000000000.0,7.693,35.55,6.35
2021-08-16,20.5875,4969208800000000.0,11.35,47.1,10.86
2021-08-17,12.432083333333336,4486340000000000.0,12.594,44.53,13.2
2021-08-18,10.527083333333332,5088650000000000.0,10.395,39.67,12.66
2021-08-19,12.527916666666664,5260740000000000.0,14.053999999999998,36.41,8.09
2021-08-20,20.76708333333334,5185748000000000.0,12.796,31.59,4.16
2021-08-21,10.389583333333334,5220874000000000.0,13.193333333333332,30.72,7.3
2021-08-22,14.70125,4259910000000000.0,14.765,29.57,7.84
2021-08-23,12.588333333333331,4908172000000000.0,11.42875,32.43,8.2
2021-08-24,10.20625,4450498000000000.0,11.9425,33.6,7.2
2021-08-25,9.146666666666668,3260750000000000.0,12.20888888888889,32.6,7.04
2021-08-26,11.857916666666666,4750812000000000.0,12.593333333333335,31.71,8.6
2021-08-27,16.351666666666667,4006098000000000.0,20.28375,31.83,9.89
2021-08-28,10.09375,4606480000000000.0,13.874285714285715,69.91,6.74
2021-08-29,6.8525,4712928000000000.0,13.065714285714282,67.35,6.03
2021-08-30,9.3775,4408716000000000.0,12.1675,77.42,7.13
2021-08-31,14.022916666666664,5238340000000000.0,14.04625,73.03,11.17
2021-09-01,10.751666666666669,4262010000000000.0,13.6125,70.43,15.02
2021-09-02,16.355,4111080000000000.0,14.82875,78.5,15.5
2021-09-03,21.521666666666665,4379920000000000.0,5.42,58.15,14.74
2021-09-04,13.967916666666666,5223570000000000.0,5.58,27.09,14.64
2021-09-05,20.36208333333333,4011460000000000.0,6.81,32.46,10.35
2021-09-06,10.027083333333334,4823640000000000.0,8.19,68.63,10.15
2021-09-07,5.999583333333335,5898780000000000.0,4.77,91.76,6.0
2021-09-08,11.385416666666664,4706526000000000.0,3.75,56.65,5.71
2021-09-09,13.662916666666666,5589810000000000.0,4.15,54.02,5.28
2021-09-10,13.531666666666666,4423420000000000.0,4.24,57.06,5.97
2021-09-11,11.070833333333336,4104958000000000.0,6.56,56.11,6.48
2021-09-12,9.228750000000002,4114290000000000.0,5.87,44.46,10.0
2021-09-13,6.847916666666667,3477080000000000.0,5.54,51.85,8.27
2021-09-14,4.61375,4533034000000000.0,5.29,49.85,5.03
2021-09-15,12.400416666666668,5359986000000000.0,3.96,43.98,3.11
2021-09-16,15.65625,4607236000000000.0,4.54,41.74,3.45
2021-09-17,10.3875,3930080000000000.0,4.24,38.09,5.24
2021-09-18,10.377916666666668,2994430000000000.0,4.61,38.79,11.06
2021-09-19,14.371250000000003,4859680000000000.0,6.67,36.23,13.06
2021-09-20,9.685416666666669,7332420000000000.0,7.52,43.54,9.47
2021-09-21,9.706666666666663,4319210000000000.0,5.82,48.98,8.61
2021-09-22,7.937500000000003,5073494000000000.0,6.74,58.84,8.09
2021-09-23,6.44625,5431840000000000.0,6.2,44.82,4.72
2021-09-24,15.080833333333333,4962024000000000.0,5.16,42.95,4.6
2021-09-25,15.3625,4151186000000000.0,5.05,47.24,5.36
2021-09-26,8.947083333333335,5458610000000000.0,6.98,46.91,6.04
2021-09-27,5.437499999999999,4735456000000000.0,12.74,42.02,5.23
2021-09-28,5.1379166666666665,4787040000000000.0,6.26,37.87,5.06
2021-09-29,8.06,5377152000000000.0,5.95,39.58,8.34
2021-09-30,16.225833333333334,4473650000000000.0,5.94,39.93,8.51
2021-10-01,19.75,5028498000000000.0,7.38,41.8,11.02
2021-10-02,13.771666666666665,4317010000000000.0,6.59,46.88,12.55
2021-10-03,9.932083333333331,4336338000000000.0,7.51,55.38,13.49
2021-10-04,20.34,4701420000000000.0,6.9,47.64,14.56
2021-10-05,29.07,5070320000000000.0,8.35,1.46,13.57
2021-10-06,30.373750000000005,5502602000000000.0,8.96,47.55,15.65
2021-10-07,21.18875,6077600000000000.0,11.13,52.31333333333333,20.08
2021-10-08,25.43875,4399818000000000.0,14.63,4.61,27.99
2021-10-09,22.194166666666664,5164390000000000.0,15.72,59.553333333333335,30.2
2021-10-10,27.36958333333333,4714768000000000.0,16.98,62.37,22.92
2021-10-11,33.65708333333333,5194730000000000.0,20.5,0.38,24.04
2021-10-12,39.78416666666666,6298440000000000.0,18.45,77.62,20.31
2021-10-13,12.966666666666669,5444560000000000.0,20.68,71.38499999999999,17.47
2021-10-14,21.97708333333333,5525720000000000.0,17.4,71.53999999999999,16.86
2021-10-15,40.91416666666666,4469114000000000.0,25.08,49.2,17.89
2021-10-16,7.322916666666664,5529900000000000.0,22.09,0.5,14.69
2021-10-17,5.706250000000001,4558926000000000.0,12.32,62.995,9.06
2021-10-18,10.770416666666664,5137980000000000.0,9.87,42.94,7.49
2021-10-19,11.420000000000002,5455574000000000.0,11.6,44.95,9.2
2021-10-20,13.814583333333331,5189760000000000.0,15.33,56.333333333333336,13.92
2021-10-21,11.177083333333336,4462540000000000.0,13.18,65.26333333333334,13.54
2021-10-22,19.754166666666663,8573250000000000.0,15.75,61.65,14.28
2021-10-23,29.197916666666668,4699720000000000.0,18.05,51.78666666666666,12.79
2021-10-24,27.68583333333334,4018862000000000.0,12.1,41.63,9.24
2021-10-25,24.10041666666666,4408960000000000.0,11.85,50.07666666666668,11.86
2021-10-26,25.547083333333333,5937224000000000.0,12.23,54.26666666666667,10.59
2021-10-27,31.136666666666677,4324590000000000.0,17.36,115.94,15.19
2021-10-28,38.38708333333333,5469450000000000.0,24.54,9.3,17.61
2021-10-29,42.13625000000001,5403734000000000.0,26.78,2.1,20.34
2021-10-30,14.98833333333333,5445740000000000.0,28.51,0.3,22.02
2021-10-31,26.640000000000004,4691510000000000.0,28.55,133.09666666666666,20.59
2021-11-01,39.6925,4883410000000000.0,33.41,104.47,17.7
2021-11-02,36.875,4105538000000000.0,27.14,69.71,14.32
2021-11-03,55.173333333333325,4638320000000000.0,29.28,79.04,13.73
2021-11-04,51.39458333333334,4124860000000000.0,22.73,86.14,18.75
2021-11-05,36.63708333333333,5709280000000000.0,21.46,76.03,14.47
2021-11-06,14.0925,5044870000000000.0,19.35,75.41,15.37
2021-11-07,34.605599999999995,4049836000000000.0,29.19,82.47,16.79
2021-11-08,40.02875,5472940000000000.0,29.73,92.94,18.16
2021-11-09,28.55708333333334,4632606000000000.0,34.77,98.6,19.75
2021-11-10,40.45,4378750000000000.0,30.7,97.9,26.06
2021-11-11,59.681666666666665,4860984000000000.0,32.5,108.91,19.61
2021-11-12,75.52833333333334,4400660000000000.0,29.66,111.8,24.06
2021-11-13,39.72791666666666,8663570000000000.0,32.7,119.7,23.4
2021-11-14,46.02208333333332,4132968000000000.0,34.63,121.08,25.1
2021-11-15,36.33583333333333,6787820000000000.0,38.6,115.59,22.99
2021-11-16,43.51375,4612946000000000.0,41.24,117.82,25.16
2021-11-17,39.56666666666667,4989748000000000.0,38.64,113.4,20.59
2021-11-18,20.902916666666663,4946018000000000.0,31.79,106.53,23.36
2021-11-19,23.105,4018842000000000.0,28.52,114.65,19.44
2021-11-20,32.38458333333333,4877314000000000.0,30.27,131.42,27.23
2021-11-21,13.2025,5939130000000000.0,28.45,208.37,23.05
2021-11-22,13.46541666666667,5441670000000000.0,30.41,199.67,21.21
2021-11-23,44.579583333333325,7823588000000000.0,37.07,157.94,24.29
2021-11-24,48.13458333333335,6110320000000000.0,48.28,181.99,26.52
2021-11-25,39.96041666666667,4861606000000000.0,39.62,184.58,25.67
2021-11-26,53.38750000000001,3411230000000000.0,51.35,212.5,30.25
2021-11-27,36.72666666666667,4940322000000000.0,38.33,192.57,28.26
2021-11-28,37.99249999999999,3958190000000000.0,39.39,183.83,22.12
2021-11-29,32.02166666666667,5527170000000000.0,41.61,191.38,30.45
2021-11-30,46.36458333333332,4232168000000000.0,42.71,190.53,29.35
2021-12-01,33.90791666666667,4828306000000000.0,39.3,233.84,25.26
2021-12-02,22.805,5209750000000000.0,30.37,202.66,20.78
2021-12-03,31.28750000000001,5298526000000000.0,26.16,192.69,16.55
2021-12-04,35.171666666666674,4450000000000000.0,36.69,187.56,18.23
2021-12-05,24.527083333333337,5702250000000000.0,30.77,175.67,15.64
2021-12-06,18.385416666666668,4782361800000000.0,25.93,149.61,21.5
2021-12-07,25.0975,5199000000000000.0,24.6,135.45,20.9
2021-12-08,44.47875000000001,6644180000000000.0,39.89,156.37,23.06
2021-12-09,38.54583333333333,5661702000000000.0,44.03,177.17,27.39
2021-12-10,22.00875,5098130000000000.0,41.94,182.75,31.56
2021-12-11,34.70458333333333,5058366000000000.0,35.4,163.79,23.43
2021-12-12,47.431666666666665,5001450000000000.0,40.21,185.95,28.47
2021-12-13,45.76500000000001,5314138000000000.0,42.48,202.25,27.49
2021-12-14,44.961666666666666,4340550000000000.0,44.17,187.27,30.68
2021-12-15,37.76416666666667,5092220000000000.0,38.42,165.64,29.28
2021-12-16,25.844583333333333,4311866000000000.0,37.6,163.54,22.31
2021-12-17,16.99666666666667,3302910000000000.0,22.51,133.59,18.48
2021-12-18,12.184166666666668,4860788000000000.0,24.89,141.28,23.41
2021-12-19,17.11,4821320000000000.0,33.41,151.94,23.66
2021-12-20,38.59166666666666,5127944000000000.0,41.15,198.89,29.93
2021-12-21,33.32708333333334,4565120000000000.0,54.32,203.57,39.06
2021-12-22,50.406666666666666,5181456000000000.0,58.46,224.77,34.53
2021-12-23,67.17458333333333,6814450000000000.0,60.2,174.02,45.23
2021-12-24,35.6975,7433980000000000.0,44.43,128.18,27.83
2021-12-25,27.726666666666663,5827146000000000.0,47.24,117.35,21.53
2021-12-26,23.22583333333333,5334080000000000.0,41.28,136.68,25.36
2021-12-27,33.66791666666666,4900822000000000.0,35.8,119.36,21.51
2021-12-28,15.380416666666669,5279738000000000.0,31.63,93.63,18.29
2021-12-29,24.317916666666672,3907047800000000.0,15.99,80.44,14.81
2021-12-30,27.01291666666666,4605098000000000.0,11.51,81.16,10.07
2021-12-31,31.98833333333334,3847091800000000.0,13.76,77.56,13.73
